"Period","PeriodEN"
"弥生時代後期","Late Yayoi"
"古墳時代","Kofun  "
"弥生時代","Yayoi"
"弥生時代中期中葉","Middle Yayoi [Middle]"
"弥生時代中期初頭","Middle Yayoi [Initial]"
"要確認",NA
"弥生時代Ⅱ末〜Ⅲ初","Yayoi I [Final] o III [Initial]"
"縄文時代晩期～弥生時代前期","Final Jomon - Early Yayoi "
"縄文時代中期","Middle Jomon"
"弥生時代中期","Middle Yayoi"
"弥生時代前期","Early Yayoi"
"縄文時代晩期","Final Jomon "
NA,NA
"縄文時代早期","Initial Jomon "
"縄文時代後期","Late Jomon "
"古墳時代中期","Middle Kofun  "
"弥生時代前期〜中期","Early Yayoi - Middle Yayoi"
"古墳時代中期～後期","Middle Kofun - Late Kofun "
"縄文時代前期","Early Jomon"
"縄文時代","Jomon"
"不明","NA  "
"続縄文時代","Epi-Jomon"
"縄文時代前期～中期","Early Jomon - Middle Jomon"
"古墳時代前期","Early Kofun"
"古代","Classical"
"旧石器時代","Palaeolithic"
"弥生時代前期前葉～中頃","Early Yayoi [Early - Middle ca.] "
"弥生時代早期後半","Initial Yayoi [Second Half] "
"弥生時代前期末","Early Yayoi [Final]"
"弥生時代前期末～中期初","Early Yayoi [Final] - Middle Yayoi [Initial]"
"縄文時代草創期","Incipient Jomon "
"現代","Present"
"弥生時代早期","Initial Yayoi "
"弥生時代前期～中期","Early Yayoi - Middle Yayoi"
"縄文時代晩期末","Final Jomon [Final]"
"縄文時代晩期～弥生時代早期","Final Jomon - Initial Yayoi "
"平安時代～鎌倉時代","Heian - Kamakura"
"縄文時代後期末","Late Jomon [Final]"
"縄文時代後期後半","Late Jomon [Second Half]"
"弥生時代中期後半〜後期","Middle Yayoi [Second Half] to Late Yayoi"
"弥生時代中期後半","Middle Yayoi [Second Half]"
"弥生時代前期初頭","Early Yayoi [Initial]"
"弥生時代前期中頃","Early Yayoi [ca. Middle]"
"弥生時代前期後半","Early Yayoi [Second Half]"
"弥生時代前期後半～末","Early Yayoi [Second Half - Final] "
"弥生時代前期中ごろ","Early Yayoi [ca. Middle]"
"弥生時代早期前半","Initial Yayoi [First Half]"
"オホーツク文化期","Okhotsk Culture Period "
"近世アイヌ","Early Modern Ainu"
"縄文時代後期中頃","Late Jomon [Middle ca.]"
"縄文時代後期前葉","Late Jomon [Early]"
"擦文時代晩期","Final Satsumon "
"擦文時代早期","Initial Satsumon "
"擦文時代中期","Middle Satsumon "
"擦文時代前期～中期","Early Satsumon - Middle Satsumon "
"縄文時代晩期～続縄文時代","Final Jomon - Epi-Jomon"
"擦文時代前期","Early Satsumon "
"弥生時代前半","Yayoi [First Half]"
"中世","Medieval"
"最終氷期","Last Glacial Period"
"後期更新世","Late Pleistocene"
"弥生時代終末","Yayoi [Final]"
"弥生時代終末以前か？","Before Yayoi [Final]?"
"弥生時代終末〜古墳時代","Yayoi [Final] - Kofun"
"弥生時代中期前葉","Middle Yayoi [Early]"
"弥生時代早期？","Initial Yayoi?"
"弥生時代後期～古墳時代","Late Yayoi - Kofun"
"縄文時代晩期前半","Final Jomon [First Half] "
"弥生時代中期～後期","Middle Yayoi to Late Yayoi"
"弥生時代中期？","Middle Yayoi? 
"
"縄文時代晩期中葉","Final Jomon [Middle] "
"縄文時代晩期〜弥生時代","Final Jomon - Yayoi"
"縄文時代早期初頭","Initial Jomon [Initial]"
"弥生時代後期終末","Late Yayoi [Final] "
"弥生時代中期末","Middle Yayoi [Final]"
"弥生時代中期～後期初頭","Middle Yayoi to Late Yayoi [Initial]"
"弥生時代中期〜後期","Middle Yayoi - Late Yayoi"
"弥生時代中期後半〜末","Middle Yayoi [Second Half - Final]"
"古墳時代初頭","Kofun [Initial]"
"弥生時代前期中頃～後半","Early Yayoi [ca. Middle - Second Half] "
"弥生時代後期前葉","Late Yayoi [Early]"
"弥生時代後期初頭","Late Yayoi [Initial]"
"弥生時代後期～古墳時代前期","Late Yayoi - Early Kofun"
"弥生時代後期～古墳時代相当","Late Yayoi - Kofun equivalent"
"弥生時代中期～後期相当期","Middle Yayoi - Late Yayoi equivalent"
"貝塚時代後期","Kaizuka [Late]"
"縄文時代晩期?","Final Jomon? "
"弥生時代後期?","Late Yayoi?"
"弥生時代中期～後期前葉","Middle Yayoi to Late Yayoi [Early]"
"弥生時代〜古墳時代","Yayoi - Kofun"
"奈良時代〜平安時代","Nara - Heian"
"縄文時代後期～晩期","Late Jomon - Final Jomon"
"縄文時代前期初頭","Early Jomon [Initial]"
"弥生時代Ⅰ期中段階","Yahoi I [Middle]"
"縄文時代前期～中期？","Early Jomon - Middle Jomon?"
"縄文時代後期？","Late Jomon?"
"縄文時代後期末～晩期初","Late Jomon [Final] - Final Jomon [Initial]"
"平安時代","Heian"
"縄文時代中期？","Middle Jomon?"
"弥生時代後期？","Late Yayoi?"
"擦文時代後期","Late Satsumon "
"続縄文時代？","Epi-Jomon?"
"縄文時代早期?","Initial Jomon?"
"古墳時代前期前葉","Early Kofun [Early]"
"後期旧石器時代前半","Late Palaeolithic [First Half]"
"縄文時代晩期後葉","Final Jomon [Late] "
"縄文時代後期前葉〜晩期前葉","Late Jomon [Early] - Final Jomon [Early]"
"縄文時代前期中葉から中期前半","Early Jomon [Middle] - Middle Jomon [First Half]"
"後期旧石器時代","Late Palaeolithic"
"弥生時代後期中葉","Late Yayoi [Middle]"
"古墳時代後期","Late Kofun"
"古墳時代前期以前","Before Early Kofun"
"弥生時代後期後半","Late Yaoyi [Second Half]"
"古墳時代中期中葉","Middle Kofun [Middle]"
"古墳時代後期前葉","Late Kofun [Early]"
"古墳時代前期中葉","Early Kofun [Middle]"
"古墳時代中期前葉","Middle Kofun [Early]"
"縄文時代後期〜晩期","Late Jomon - Final Jomon"
"縄文時代前期末葉","Early Jomon [Final]"
"縄文時代中期後葉","Middle Jomon [Late]"
"縄文時代後期初頭","Late Jomon [Initial]"
"古墳時代or中世","Kofun or Medieval"
"中世〜近世","Medieval - Early Modern"
"奈良・平安時代","Nara/Heian"
"縄文時代晩期前半頃","Final Jomon [First Half ca.] "
"近世","Early Modern "
"Ag-KP降下以前","Below Ag-KP Tephra"
"古墳時代末から奈良時代頃","Kofun [Final] - Nara [ca.]"
"縄文時代早期末","Initial Jomon [Final]"
"縄文時代草創期および前期前半","Incipient Jomon and Early Jomon [First Half] "
"As-B降下以前","Before As-B Tephra "
"縄文時代中期〜後期","Middle Jomon - Late Jomon"
"歴史時代","Rekishi"
"中世初期","Medieval [Initial]"
"奈良時代","Nara"
"古墳時代以降","After Kofun"
"As-BP上位","Above As-BP Tephra"
"縄文時代早期以前","Before Initial Jomon "
"縄文時代前期後半","Early Jomon [Second Half]"
"弥生時代終末期","Yayoi [Final]"
"縄文時代前期前半","Early Jomon [First Half]"
"奈良･平安時代","Nara/Heian"
"弥生時代採集末","Yayoi [Final of Gathering] "
"弥生時代後期前半","Late Yayoi [First Half]"
"縄文後、晩期以降〜弥生中期","After Final Jomon - Middle Yayoi "
"As-Kn(約5400年前)上位","Above As-Kn Tephra (approx. 5,400 years ago)"
"As-YP下位","Below As-YP Tephra "
"室町時代初め〜戦国時代","Muromachi [Initial] - Sengoku"
"天明3年埋没","Tenmei 3 buried"
"縄文中期〜後期主体","Middle Jomon - Mainly Late Jomon"
"縄文時代草創期あるいは早期","Incipient Jomon or Initial Jomon"
"飛鳥時代","Asuka"
"縄文時代もしくは10世紀以降","Jomon or after 10th century"
"近世以降","After Early Modern "
"As-BPGroup同位","Same level as As-BP Tephra Group "
"縄文時代前期前葉","Early Jomon [Early]"
"縄文時代前期後葉","Early Jomon [Late] "
"縄文時代中期後半","Middle Jomon [Second Half]"
"中･近世","Medieval/Early Modern "
"平安時代以降","After Heian"
"縄文時代前〜中期","Early Jomon - Middle Jomon"
"中世以降","After Medieval "
"古墳時代前期まで","Up to Early Kofun"
"縄文時代草創期後半","Incipient Jomon [Second Half]"
"縄文時代草創期終末","Incipient Jomon [Final]"
"古墳時代?","Kofun?"
"古墳時代〜中世","Kofun - Medieval"
"古墳時代後期〜奈良時代","Late Kofun - Nara"
"縄文時代前期中葉","Early Jomon [Middle]"
"18世紀後半〜19世紀前半","Late 18th Century - Early 19th Century"
"縄文時代後期から晩期","Late Jomon - Final Jomon"
"縄文時代後期前半","Late Jomon [First Half]"
"古墳時代前期末","Early Kofun [Final]"
"弥生時代後期後葉","Late Yayoi [Late]"
"縄文時代中期後半前葉","Middle Jomon [Early of Second Half]"
"古墳時代中〜後期","Middle Kofun - Late Kofun "
"縄文時代中期　",NA
"弥生時代後期から古墳時代前期","Late Yayoi - Early Kofun"
"縄文時代前期　",NA
"縄文時代晩期前葉","Final Jomon [Early]"
"鎌倉時代","Kamakura"
"縄文時代(中期?)","Jomon [Middle Jomon?]"
"弥生時代末葉頃","Yayoi [ca. Final] "
"弥生時代後期後半〜末葉","Late Yayoi [Second Half - Final]"
"縄文時代後期初頭〜前葉","Late Jomon [Initial - Early]"
"古代〜中近世","Classical - Medieval/Early Modern"
"弥生時代後期末〜古墳時代前期","Late Yayoi [Final] - Early Kofun"
"縄文時代中期末葉〜後期初頭","Middle Jomon [Final] - Late Jomon [Initial]"
"縄文時代中期中葉〜後葉","Middle Jomon [Middle - Late]"
"縄文時代中期中葉","Middle Jomon [Middle]"
"弥生時代後期末","Late Yayoi [Final]"
"弥生時代後期末から古墳時代初頭","Late Yayoi [Final] - Kofun [Initial]"
"縄文時代前期関山式期","Early Jomon [Sekiyama-shiki period]"
"古墳時代〜奈良･平安時代","Kofun - Nara/Heian"
"古墳時代前期から奈良･平安時代","Early Kofun - Nara/Heian"
"江戸時代後期〜明治期","Late Edo - Meiji "
"近代","Modern "
"縄文時代早期中葉〜後葉前半","Initial Jomon [Middle] - Late Jomon [First Half]"
"縄文時代早期後葉","Initial Jomon [Late]"
"縄文時代前期前半〜中葉","Early Jomon [First Half - Middle]"
"平安時代を含む","Including Heian"
"古墳時代前期〜平安時代","Early Kofun - Heian"
"縄文時代後期後葉","Late Jomon [Late]"
"縄文時代後期中葉","Late Jomon [Middle]"
"平安時代後半","Heian [Second Half]"
"古墳時代前半","Kofun [First Half]"
"古墳時代から古代","Kofun - Classical "
"縄文時代後期後葉から晩期初頭","Late Jomon [Late?]"
"弥生時代末以降古墳時代後期までの間","Yayoi [Final] - Late Kofun"
"縄文時代中期初頭","Middle Jomon [Initial]"
"縄文時代後期末葉","Late Jomon [Final]"
"縄文中期後葉","Middle Jomon [Late]"
"古墳時代中期〜後期","Middle Kofun - Late Kofun "
"縄文時代早期後半から前期中葉","Initial Jomon [Second Half] - Early Jomon [Middle]"
"縄文時代前期初頭〜中葉","Early Jomon [Initial - Middle]"
"古墳時代以前","Before Kofun"
"奈良時代以降","After Nara"
"土師時代","Haji"
"土師時代前期","Haji [Early]"
"縄文時代前期後葉〜中期初頭","Early Jomon [Late] - Middle Jomon [Initial]"
"縄文時代後期〜晩期前葉","Late Jomon - Final Jomon [Early]"
"縄文時代中期末〜晩期初頭","Middle Jomon [Final] - Final Jomon [Initial]"
"古墳時代後期か縄文時代後期","Late Kofun or Late Jomon"
"古墳時代前期初頭","Early Kofun [Initial]"
"弥生時代中期後葉末","Middle Yayoi [Final of Late] "
"縄文時代前期前半〜後期中葉","Early Jomon [First Half] - Late Jomon [Middle]"
"江戸時代以前","Before Edo"
"縄文時代堀之内期","Jomon [Horinouchi period]"
"旧石器時代〜縄文時代草創期","Palaeolithic - Incipient Jomon"
"縄文時代早期後半","Initial Jomon [Second Half]"
"縄文時代中期中頃から後期前半","Middle Jomon [Middle ca.] - Late Jomon [First Half]"
"縄文時代中期初頭〜中期中葉","Middle Jomon [Initial - Middle]"
"縄文時代中期初頭〜中期後葉","Middle Jomon [Initial - Late]"
"縄文時代中期前葉〜中期後葉","Middle Jomon [Early - Late]"
"弥生時代後期〜古墳時代","Late Yayoi - Kofun"
"縄文時代前期〜中期?","Early Jomon - Middle Jomon?"
"縄文時代後期?","Late Jomon?"
"縄文時代後期〜晩期?","Late Jomon - Final Jomon?"
"縄文時代後期晩期","Late Jomon [Final]"
"古墳時代後期〜平安時代","Late Kofun - Heian"
"古代?","Classical?"
"縄文時代晩期〜古墳時代後期","Final Jomon - Late Kofun"
"古墳時代後期〜近世","Late Kofun - Early Modern"
"奈良時代･平安時代","Nara/Heian"
"古代〜近世","Classical - Early Modern"
"中世末","Medieval [Final] "
"平安時代末","Heian [Final]"
"弥生時代末","Yayoi [Final]"
"弥生時代中期後半〜後期前半","Middle Yayoi [Second Half] to Late Yayoi [First Half]"
"縄文時代後期後葉〜晩期前葉","Late Jomon [Late] - Final Jomon [Early]"
"縄文時代後期前葉〜中葉","Late Jomon [Early - Middle]"
"弥生時代中期前半〜後期前半","Middle Yayoi [First Half] to Late Yayoi [First Half]"
"縄文時代晩期後葉〜弥生時代中期前半","Final Jomon [Late] - Middle Yayoi [First Half]"
"近世〜近現代","Early Modern - Modern/Present"
"古代末期〜中世","Classical [Final] - Medieval "
"縄文時代晩期〜古墳時代前期","Final Jomon - Early Kofun"
"古墳時代〜古代","Kofun - Classical"
"縄文時代早期後半頃","Initial Jomon [Second Half ca.]"
"弥生時代末期〜古墳時代初頭","Yayoi [Final] - Kofun [Initial]"
"縄文時代中期および後期","Middle Jomon or Late Jomon"
"中近世","Medieval/Early Modern "
"弥生時代以降","After Yayoi"
"弥生時代後期終末〜古墳時代前半","Late Yayoi [Final] - Kofun [First Half]"
"古墳〜奈良･平安時代","Kofun - Nara/Heian"
"縄文時代以降","After Jomon"
"近世?","Early Modern? "
"江戸時代","Edo "
"縄文時代中期頃?","Middle Jomon [ca.]?"
"縄文時代早期頃","Initial Jomon [ca.]"
"縄文時代草創期後葉?","Incipient Jomon [Late]?"
"縄文時代中期前半","Middle Jomon [First Half]"
"縄文時代晩期〜弥生時代初頭","Final Jomon - Initial Yayoi"
"縄文時代後期初頭から中葉","Late Jomon [Initial - Middle]"
"中世末〜江戸初期","Medieval [Final] - Edo [Initial]"
"富士黒土層(10,000年前以降)","Fuji Kurotsuchi Layer (After 10,000 years ago) "
"古墳時代後期以降","After Late Kofun"
"弥生時代後期〜古墳時代前期","Late Yaoyi - Early Kofun"
"弥生時代末から古墳時代初頭頃","Yayoi [Final] - Kofun [Initial ca.]"
"縄文時代晩期初頭","Final Jomon [Initial]"
"弥生時代中期後葉","Middle Yayoi [Late]"
"縄文時代前期末葉?","Early Jomon [Final]?"
"縄文時代〜古墳時代前期","Jomon - Early Kofun"
"縄文時代中期以降","Before Middle Jomon"
"弥生時代末〜古墳時代前期","Yayoi [Final] - Early Kofun"
"縄文時代後期以降","After Late Jomon"
"縄文時代前期〜中期","Early Jomon - Middle Jomon"
"近世or近代","Early Modern or Modern"
"縄文時代早期〜前期","Initial Jomon - Early Jomon"
"縄文時代中〜晩期","Middle Jomon - Jomon [Final]"
"近世･近代","Early Modern/Modern"
"縄文時代中期末葉","Middle Jomon [Final]"
"近世以前","Before Early Modern "
"縄文時代中期末","Middle Jomon [Final]"
"縄文時代晩期終末","Final Jomon [Final]"
"室町時代?","Muromachi?"
"弥生時代以前","Before Yayoi"
"縄文時代早期前半","Initial Jomon [First Half]"
"平安時代末〜沖積","Heian [Final] (Alluvial)"
"古墳時代後期頃","Late Kofun [ca.]"
"弥生時代中期後半〜後期初頭","Middle Yayoi [Second Half] to Late Yayoi [Initial]"
"縄文時代前期以前","Before Early Jomon  "
"AT以降","Above AT Tephra"
"古墳〜平安","Kofun - Heian"
"縄文時代草創期〜早期?","Incipient Jomon - Initial Jomon?"
"弥生時代後期〜古墳時代初頭","Late Yayoi - Kofun [Initial]"
"弥生時代〜古墳時代前期","Yayoi - Early Kofun"
"縄文時代早期以降","After Initial Jomon "
"縄文時代初頭","Initial Jomon"
"奈良･平安時代〜中世","Nara/Heian - Medieval"
"後期旧石器時代後半〜縄文時代早期","Late Palaeolithic [Second Half] - Initial Jomon"
"後期旧石器時代後半","Late Palaeolithic [Second Half] "
"縄文時代早期〜後期","Initial Jomon - Late Jomon"
"縄文時代晩期終末〜弥生時代中期初頭","Final Jomon [Final] - Middle Yayoi [Initial]"
"弥生時代後期〜古墳時代前期頃","Late Yayoi - Early Kofun [ca.]"
"弥生時代後期頃","Late Yayoi [ca.]"
"縄文時代後期初頭の貝層にきられる","Cut by Late Jomon [Initial] shell deposit"
"縄文時代前期中頃","Early Jomon [Middle ca.]"
"古代以降","After Classical"
"古墳時代後半〜古代","Kofun [Second Half] - Classical"
"中世　天正期","Medieval (Tensho)"
"古墳時代後期〜奈良･平安時代","Late Kofun - Nara/Heian"
"AT下位","Below AT Tephra "
"弥生時代後半期","Yayoi [Second Half] "
"縄文時代中期初頭頃","Middle Jomon [Initial ca.]"
"縄文時代早期末葉","Initial Jomon [Final]"
"縄文時代中期末〜後期初頭","Middle Jomon [Final] - Late Jomon [Initial]"
"弥生時代終末〜古墳時代初頭","Yayoi [Final] - Kofun [Initial]"
"縄文時代晩期以前","Before Final Jomon"
"古墳時代前期〜中期","Early Kofun - Middle Kofun"
"弥生時代前期後葉","Early Yaoi [Late] "
"国分期","Kokubu "
"真間期","Mama "
"中世〜戦国時代","Medieval - Sengoku"
"縄文時代末期〜弥生時代初期","Final Jomon - Initial Yayoi"
"奈良時代後半","Nara [Second Half]"
"土師器出土","Haji pottery unearthed "
"縄文時代中期中葉〜後葉頃","Middle Jomon [Middle - Late ca.]"
"縄文時代後期後葉〜晩期初頭","Late Jomon [Late] - Final Jomon [Initial]"
"縄文時代前期中葉〜末葉","Early Jomon [Middle - Final]"
"縄文時代晩期中葉頃?","Final Jomon [Middle ca.] "
"近現代","Modern/Present"
"縄文時代前期後半〜中世まで存在","Early Jomon [Second Half] - Medieval"
"中世〜近世?","Medieval - Early Modern?"
"縄文時代中期後半〜末","Middle Jomon [Second Half - Final]"
"弥生時代中期頃","Middle Yayoi [ca.]"
"縄文時代晩期か平安時代","Final Jomon or Heian"
"不明(弥生後期?)","NA (after Late Yayoi?) "
"江戸時代後期","Late Edo"
"縄文時代後期前葉かそれ以降","Late Jomon [Early] or later "
"弥生時代前期かそれ以降","Early Yayoi or After"
"縄文時代早期中葉","Initial Jomon [Middle]"
"縄文時代後期末〜弥生時代","Late Jomon [Final] - Yayoi"
"縄文時代前期初頭?","Early Jomon [Initial]?"
"奈良時代後半〜平安時代初頭","Nara [Second Half] - Heian [Initial]"
"縄文時代後期頃","Late Jomon [ca.]"
"縄文時代中期後葉以降","After Middle Jomon [Late]"
"縄文時代中期後葉〜末葉","Middle Jomon [Late - Final]"
"To-a火山灰","To-a Tephra "
"縄文時代?","Jomon?"
"10世紀前半より前","Before Early 10th Century"
"10世紀前葉以前","Before Early 10th Century"
"9世紀後半","Late 9th Century"
"白頭山火山灰降下直前に廃絶","Immidiately before Paektu-Zan Tephra "
"10世紀初頭以前","Before Initial 10th Century "
"白頭山火山灰降下以前に廃絶","Before Paektu-Zan Tephra "
"縄文時代中期中葉〜後期前葉","Middle Jomon [Middle] - Late Jomon [Early]"
"縄文時代中期末葉〜後期","Middle Jomon [Final] - Late Jomon"
"縄文時代中期末葉以降","After Middle Jomon [Final]"
"縄文時代中期前葉〜中葉","Middle Jomon [Early - Middle]"
"縄文時代中期中葉〜末葉","Middle Jomon [Middle - Final]"
"To-a火山灰降下以前","Below To-a Tephra"
"縄文時代中期前葉","Middle Jomon [Early]"
"縄文時代中期初頭から中葉","Middle Jomon [Initial - Middle]"
"縄文時代前期中葉〜中期初頭","Early Jomon [Middle] - Middle Jomon [Initial]"
"縄文時代中期中葉以降?","After Middle Jomon [Middle]? "
"縄文時代中期中葉?","Middle Jomon [Middle]? "
"縄文時代中期中葉以前","Before Middle Jomon [Middle]"
"縄文時代前期末〜中期中葉","Early Jomon [Final] - Middle Jomon [Middle]"
"縄文時代前期末","Early Jomon [Final]"
"縄文時代前期末葉以前","Before Early Jomon [Final]"
"To-a火山灰(950年前後)に覆われる","Below To-a Tephra"
"中世頃","Medieval [ca.]"
"縄文時代前期末〜中期初頭","Early Jomon [Final] - Middle Jomon [Initial]"
"縄文時代前期末葉〜後期初頭","Early Jomon [Final] - Late Jomon [Initial]"
"縄文時代前期末葉〜中期初頭","Early Jomon [Final] - Middle Jomon [Initial]"
"縄文時代中期末葉〜後期前半より新しい","Newer than Middle Jomon [Final] -  Late Jomon [Early]"
"縄文時代中期末葉〜後期前葉以前","Before Middle Jomon [Final] - Late Jomon [Early] "
"中世(縄文時代晩期以降)","Medieval (after Final Jomon)"
"中世(14〜15世紀)","Medieval (14th to 15th Century)"
"続縄文","Epi-Jomon"
"新寛永以降","After Shinkanei"
"古寛永以降","After Kokanei"
"戦国時代","Sengoku   "
"平安時代〜中世","Heian - Medieval"
"縄文時代〜弥生時代","Jomon - Yayoi"
"縄文時代晩期後葉〜弥生時代前期","Final Jomon [Late] - Early Yayoi"
"縄文時代晩期中葉〜後葉","Final Jomon [Middle - Late] "
"縄文時代晩期前葉〜中葉","Final Jomon [Early - Middle]"
"縄文時代前期後葉以降","After Early Jomon [Late] "
"縄文時代前期後葉〜末葉","Early Jomon [Late - Final] "
"縄文時代中期後葉〜後期前葉","Middle Jomon [Late] - Late Jomon [Early]"
"縄文時代晩期後半","Final Jomon [Second Half] "
"縄文時代後期〜晩期初頭","Late Jomon - Final Jomon [Initial]"
"縄文時代前期中葉以前","Before Early Jomon [Middle]"
"縄文時代中期中葉〜晩期初頭","Middle Jomon [Middle] - Final Jomon [Initial]"
"B-Tm･To-a自然堆積","B-Tm Tephra To-a Tephra Natural Sedimentation "
"南部浮石混入","Mixture of Nambu Fuseki"
"縄文時代晩期末葉","Final Jomon [Final]"
"縄文時代中期末葉頃","Middle Jomon [Final ca.]"
"To-a","To-a Tephra"
"古代から中世","Classical - Early Modern"
"縄文時代後期後半〜晩期前葉","Late Jomon [Second Half] - Final Jomon [Early]"
"白頭山火山灰降下後","After Paektu-Zan Tephra "
"To-a火山灰降下以後","Above To-a Tephra"
"縄文時代晩期以降","After Final Jomon"
"古代〜中世","Classical - Medieval"
"平安時代以後","After Heian"
"縄文時代中期後葉以前","Before Middle Jomon [Late]"
"十和田a火山灰降下以前","Before Towada a Tephra "
"白頭山火山灰降下以降","After Paektu-Zan Tephra "
"鎌倉時代以降","After Kamakura"
"縄文時代後期前様","Late Jomon [Early]"
"B-Tm降下前","Below B-Tm Tephra"
"明治時代以前","Before Meiji"
"To-a火山灰又はB-Tm火山灰層上面","To-a Tephra or above B-Tm Tephra"
"江戸時代以降","After Edo"
"南部浮石層","Nambu Fuseki Layer"
"縄文時代中期後半〜後期初頭","Middle Jomon [Second Half] - Late Jomon [Initial]"
"江戸時代〜明治時代","Edo-Meiji"
"縄文時代前期末頃","Early Jomon [Final ca.]"
"八戸火山灰","Hachinohe Tephra "
"縄文時代前期末〜中期末","Early Jomon [Final] - Middle Jomon [Final]"
"中世後期","Medieval [Late]"
"平安時代後期","Heian [Late] "
"縄文時代中期末葉以前","Before Middle Jomon [Final]"
"縄文時代中期後半〜末葉","Middle Jomon [Second Half - Final]"
"縄文時代中期後葉〜後期初頭","Middle Jomon [Late] - Late Jomon [Initial]"
"平安時代中期","Heian [Middle]"
"縄文時代晩期前〜中葉","Final Jomon [Early]"
"縄文時代後期〜晩期にはすでに埋没","Already buried Late Jomon - Final Jomon "
"平安〜中世","Heian - Medieval"
"近現代以降","After Modern/Present "
"縄文時代晩期初頭〜前様","Final Jomon [Initial - Early]"
"縄文時代晩期前葉〜中期","Final Jomon [Early - Middle]"
"B-tmテフラ","B-Tm Tephra"
"中世？","Medieval?"
"縄文時代早期中葉〜後葉","Initial Jomon [Middle - Late]"
"縄文時代早期前葉〜中葉","Initial Jomon [Early - Middle]"
"縄文時代晩期中〜後葉","Final Jomon [Middle - Late]"
"縄文時代後期前葉〜後葉","Late Jomon [Early - Late]"
"中世初頭","Medieval [Initial]"
"八戸火山灰直下の砂丘堆積層下","Under [      ] immediately before Hachinohe Tephra "
"古墳時代中葉","Kofun [Middle]"
"中世?平安時代?","Medieval?/Heian"
"縄文時代後期〜前期","Late Jomon - Early Jomon"
"縄文時代晩期〜弥生時代前期","Final Jomon - Early Yayoi"
"縄文時代後期初頭〜前様","Late Jomon [Initial - Early]"
"縄文時代中期末〜後期前葉","Middle Jomon [Final] - Late Jomon [Early]"
"中世末期〜近世初頭","Medieval [Final] - Early Modern [Initial]"
"中世後半","Medieval [Second Half]"
"近世前半","Early Modern [First Half]"
"古代末〜中世頃","Classical [Final] -  Medieval [ca.] "
"弥生時代初頭","Yayoi [Initial]"
"近世〜近代","Early Modern - Modern"
"縄文時代晩期頃〜弥生時代","Final Jomon [ca.] - Yayoi"
"縄文時代後期中葉〜後葉","Late Jomon [Middle - Late]"
"中世末頃","Medieval [ca. Final] "
"縄文時代早期末〜前期初頭","Initial Jomon [Final] - Early Jomon [Initial]"
"縄文時代早期末〜前期最初期","Initial Jomon [Final] - Early Jomon [Initial]"
"縄文時代中期後〜末葉","Middle Jomon [Late - Final]"
"弥生時代前期〜古代","Early Yayoi - Classical"
"縄文時代前期後〜末葉","Early Jomon [Late - Final]"
"縄文時代晩期中葉以降","After Final Jomon [Middle] "
"近世〜明治","Early Modern - Meiji"
"平安時代or中近世","Heian or Medieval/Early Modern"
"縄文時代中期前〜中葉","Middle Jomon [Early - Middle]"
"縄文時代早期末〜前期前葉","Initial Jomon [Final] - Early Jomon [Early]"
"To-cu火山灰下層","Below To-Cu Tephra "
"縄文時代後期後半?","Late Jomon [Second Half]?"
"縄文時代中期中葉以降","After Middle Jomon [Middle]"
"古代〜江戸時代頃","Classical - Edo [ca.]"
"江戸時代?古代?","Edo? Classical?"
"奈良〜平安時代","Nara - Heian"
"奈良時代〜平安時代(初頭)","Nara - Heian [Initial]"
"縄文時代晩期末〜弥生時代前期","Final Jomon [Final] - Early Yayoi"
"古代末〜中世","Classical [Final] - Medieval"
"弥生時代?","Yayoi?"
"縄文時代晩期後葉〜弥生時代中期","Final Jomon [Late] - Middle Yayoi"
"平安時代〜近世","Heian - Early Modern"
"弥生時代初期","Yayoi [Initial]"
"縄文時代晩期末葉〜弥生時代初期","Final Jomon [Final] - Initial Yayoi"
"縄文時代前期初頭以後","After Early Jomon [Initial]"
"縄文時代前期〜後期","Early Jomon - Late Jomon"
"縄文時代後期前様以後","After Late Jomon [Early]"
"平安時代前期","Heian [Early]"
"縄文時代中期以後","After Middle Jomon"
"中世末期〜近世","Medieval [Final] - Early Modern"
"弥生時代中期前半頃","Middle Yayoi [ca.First Half]"
"弥生時代中期前半","Middle Yayoi [First Half]"
"To-Cu火山灰","To-Cu Tephra"
"縄文時代中期末から晩期初頭","Middle Jomon [Final] - Final Jomon [Initial]"
"後期旧石器時代初頭〜末期","Late Palaeolithic [Initial - Final]"
"鎌倉時代Ⅲa〜Ⅳ期","Kamakura IIIa - IV"
"古代もしくは12世紀","Classical or 12th Century"
"縄文時代前期前葉〜中葉","Early Jomon [Early - Middle]"
"To-b火山灰","To-b Tephra"
"縄文時代後期中葉〜晩期初頭","Late Jomon [Middle] - Final Jomon [Initial]"
"中世後半〜近世","Medieval [Second Half] - Early Modern"
"縄文時代遺物包含層","Jomon"
"縄文時代前期中葉〜後葉","Early Jomon [Middle - Late]"
"縄文時代前期前半頃","Early Jomon [First Half ca.]"
"To-Of火山灰","To-Of Tephra "
"縄文時代前期初頭〜前葉","Early Jomon [Initial - Early]"
"縄文時代晩期初頭〜前葉","Final Jomon [Initial - Early]"
"縄文時代後期後葉〜末葉","Late Jomon [Late - Final]"
"縄文時代前期末〜中期前葉","Early Jomon [Final] - Middle Jomon [Early]"
"平安時代前期以降","Heian [After Early]"
"後期旧石器時代末〜縄文時代","Late Palaeolithic [Final] - Jomon"
"縄文時代中期以前","Before Middle Jomon  "
"縄文時代中期末葉〜後期前葉","Middle Jomon [Final] - Late Jomon [Early]"
"奈良時代または平安時代","Nara or Heian"
"古代〜中世初頭","Classical - Medieval [Initial]"
"縄文時代後期中葉〜晩期後半","Late Jomon [Middle] - Final Jomon [Second Half]"
"古墳時代前期〜終末期","Early Kofun - Kofun [Final]"
"平安時代前後","Heian [ca.]"
"古墳時代後期後葉","Late Kofun [Late]"
"中世前半中頃(鎌倉時代中頃)","Medieval [ca.Middle of First Half] (Kamakura [Middle ca.])"
"平安時代中葉","Heian [Middle] "
"平安時代初頭","Heian [Initial]"
"To-a火山灰より上層","Above To-a Tephra"
"To-a火山灰より下層","Below To-a Tephra"
"古墳時代後期後半以降奈良時代以前","Late Kofun [After Second Half] -Before Nara"
"古墳時代後期中葉","Late Kofun [Middle]"
"古墳時代後期末葉","Late Kofun [Final]"
"古墳時代前期後半","Early Kofun [Second Half]"
"古墳時代〜平安時代","kofun - Heian"
"奈良時代末期〜平安時代初期以降","Nara [Final] - Heian [after Initial] "
"縄文時代早期末〜前期","Initial Jomon [Final] - Early Jomon"
"明治時代","Meiji "
"縄文時代後期初頭〜前葉前半","Late Jomon [Initial - First Half of Early]"
"弥生時代中期中葉以前縄文時代晩期以降","After Final Jomon before Middle Yayoi [Middle] "
"縄文時代後期ないし晩期","Late Jomon or Final Jomon"
"慶長15年(1610年頃)","Keicho 15 (1610 ca.)"
"10世紀後半以降","After Late 10th Century"
"奈良時代中頃","Nara [ca. Middle]"
"縄文時代早期前葉","Initial Jomon [Early]"
"ATより上位","Above AT Tephra "
"縄文時代晩期前葉〜末葉","Final Jomon [Early - Final]"
"奈良時代末〜平安時代前半頃","Nara [Final] - Heian [ca.First Half ] "
"中世前期","Medieval [Early]"
"To-a火山灰以降","Above To-a Tephra"
"弥生時代〜古代","Yayoi - Classical"
"平安時代以前","Before Heian"
"平安時代?","Heian?"
"奈良時代中葉頃","Nara [ca. Middle]"
"中世後期〜近世初頭","Medieval [Late] - Early Modern [Initial]"
"縄文時代後期後葉以降","After Late Jomon [Late]"
"縄文時代中期前半以降","After Middle Jomon [First Half]"
"縄文時代後期末頃","Late Jomon [Final ca.]"
"縄文時代後期末〜晩期初頭","Late Jomon [Final] - Final Jomon [Initial]"
"縄文時代後期初頭〜晩期前葉","Late Jomon [Initial] - Final Jomon [Early]"
"縄文時代前期上限","Upper limit of Early Jomon "
"平安時代中頃","Heian [Middle] "
"奈良時代末〜平安時代前期","Nara [Final] - Heian [Early] "
"平安時代前半","Heian [First Half]"
"縄文時代中期末？","Middle Jomon [Final]?"
"中世?","Medieval?"
"縄文･中世","Jomon/Medieval "
"縄文時代中期末葉･後期後葉〜晩期前葉","Middle Jomon [Final]/Late Jomon [Late] - Final Jomon [Early]"
"縄文時代中期末〜晩期前半","Middle Jomon [Final] - Final Jomon [First Half]"
"縄文時代後期初頭?","Late Jomon [Initial]?"
"南北朝･室町時代以降","After Nambokucho/Muromachi "
"鎌倉時代〜室町時代","Kamakura - Muromachi"
"12世紀〜近現代","12th Century - Modern/Present"
"奈良時代後半〜平安時代前半","Nara [Second Half] - Heian [First Half]"
"To-a火山灰以前","Below To-a Tephra"
"後期旧石器時代前半期","Late Palaeolithic [First Half]"
"縄文時代中期〜晩期","Middle Jomon - Jomon [Final]"
"縄文時代前期末葉〜中期前葉","Early Jomon [Final] - Middle Jomon [Early]"
"縄文時代中期前葉以降","After Middle Jomon [Early]"
"縄文時代早期後半〜前期前半","Initial Jomon [Second Half] - Early Jomon [Initial]"
"平安時代末〜中世","Heian [Final] to Medieval"
"縄文時代前期中頃〜中期以前","Early Jomon [Middle ca.] - Before Middle Jomon"
"古代以前","Before Classical"
"鎌倉時代後半","Kamakura [Second Half]"
"室町時代","Muromachi"
"平安時代半ば","Heian [Middle]"
"大正時代","Taisho"
"平安時代末葉","Heian [Final]"
"縄文時代後期末以前","Before Late Jomon [Final]"
"古墳時代中期〜7世紀頃","Middle Kofun - 7th Century [ca.]"
"古墳時代前期頃","Early Kofun [ca.]"
"奈良･平安時代または中世","Nara/Heian or Medieval "
"縄文時代早期〜前期初頭","Initial Jomon - Early Jomon [Initial]"
"肘折浮石層中","In Hijiori Fuseki Layer "
"奈良時代末〜平安時代はじめ","Nara [Final] - Heian [Initial] "
"To-a上層","Above To-a Tephra"
"縄文時代前期or晩期","Early Jomon or Final Jomon"
"縄文時代中期or晩期","Middle Jomon or Jomon [Final]"
"古墳時代初頭〜前期","Kofun [Initial] - Early Kofun"
"古墳時代前期末〜中期中葉","Early Kofun [Final] - Middle Kofun [Middle]"
" 古墳時代",NA
"古墳〜奈良時代","Kofun - Nara "
"中世以前","Before Medieval"
"縄文時代晩期後葉〜末葉","Final Jomon [Late - Final] "
"弥生時代前期後葉〜中期前葉","Early Yayoi [Late] - Middle Yayoi [Early]"
"縄文時代早期末葉〜前期","Initial Jomon [Final] - Early Jomon"
"更新世?","Pleistocene?"
"縄文時代早期初頭頃","Initial Jomon [Initial ca.]"
"古墳時代中期後半〜後期前半ごろ","Middle Kofun [Second Half] - Late Kofun [ca. First Half]"
"縄文時代晩期最終末期","Final Jomon [Final]  "
"中世〜近世初頭","Medieval - Early Modern [Initial]"
"弥生時代末〜古墳時代","Yayoi [Final] - Kofun"
"縄文時代中期末〜後期","Middle Jomon [Final] - Late Jomon"
"中世以降近世","Medieval - Early Modern"
"中世末〜近世初期","Medieval [Final] - Early Modern [Initial]"
"縄文時代早期後半〜前期初頭","Initial Jomon [Second Half] - Early Jomon [First Half]"
"近代以前","Before Modern "
"平安時代初期","Heian [Initial]"
"平安時代〜鎌倉時代","Heian - Kamakura"
"平安時代末〜鎌倉時代","Heian [Final] to Kamakura"
"縄文〜古代","Jomon - Classical"
"縄文時代早期後葉〜末葉","Initial Jomon [Late - Final]"
"縄文時代後期最終末","Late Jomon [Very Final]"
"縄文時代早期中葉〜前期","Initial Jomon [Middle] - Early Jomon"
"縄文時代早期･前期","Initial Jomon/Early Jomon"
"縄文時代早期後葉〜前期初頭","Initial Jomon [Late] - Early Jomon [Initial]"
"中世･近世","Medieval - Early Modern"
"中世前半以降","Medieval [After the First Half ] "
"平安時代初頭〜前半","Heian [Initial - First Half]"
"近世初頭","Early Modern [Initial]"
"古墳時代あるいは古代","Kofun or Classical"
"古代末〜中世初頭","Classical [Final] - Medieval [Initial]"
"弥生時代終末期〜古墳時代前期","Yayoi [Final] - Early Kofun"
"縄文時代晩期末以降","After Final Jomon [Final]"
"奈良時代初頭","Nara [Initial]"
"古墳時代後期まで","Up to Late Kofun "
"縄文時代後晩期","Late Jomon - Final Jomon"
"縄文時代晩期後半?","Final Jomon [Second Half]?"
"縄文時代後晩期?","Late Jomon - Final Jomon?"
"縄文時代草創期or後晩期","Incipient Jomon - Late/Final Jomon"
"弥生時代中期後葉〜後期","Middle Yayoi [Late] - Late Yayoi"
"弥生時代前期〜中期初頭","Early Yayoi - Middle Yayoi [Initial]"
"縄文時代晩期〜弥生時代中期","Final Jomon - Middle Yaoi"
"縄文時代早期終末","Initial Jomon [Final]"
"室町時代〜戦国時代","Muromachi - Sengoku"
"縄文時代晩期中葉前半","Final Jomon [First Half of Middle] "
"縄文時代晩期中葉末〜後葉","Final Jomon [Final of Middle - Late] "
"古代あるいは中世","Classical or Early Modern"
"古墳時代早･前期","Kofun [Initial] - Early Kofun "
"奈良時代末〜平安時代初頭","Nara [Final] - Heian [Initial] "
"弥生時代後期末〜古墳時代","Late Yayoi [Final] - Kofun"
"縄文時代前期前葉〜中期初頭","Early Jomon [Early] - Middle Jomon [Initial]"
"古墳時代〜飛鳥時代","Kofun - Asuka"
"縄文時代後期･晩期","Late Jomon - Final Jomon"
"古墳時代前期以降","After Early Kofun"
"縄文時代晩期前葉後半〜中葉前半","Final Jomon [Second Half of Early - First Half of Middle]"
"古代･中世","Classical/Early Modern"
"縄文時代晩期前葉後半","Final Jomon [Second Half of Early]"
"縄文時代晩期前葉前半〜後半","Final Jomon [First Half of Early - Second Half]"
"奈良･平安時代以降","After Nara/Heian"
"室町時代後期〜桃山時代","Muromachi [Late] - Azuchi-Momoyama"
"縄文時代中期前葉前半","Middle Jomon [First Half of Early]"
"縄文時代後期末葉〜晩期初頭","Late Jomon [Final] - Final Jomon [Initial]"
"縄文時代後期末葉以前","Before Late Jomon [Final]"
"古墳時代中期後半","Middle Kofun [Second Half]"
"古墳時代中期頃","Middle Kofun [ca.] "
"弥生時代後期〜平安時代","Late Yayoi - Heian"
"弥生･古墳時代〜古代","Yayoi/Kofun - Classical"
"古墳時代あるいは中〜近世","Kofun or Medieval - Early Modern"
"縄文時代晩期後〜末葉","Final Jomon [Late - Final]"
"中世前半","Medieval [First Half ]"
"縄文時代後期後半初め","Late Jomon [Initial of Second Half]"
"古代または中世","Classical or Early Modern"
"縄文時代前期以降","After Early Jomon"
"中世後期〜近代","Medieval [Late] - Early Modern"
"白鳳時代","Hakuho "
"奈良時代前半","Nara [First Half]"
"弥生時代後期初頭および終末期","Late Yayoi [Initial and Final] "
"縄文時代晩期〜弥生時代後期","Final Jomon - Late Yayoi "
"縄文時代前期後半〜後期前半","Early Jomon [Second Half] - Late Jomon [First Half]"
"古墳時代前期〜古代･中世","Early Kofun - Classical/Medieval"
"弥生時代頃?","Yayoi [ca.]? "
"縄文時代晩期末〜弥生時代中期初め","Final Jomon [Final] - Middle Yayoi [Initial]"
"奈良時代後期〜平安時代初期","Nara [Late] - Heian [Initial]"
"古代(飛鳥〜奈良)","Classical (Asuka-Nara)"
"縄文時代〜中世","Jomon - Medieval "
"縄文時代前期後半〜末","Early Jomon [Second Half - Final]"
"縄文時代早期末〜中期後葉","Initial Jomon [Final] - Middle Jomon [Final]"
"弥生時代中期〜後期後半","Middle Yayoi - Late Yayoi [Second Half]"
"縄文時代後期終末","Late Jomon [Final]"
"奈良時代後期〜平安時代前期","Nara [Late] - Heian [Early]"
"弥生時代〜中世","Yayoi - Medieval"
"弥生時代後期〜終末期","Late Yayoi - Yayoi [Final] "
"平安時代末頃","Heian [ca. Final] "
"縄文時代中期 初頭","Middle Jomon [Initial]"
"縄文時代中期前葉末","Middle Jomon [Final of Early]"
"弥生時代後期〜古墳時代初め","Late Yayoi - Kofun [Initial]"
"古墳時代初頭〜前期前半","Kofun [Initial] - Early Kofun [First Half]"
"弥生時代or中世","Yayoi or Medieval"
"弥生時代、古代、近世","Yayoi, Classical, Early Modern"
"縄文時代晩期終末〜弥生時代中期頃","Final Jomon [Final] - Middle Yayoi [ca.]"
"弥生時代後期後半〜終末期","Late Yayoi [Second Half - Final]"
"縄文時代前期初頭以前","Before Early Jomon [Initial]"
"弥生時代後期後半〜終末期以降","Late Yayoi [Second Half - after Final]"
"弥生時代中期〜古墳時代初頭","Middle Yayoi - Kofun [Initial]"
"奈良時代末〜平安時代","Nara [Final] - Heian "
"古墳時代末〜平安時代","Kofun [Final] - Heian"
"弥生時代終末期以前","Before Yayoi [Final]"
"弥生時代終末期〜古墳時代","Yayoi [Final] - Kofun"
"古墳時代前期〜後期","Early Kofun - Late Kofun"
"縄文時代中期 ",NA
"古墳時代または中世","Kofun or Medieval "
"弥生時代後期末後葉","Late Yayoi [Late of Final]"
"縄文時代 ",NA
"縄文時代早期以降?","Initial Jomon? "
"縄文時代早期後半以前","Before Initial Jomon [Second Half]"
"縄文時代草創期以前","Before Incipient Jomon "
"中世末〜近代","Medieval [Final] - Modern"
"明治以降","After Meiji "
"縄文時代晩期最終末〜弥生時代中期","Final Jomon [Final] - Middle Yayoi "
"江戸時代後期〜明治時代初期","Late Edo - Meiji [Initial]"
"古墳時代中期以前","Before Middle Kofun"
"室町時代後期〜江戸時代初頭","Muromachi [Late] - Edo [Initial]"
"近代以降","After Modern "
"弥生時代後期以降","After Late Yayoi"
"弥生時代後期以前","Before Late Yayoi"
"弥生時代末〜古墳時代前半","Yayoi [Final] - Kofun [First Half]"
"古代末〜中世前半頃","Classical [Final] - Medieval [ca. First Half]"
"平安時代末〜戦国時代","Heian [Final] to Sengoku"
"縄文時代中期初頭〜後期","Middle Jomon [Initial] - Late Jomon"
"弥生時代末頃","Yayoi [ca. Final] "
"弥生時代〜平安時代","Yayoi - Heian"
"縄文時代早期後半〜前期","Initial Jomon [Second Half] - Early Jomon"
"縄文時代前期後半〜中期初頭","Early Jomon [Second Half] - Middle [Initial]"
"平安時代or近世以降","Heian or after Early Modern"
"室町時代〜桃山時代","Muromachi - Azuchi-Momoyama"
"縄文時代末","Final Jomon"
"奈良時代前期","Nara [Early]"
"縄文時代末〜弥生時代","Final Jomon - Yayoi "
"縄文時代前期?","Early Jomon?"
"縄文時代後期以前","Before Late Jomon"
"奈良時代前後","Nara [ca.]"
"縄文時代中期中葉〜中葉末","Middle Jomon [Middle - Final]"
"縄文時代中期後葉初頭","Middle Jomon [Initial of Late]"
"縄文時代前期末葉〜中期中葉","Early Jomon [Final] - Middle Jomon [Middle]"
"縄文時代中期後葉末〜後期前葉","Middle Jomon [Final of Late] - Late Jomon [Early]"
"縄文時代晩期初頭〜中葉","Final Jomon [Initial - Middle]"
"中世または平安時代","Medieval or Heian"
"平安時代または戦国時代","Heian or Sengoku"
"弥生時代中期以前","Before Middle Yayoi"
"弥生時代末期〜古墳時代前期","Yayoi [Final] - Early Kofun"
"縄文時代終末〜弥生時代前期","Final Jomon - Early Yayoi"
"弥生時代中期?","Middle Yayoi? "
"平安時代末〜鎌倉時代初頭","Heian [Final] to Kamakura [Initial]"
"縄文時代晩期後半以前","Before Final Jomon [Second Half] "
"縄文時代晩期後半〜弥生時代前期","Final Jomon [Second Half] - Early Yayoi"
"弥生時代末〜古墳時代初頭以前","Yayoi [Final] - before Kofun [Initial]"
"江戸時代前期以前","Before Early Edo  "
"弥生時代末〜古墳時代初め","Yayoi [Final] - Kofun [Initial]"
"中世〜近世初期","Medieval - Early Modern [Initial]"
"縄文時代中期中葉〜後期初頭","Middle Jomon [Middle] - Late Jomon [Initial]"
"弥生時代末〜古墳時代初頭","Yayoi [Final] - Kofun [Initial]"
"鎌倉時代初期","Kamakura [Initial]"
"縄文時代後期末?","Late Jomon [Final]?"
"弥生時代中期中葉〜奈良･平安時代","Middle Yayoi [Middle] - Nara/Heian"
"奈良時代から平安時代","Nara - Heian"
"弥生時代中期後葉〜古墳時代前期","Middle Yayoi [Late] - Early Kofun "
"弥生時代中期後葉以降","After Middle Yayoi [Late]"
"飛鳥時代〜奈良時代","Asuka - Nara"
"縄文時代後期〜弥生時代中期","Late Jomon - Middle Yayoi"
"弥生時代中期後葉〜後期初頭","Middle Yayoi [Late] - Late Yayoi [Initial]"
"平安時代中頃から後半","Heian [ca. Middle to Late]"
"弥生時代中期中葉〜後葉","Middle Yayoi [Middle - Late]"
"戦国時代〜江戸時代","Sengoku - Edo"
"縄文時代以前","Before Jomon"
"弥生時代中期初頭〜前葉","Middle Yayoi [Initial - Early]"
"古墳時代終末期","Kofun [Final]"
"弥生時代後期〜終末","Late Yayoi - Yayoi [Final] "
"中〜近世","Medieval - Early Modern "
"弥生時代前期〜中期前葉","Early Yayoi - Middle Yayoi [Early]"
"飛鳥･奈良時代","Asuka/Nara"
"古墳時代中期後葉","Middle Kofun [Late]"
"縄文時代早期後半〜末","Initial Jomon [Second Half - Final]"
"弥生時代中期末〜後期初頭","Middle Yayoi [Final] - Late Yayoi [Initial]"
"弥生時代中期以降","After Middle Yayoi"
"縄文時代後期末〜晩期中葉","Late Jomon [Final] - Final Jomon [Middle]"
"中世〜近世頃","Medieval - Early Modern [ca.]"
"弥生時代後期〜奈良時代","Late Yayoi - Nara"
"旧石器時代以降","After Palaeolithic"
"弥生時代前期後半〜中期中葉","Early Yayoi [Second Half] - Middle Yayoi [Middle]"
"縄文時代後期〜古墳時代","Late Jomon - Kofun"
"弥生時代中期中頃","Middle Yayoi [ca. Middle] "
"縄文時代後期後葉〜晩期","Late Jomon [Late] - Final Jomon"
"平安〜近世","Heian - Early Modern"
"縄文時代〜鎌倉時代","Jomon - Kamakura"
"奈良時代以前","Before Nara"
"古墳時代中期末","Middle Kofun [Final]"
"縄文時代後期・晩期","Late Jomon - Final Jomon"
"弥生時代並行期〜中世","Yayoi [Contemporary to] to Medieval"
"縄文時代早創期","Incipient Jomon "
"旧石器時代〜中世並行期","Palaeolithic - Medieval [Contemporary to]"
"縄文時代早期〜中世並行期","Initial Jomon - Medieval [Contemporary to]"
"縄文時代〜古代","Jomon - Classical"
"後期旧石器時代〜縄文時代","Late Palaeolithic - Jomon"
"旧石器時代〜縄文時代","Palaeolithic - Jomon"
"縄文時代早創期〜前期","Incipient Jomon - Early Jomon"
"縄文時代晩期〜古代","Final Jomon - Classical"
"奈良時代〜平安時代初頭","Nara - Heian [Initial]"
"古代前半期","Classical [First Half]"
"古代？","Classical?"
"弥生時代あるいは古代","Yayoi or Classical"
"縄文時代中後期","Middle - Late Jomon"
"縄文時代早期初頭または草創期後葉","Initial Jomon [Initial] or Incipient Jomon [Late] "
"縄文時代草創期後葉","Incipient Jomon [Late]"
"旧石器時代〜弥生時代中期","Palaeolithic - Middle Yayoi"
"縄文時代前期〜晩期","Early Jomon - Final Jomon"
"縄文時代後期後半〜晩期","Late Jomon [Second Half] - Final Jomon"
"縄文時代草創期末〜早期初頭","Incipient Jomon [Late] - Initial Jomon [Initial]"
"室町時代前半","Muromachi [First Half]"
"平安時代後期後半〜鎌倉時代初頭","Heian [Second Half of Late Heian] - Kamakura [Initial] "
"飛鳥時代後半〜奈良時代前半","Asuka [Second Half] - Nara [First Half]"
"平安時代後期後半","Heian [Second Half of Late Heian]"
"弥生時代前期後半〜中期前半","Early Yayoi [Second Half] - Middle Yayoi [First Half]"
"飛鳥時代末〜奈良時代","Asuka [Final] - Nara "
"縄文時代早期〜古代","Initial Jomon - Classical"
"室町時代後半〜江戸時代初頭","Muromachi [Second Half] - Edo [Initial]"
"室町時代中頃","Muromachi [ca. Middle]"
"鎌倉時代後半〜室町時代初頭","Kamakura [Second Half] - Muromachi [Initial]"
"鎌倉時代後半〜江戸時代初頭","Kamakura [Second Half] - Edo [Initial]"
"江戸時代前期〜大正時代","Early Edo - Taisho"
"江戸時代前期〜明治時代","Early Edo - Meiji"
"鎌倉時代前半","Kamakura [First Half]"
"鎌倉時代中頃","Kamakura [Middle]"
"古墳時代前期後半〜中期前半","Early Kofun [Second Half] - Middle Kofun [First Half]"
"古墳時代後期〜飛鳥時代前半","Late Kofun - Asuka [First Half]"
"飛鳥時代末〜平安時代前期前半","Asuka [Final] - Heian [First Half of Early]"
"旧石器時代終末〜縄文時代草創期初頭","Palaeolithic [Final] - Incipient Jomon [Initial]"
"旧石器時代〜中世","Palaeolithic - Medieval"
"室町時代後半〜安土･桃山","Muromachi [Second Half] - Azuchi‐Momoyama"
"鎌倉時代〜室町時代前半","Kamakura - Muromachi [First Half]"
"古墳時代後期〜飛鳥時代初頭","Late Kofun - Asuka [Initial]"
"飛鳥時代末〜平安時代初頭","Asuka [Final] - Heian [Initial]"
"室町時代中頃〜江戸時代初頭","Muromachi [ca. Middle] - Edo [Initial]"
"縄文時代前期末〜中期前半","Early Jomon [Final] - Middle Jomon [First Half]"
"江戸時代前期末〜中期初","Early Edo [Final] - Middle Edo [Initial]"
"平安時代前期前半頃","Heian [ca. First Half of Early Heian] "
"弥生時代早期〜前期","Initial Yayoi - Early Yayoi"
"近代〜現代","Modern - Present"
"弥生時代前期末〜中期","Early Yayoi [Final] - Middle Yayoi"
"飛鳥時代〜平安時代","Asuka - Heian"
"古墳時代末〜飛鳥時代","Kofun [Final] - Asuka"
"鎌倉時代末〜室町時代初期","Kamakura [Final] - Muromachi [Initial]"
"古墳時代後期〜平安時代前期","Late Kofun - Heian [Early]"
"弥生時代前期末〜古墳時代","Early Yayoi [Final] - Kofun"
"飛鳥時代･奈良時代","Asuka/Nara"
"縄文時代〜古墳時代","Jomon - Kofun"
"弥生時代後期中葉〜後葉","Late Yayoi [Middle - Late]"
"縄文時代前期末〜後期","Early Jomon [Final] - Late Jomon"
"縄文時代後期〜弥生時代後期","Late Jomon - Late Yayoi"
"後期旧石器時代〜縄文時代草創期","Late Palaeolithic - Incipient Jomon"
"弥生時代後半〜古墳時代前期","Yayoi [Second Half] - Early Kofun"
"古墳時代終末期〜古代","Kofun [Final] - Classical"
"弥生時代中期中葉〜後半","Middle Yayoi [Middle - Second Half]"
"縄文時代後期後葉〜晩期中葉","Late Jomon [Late] - Final Jomon [Middle]"
"縄文時代早期中葉〜早期末･前期初頭","Initial Jomon [Middle] - Initial Jomon [Final]/Early Jomon [Initial]"
"縄文時代晩期後半〜弥生時代前期前半","Final Jomon [Second Half] - Early Yayoi [First Half]"
"古墳時代中期〜古墳時代後期","Middle Kofun - Late Kofun "
"縄文時代前期〜弥生","Early Jomon - Yayoi"
"縄文時代前期〜古墳時代","Early Jomon - Kofun"
"古墳時代後期並行期","Late Kofun [Contemporary to]"
"弥生時代終末以前？","Before Yayoi [Final]?"
"弥生時代終末〜古墳時代前期","Yayoi [Final] - Early Kofun"
"弥生時代後期後半〜古墳時代中期","Late Yayoi [Second Half] - Middle Kofun"
"縄文時代前期及び後期","Early Jomon and Late Jomon"
"後期旧石器時代初頭","Late Palaeolithic [Initial]"
"縄文時代晩期〜古墳時代","Final  Jomon - Kofun"
"縄文時代前期〜弥生時代中期","Early Jomon - Middle Yayoi"
"縄文時代早期中葉末","Initial Jomon [Final of Middle]"
"古墳時代〜近世","Kofun - Early Modern"
"平安時代〜室町時代","Heian - Muromachi"
"弥生時代早期〜前期(縄文時代晩期)","Initial Yayoi - Early Yayoi (Final Jomon}"
"縄文時代〜近世","Jomon - Early Modern"
"旧石器時代〜近世","Palaeolithic - Early Modern"
"縄文時代早期？","Initial Jomon?"
"旧石器時代〜古墳時代","Palaeolithic - Kofun"
"縄文時代草創期〜弥生時代","Incipient Jomon - Yayoi"
"縄文時代中〜後期","Middle Jomon - Late Jomon"
"古墳時代〜古代前期","Kofun - Classical [Early]"
"弥生時代後期初頭〜古墳時代前期","Late Yayoi [Initial] - Early Kofun"
"弥生時代前期？","Early Yayoi?"
"弥生時代中期後半古","Middle Yayoi [Early stage of the second half] "
"弥生時代中期後葉新","Middle Yayoi [Later stage of the second half]"
"弥生時代後期中頃古","Late Yayoi [Early stage of the Middle ca.]"
"弥生時代中期前葉〜後期後半","Middle Yayoi [Early] - Late Yayoi [Second Half]"
"弥生時代中期前葉〜後期前半","Middle Yayoi [Early] - Late Yayoi [First Half]"
"弥生時代中期前葉〜後期","Middle Yayoi [Early - Late]"
"弥生時代中期〜古墳時代以降","Middle Yayoi - Kofun [After]"
"旧石器時代〜縄文時代晩期後半","Palaeolithic - Final Jomon [Second Half]"
"縄文時代〜室町時代","Jomon - Muromachi"
"古墳時代〜室町時代","Kofun - Muromachi"
"旧石器時代〜縄文時代早期","Palaeolithic - Initial Jomon"
"奈良時代後半〜平安時代前期?","Nara [Second Half] - Heian [Early?]"
"弥生時代早期後半〜前期初頭","Initial Yayoi [Second Half] - Early Yayoi [Initial]"
"縄文時代晩期末〜弥生時代早期","Final Jomon [Final] - Initial Yayoi"
"縄文時代後期後葉〜晩期中葉？","Late Jomon [Late] - Final Jomon [Middle?]"
"戦国","Sengoku"
"室町時代〜安土桃山","Muromachi - Azuchi-Momoyama"
"縄文時代後期後葉？","Late Jomon [Late?]"
"縄文時代後期前葉〜中葉？","Late Jomon [Early - Middle?]"
"縄文時代早期末？","Initial Jomon [Final]?"
"弥生時代前期前半･後期後半〜終末","Early Yoi [First Half]/Late Yayoi [Second Half - Final]"
"縄文時代後期〜近世","Late Jomon - Early Modern"
"旧石器時代〜奈良時代･平安時代","Palaeolithic - Nara / Heian"
"旧石器時代〜古代","Palaeolithic - Classical"
"旧石器時代後期〜縄文時代早期","Late Palaeolithic - Initial Jomon"
"弥生時代終末〜古墳時代前期頃","Yayoi [Final] - Early Kofun [ca.]"
"中世〜近現代","Medieval - Modern/Contemporary"
"弥生時代中期〜古代","Middle Yayoi - Classical "
"縄文時代前期？","Early Jomon?"
"縄文時代前期〜縄文時代後期中葉","Early Jomon - Late Jomon [Middle]"
"旧石器時代〜中近世","Palaeolithic - Medieval / Early Modern"
"古墳時代〜鎌倉時代","Kofun - Kamakura"
"旧石器時代〜現代","Palaeolithic - Present"
"古墳時代〜奈良時代","Kofun - Nara"
"縄文時代〜平安時代","Jomon - Heian"
"白鳳時代(飛鳥時代)","Hakuho (Asuka)"
"弥生時代前期末〜中期初頭","Early Yayoi [Final] - Middle Yayoi [Initial]"
"古墳時代中期初頭","Middle Kofun [Initial]"
"弥生時代〜古墳時代前半","Yayoi - Kofun [First Half]"
"縄文時代〜弥生時代･江戸時代","Jomon - Yayoi / Edo"
"弥生時代前期後半〜中期後半","Early Yayoi [Second Half] - Middle Yayoi [Second Half]"
"弥生時代前期末〜中期初","Early Yayoi [Final] - Middle Yayoi [Initial]"
"弥生時代後期後半〜終末","Late Yayoi [Second Half - Final]"
"縄文時代中〜前期","Middle Jomon - Early Jomon"
"奈良時代･平安時代〜中世","Nara/Heian - Medieval"
"奈良時代？","Nara?"
"古墳時代前期前半","Early Kofun [First Half]"
"平安時代後半〜鎌倉時代期","Heian [Second Half] - Kamakura"
"古墳時代中期前半","Middle Kofun [First Half]"
"縄文時代･古墳時代","Jomon / Kofun"
"縄文時代中期〜中世","Middle Jomon - Medieval"
"奈良時代〜中世","Nara - Medieval"
"古代末〜中世初期","Classical [Final] - Medieval [Initial]"
"弥生時代早期〜前期末","Initial Yayoi - Early Yayoi [Final]"
"縄文時代晩期末(弥生時代早期)","Final Jomon [Final] (Initial Yayoi)"
"弥生時代早期･弥生時代中期〜後期","Initial Yayoi / Middle Yayoi - Late Yayoi"
"古墳時代〜","Kofun - "
"弥生時代前期初め〜古墳時代前期","Early Yayoi [Initial] - Early Kofun"
"弥生時代後期中頃〜後半","Late Yayoi [Middle ca. - Second Half]"
"弥生時代〜近世","Yayoi - Early Modern"
"弥生時代後期終末頃","Late Yayoi [Final ca.]"
"弥生時代早期後半〜前期後半","Initial Yayoi [Second Half] - Early Yayoi [Second Half]"
"縄文時代晩期以前〜弥生時代前期","Before Final Jomon - Early Yayoi"
"縄文時代晩期以前〜古墳時代前期頃","Before Final Jomon - Early Kofun [ca.]"
"弥生時代終末頃","Yayoi [Final ca.]"
"縄文時代？","Jomon?"
"古墳時代前期〜鎌倉時代","Early Kofun - Kamakura"
"弥生時代前期末〜中期前半","Early Yayoi [Final] - Middle Yayoi [First Half]"
"縄文時代後期後半〜晩期初頭","Late Jomon [Second Half] - Final Jomon [Initial]"
"弥生時代〜奈良時代","Yayoi - Nara"
"弥生時代前期末頃","Early Yayoi [Final ca.]"
"縄文時代草創期〜早期","Incipient Jomon - Initial Jomon "
"中世半ば？","Medieval [Middle?]"
"縄文時代前期〜古代","Early Jomon - Classical"
"中期〜後期旧石器時代","Middle - Late Palaeolithic"
"旧石器時代〜縄文時代晩期","Palaeolithic - Final Jomon"
"弥生時代後期後葉〜古墳時代初頭","Late Yayoi [Late] - Kofun [Initial]"
"中世前期以降","Before Medieval [Early]"
"平安時代末期","Heian [Final]"
"古墳時代〜江戸時代","Kofun - Edo"
"古墳時代後期〜中世","Late Kofun - Medieval"
"弥生時代中期末〜後期","Middle Yayoi [Final] - Late Yayoi   "
"旧石器時代〜縄文時代後期","Palaeolithic - Late Jomon"
"弥生時代中期〜古墳時代前期","Middle Yayoi - Early Kofun"
"弥生時代後期後半〜古墳時代前期","Late Yayoi [Second Half] - Early Kofun"
"後期旧石器時代最終末〜縄文時代草創期","Late Palaeolithic [Final] - Incipient Jomon"
"縄文時代晩期終末〜弥生時代","Final Jomon [Final] - Yayoi"
"後期旧石器時代〜縄文時代早期","Late Palaeolithic - Initial Jomon"
"弥生時代終末期〜古墳時代初頭","Yayoi [Final] - Kofun [Initial]"
"縄文時代後〜晩期","Late Jomon - Final Jomon"
"縄文時代後期〜弥生時代","Late Jomon - Yayoi"
"弥生時代中期〜古墳時代中期前半","Middle Yayoi - Middle Kofun [First Half]"
"古墳時代中期〜中世","Middle Kofun - Medieval "
"弥生時代後期後半〜終末期(古墳時代初頭)","Late Yayoi [Second Half - Final (Kofun [Initial])"
"後期旧石器時代〜近世","Late Palaeolithic - Early Modern"
"旧石器時代から縄文時代早期","Palaeolithic - Initial Jomon"
"古墳時代後期〜古代","Late Kofun - Classical"
"古墳時代後期〜古代･中世","Late Kofun - Medieval/Classical"
"弥生時代終末〜中世","Yayoi [Final] - Medieval"
"鎌倉時代･室町時代","Kamakura - Muromachi"
"縄文時代中期後半〜後期前半","Middle Jomon [Second Half] - Late Jomon [First Half]"
"南北朝時代","Nambokucho"
"室町時代〜近世","Muromachi - Early Modern"
"縄文時代〜弥生時代中期","Jomon - Middle Yayoi"
"弥生時代終末〜古墳時代中期","Yayoi [Final] - Middle Kofun"
"古墳時代終末〜古代","Kofun [Final] - Classical"
"弥生時代後期後半〜古墳時代前期初頭","Late Yayoi [Second Half] - Early Kofun [Initial]"
"古墳時代後期末〜終末期","Late Kofun [Late Final]"
"旧石器時代〜弥生時代","Palaeolithic - Yayoi"
"縄文時代晩期〜中世後期","Final Jomon - Medieval [Late]"
"古墳時代末","Kofun [Final]"
"縄文時代中期末〜後期前半","Middle Jomon [Final] - Late Jomon [First Half]"
"沖縄貝塚時代前期(縄文時代後期併行期)〜後期後半","Early Shell Midden [Parallel to Late Jomon]- Late Shell Midden [Second half]"
"沖縄貝塚時代前期〜後期","Early Shell Midden -Late Shell Midden"
"古墳時代後期〜奈良時代･平安時代","Late Kofun - Nara/Heian"
"戦国時代末期","Sengoku [Final]"
"縄文土器前期","Early Jomon"
"縄文土器早期末~前期初頭","Initial Jomon [Final] - Early Jomon [Initial]"
"続縄文時代前半","Epi-Jomon [First Half]"
"縄文時代～続縄文時代","Jomon - Epi-Jomon"
"擦文時代併行　","Satsumon [Parallel to]"
"擦文時代","Satsumon"
"続縄文時代　","Epi-Jomon"
"続縄文時代前半　","Epi-Jomon [First Half]"
"擦文時代併行","Satsumon [Parallel to]"
"縄文時代晩期後半～続縄文時代前半　","Final Jomon [Second Half] - Epi-Jomon [First Half]"
"縄文時代晩期後半　","Final Jomon [Second Half] "
"擦文時代中期～後期","Middle Satsumon - Late Satsumon"
"アイヌ文化期","Ainu Culture Period"
"縄文時代晩期後半～続縄文時代前半","Final Jomon [Second Half] - Epi-Jomon [First Half]"
"擦文時代後期後半　頃","Late Satsumon [ca.Second Half]"
"擦文時代後期後半　","Late Satsumon [Second Half]"
"擦文時代後期後半頃","Late Satsumon [ca.Second Half]"
"擦文時代後期後半","Late Satsumon [Second Half]"
"擦文時代後期後半？","Late Satsumon [Second Half]?"
"擦文時代後期末","Late Satsumon [Final]"
"縄文時代晩期末　","Final Jomon [Final]"
"縄文時代後期末　","Late Jomon [Final]"
"縄文時代後期前葉～中葉","Late Jomon [Early - Middle]"
"中・近世","Medieval/Early Modern "
"続縄文時代後半","Epi-Jomon [Second Half]"
"擦文時代後期前半","Late Satsumon [First Half]"
"擦文時代中期後半","Middle Satsumon [Second Half]"
"擦文時代前期末～中期初頭","Early Satsumon [Final] - Middle Satsumon [Initial]"
"擦文時代前期後半","Early Satsumon [Second Half]"
"中世～近世","Medieval - Early Modern"
"擦文時代中期末～後期初頭","Middle Satsumon [Final] - Late Satsumon [Initial]"
"擦文時代中期後半から後期頃","Middle Satsumon [Second Half] - ca.Late Satsumon"
"続縄文時代後期？","Epi-Jomon [Late]?"
"擦文時代中期後半（新）","Middle Satsumon [Late of Second Half]"
"擦文時代中期前半（新）","Middle Satsumon [Late of First Half]"
"擦文時代中期前半（古）","Middle Satsumon [Early of First Half]"
"擦文時代前期末","Early Satsumon [Final]"
"擦文時代中期後半～後期初頭","Middle Satsumon [Second Half] - Late Satsumon [Initial]"
"続縄文時代～擦文時代","Epi-Jomon - Satsumon"
"縄文時代後期初頭～前葉","Late Jomon [Initial - Early]"
"縄文時代中期後葉～擦文時代","Middle Jomon [Late] - Satsumon"
"中世～近世頃","Medieval - Early Modern [ca.]"
"続縄文時代前期後半","Epi-Jomon [Second half of Early]"
"擦文時代前期末～中期前半頃","Early Satsumon [Final] - Middle Satsumon [ca. First Half]"
"続縄文時代後半　","Epi-Jomon [Second Half]"
"中・近世以降","After Medieval/Early Modern"
"縄文時代晩期末～続縄文時代前半","Final Jomon [Final]  - Epi-Jomon [First Half]"
"続縄文時代前半～","Epi-Jomon [First Half] -"
"続縄文時代初頭","Epi-Jomon [Initial]"
"縄文時代晩期後葉～続縄文時代前葉","Final Jomon [Late ] - Epi-Jomon [Early]"
"縄文時代晩期末葉～続縄文時代","Final Jomon [Final] - Epi-Jomon"
"縄文時代晩期中葉～続縄文前葉","Final Jomon [Middle] - Epi-Jomon [Early]"
"続縄文時代前葉","Epi-Jomon [Early]"
"続縄文時代末","Epi-Jomon [Final]"
"続縄文時代後半期（擦文時代早期）","Epi-Jomon [Second Half] (Inicial of Satsumon)"
"続縄文時代後半？","Epi-Jomon [Second Half]?"
"縄文時代～アイヌ文化期","Jomon - Ainu Culture Period"
"アイヌ文化期？","Ainu Culture Period?"
"縄文時代早期～前期","Initial Jomon - Early Jomon"
"近世アイヌ文化期","Early Modern Ainu Culture Period"
"中世アイヌ文化期","Medieval Ainu Culture Period"
"縄文時代晩期後葉もしくは続縄文時代","Final Jomon [Late] or Epi-Jomon"
"続縄文時代前半期中葉","Epi-Jomon [Middle of First Half]"
"旧石器時代～縄文時代","Palaeolithic - Jomon"
"旧石器時代～縄文時代早期","Palaeolithic - Initial Jomon"
"縄文時代中期後半から晩期","Middle Jomon [Second Half] - Final Jomon"
"縄文時代晩期～続縄文時代（鈴谷期）","Final Jomon - Epi-Jomon (Suzutani Period)"
"洪積世","Pleistocene"
"後期旧石器時代末","Late Palaeolithic [Final]"
"縄文時代中期末葉～後期初頭","Middle Jomon [Final] - Late Jomon [Initial]"
"続縄文時代後期","Epi-Jomon [Late]"
"縄文時代中期後半から後期初頭","Middle Jomon [Second Half] - Late Jomon [Initail]"
"縄文時代中期末から後期初頭","Middle Jomon [Final] - Late Jomon [Initial]"
"縄文時代中期から後期初頭","Middle Jomon - Late Jomon [Initial]"
"縄文時代晩期から続縄文時代初頭","Final Jomon - Epi-Jomon (Initail)"
"縄文時代中期～後期","Middle Jomon - Late Jomon"
"縄文時代中期から続縄文時代","Middle Jomon - Epi-Jomon"
"縄文時代中期から後期","Middle Jomon - Late Jomon"
"縄文時代早期から後期","Initial Jomon - Late Jomon"
"縄文時代早期から続縄文時代","Initial Jomon - Epi-Jomon"
"続縄文時代前期","Epi-Jomon [Early]"
"縄文時代中期末～後期初頭","Middle Jomon [Final] - Late Jomon [Initial]"
"縄文時代中期末～後期前葉頃","Middle Jomon [Final] - Late Jomon [ca.Early]"
"縄文時代中期～続縄文時代","Middke Jomon - Epi-Jomon"
"縄文時代早期～後期","Initial Jomon - Late Jomon"
"擦文時代以降","After Satsumon"
"続縄文時代後期後半","Epi-Jomon [Second Half of Late]"
"縄文時代晩期？","Final Jomon? "
"縄文時代以降～現代","After Jomon - Present"
"縄文時代早期～擦文時代","Initial Jomon - Satsumon"
"中世から近世","Medieval - Early Modern"
"続縄文時代中葉","Epi-Jomon [Middle]"
"擦文時代以降から近代","Satsumon - Early Modern"
"続縄文時代後期前半","Epi-Jomon [First Half of Late]"
"縄文時代後期～続縄文時代前期前半","Late Jomon - Epi-Jomon [First Half of Early]"
"擦文時代中期から後期","Middle Satsumon - Late Satsumon"
"アイヌ文化期（中～近世）","Ainu Culture Period (Medieval - Early Modern)"
"アイヌ文化期（中世）","Ainu Culture Period (Medieval)"
"縄文時代晩期末もしくは続縄文初頭","Final Jomon [Final]  or Epi-Jomon [Initial]"
"縄文時代晩期～近世","Final Jomon - Modern"
"擦文時代後期初頭～前半","Late Satsumon [Initail - First Half]"
"続縄文時代後葉","Epi-Jomon [Late]"
"続縄文時代・擦文時代","Epi-Jomon/Satsumon"
"擦文時代・続縄文時代","Satsumon/Epi-Jomon"
"～続縄文時代"," - Epi-Jomon "
"擦文時代前期前半","Early Satsumon [First Half]"
"擦文時代前期後半～中期","Early Satsumon [Second Half] - Middle Satsuimon"
"縄文時代後期～続縄文時代後半期","Late Jomon - Epi-Jomon [Second Half]"
"続縄文時代後半期","Epi-Jomon [Second Half]"
"擦文時代後期初頭～中葉","Late Satsumon [Initial - Middle]"
"旧石器時代？","Palaeolithic?"
"縄文時代後期後葉～中葉","Late Jomon [Late] - Middle"
"縄文時代早期後半～前期前半","Initial Jomon [Second Half] - Early Jomon [First Half]"
"縄文時代後期初頭より古い","Before Late Jomon [Initial]"
"縄文時代後期中葉～後葉","Late Jomon [Middle - Late]"
"縄文時代後期中葉？","Late Jomon [Middle]?"
"近世アイヌ文化期（1739年以前）","Early Modern Ainu Culture Period (before 1739)"
"擦文時代中葉～近世アイヌ文化期","Middle Satsumon - Early Modern Ainu Culture Period"
"縄文時代後期中葉末～後期後葉","Late Jomon [Final of Middle - Late]"
"後期旧石器時代時代後半期","Late Palaeolithic [Second Half]"
"後期旧石器時代時代後半","Late Palaeolithic [Second Half]"
"縄文時代後期中葉から後葉","Late Jomon [Middle - Late]"
"擦文時代後期～終末期","Late Satsumon - Final Satsumon"
"アイヌ文化期（1739年以前）","Ainu Culture Period (Before 1739)"
"縄文時代中期後半～後期中葉","Middle Jomon [Second Half] - Late Jomon [Middle]"
"縄文時代早期～晩期後葉","Initial Jomon - Final Jomon [Late]"
"縄文時代早期後葉以前","Before Initial Jomon [Late]"
"近世？","Early Modern? "
"縄文時代前期前半あるいはそれ以前","Early Jomon [First Half] or before"
"擦文時代？","Satsumon?"
"縄文時代中期末～後期後半","Middle Jomon [Final] - Late Jomon [Second Half]"
"縄文時代または中世","Jomon or Medieval "
"中世アイヌ文化期（古段階）","Medieval Ainu Culture Period (Early stage)"
"中世段階のアイヌ文化期","Ainu Culture Period during Medieval stage "
"中世アイヌ期","Medieval Ainu Period"
"擦文時代後半期","Satsumon [Second Half]"
"縄文時代前期後半～中期前半","Early Jomon [Second Half] - Middle Jomon [First Half]"
"縄文時代前期～晩期？","Early Jomon - Final Jomon?"
"縄文時代中期・晩期","Middle Jomon/Final Jomon"
"縄文時代前期・中期","Early Jomon/Middle Jomon"
"縄文時代中期後半～後期初頭","Middle Jomon [Second Half] - Late Jomon [Initail]"
"縄文時代前期中～後半","Early Jomon [Middle - Second Half]"
"縄文時代中期末～後期前葉","Middle Jomon [Final] - Late Jomon [Early]"
"縄文時代前期初頭頃","Early Jomon [ca.Initial]"
"トビニタイ文化期～アイヌ文化期","Tobinitai Culture Period - Ainu Culture Period "
"縄文時代中期中頃","Middle Jomon [ca.Middle]"
"縄文時代中期中葉後半","Middke Jomon [Middle - Second Half]"
"縄文時代早期後半？","Initial Jomon [Second Half?]"
"縄文時代後期後葉～晩期中葉頃","Late Jomon [Late] - Final Jomon [ca.Middle]"
"縄文時代後期前葉後半","Late Jomon [Second Half of Early]"
"縄文時代後期前葉～後期中葉","Late Jomon [Early] - Late Jomon [Middle]"
"縄文時代後期初頭～続縄文時代","Late Jomon [Initial] - Epi-Jomon"
"縄文時代中期・後期・続縄文時代","Midele Jomon/Late Jomon/Epi-Jomon"
"続縄文時代後期末葉から擦文時代前期","Epi-Jomon [Final of Late] - Satsumon [Early]"
"縄文時代晩期後葉～近世アイヌ文化期","Final Jomon [Late] - Early Modern Ainu Culture Period"
"縄文時代晩期後葉～続縄文時代","Final Jomon [Late ] - Epi-Jomon"
"近世アイヌ期","Early Modern Ainu Period"
"縄文時代中期半ば","Middle Jomon [Middle]"
"縄文時代中期半ば～後期前葉","Middle Jomon [Middle] - Late Jomon [Early]"
"続縄文時代後葉後半","Epi-Jomon [Second Half of Late]"
"縄文時代中期半ばころ","Middle Jomon [Middle ca.]"
"縄文時代前期中葉以降","After Early Jomon [Middle]"
"擦文時代末葉","Final Satsumon "
"擦文時代前半","Satsumon [First Half]"
"中世～近世以降","After Medieval - Early Modern"
"縄文時代中期～後期前葉","Middle Jomon - Late Jomon [Early]"
"縄文時代後期中葉以降","after Late Jomon [Middle]"
"縄文時代中期前半？","Middle Jomon [First Half]?"
"縄文時代中期後半もしくは後期後葉（住居）","Middle Jomon [Second Half] or Late Jomon [Late] (residence)"
"不明（箱館戦争時の遺構の可能性あり）","NA (possibly remains of battle of Hakodate)"
"縄文時代前期以前、早期中葉の可能性","After Early Jomon, possibly Initial Jomon [Middle]"
"縄文時代前期後半から中期前半","Early Jomon [Second Half] - Middle Jomon [First Half]"
"縄文時代後期もしくは近代","Late Jomon or Modern"
"縄文時代中期・後期","Middle Jomon/Late Jomon"
"縄文時代早期後半もしくは前期前葉？","Initial Jomon [Second Half] or Early Jomon [Early]?"
"縄文時代前期前半もしくは後期前葉","Early Jomon [First Half] or Late Jomon [Early]"
"縄文時代中期末から後期前葉","Middle Jomon [Final] - Late Jomon [Early]"
"縄文時代早期中葉～後葉","Initial Jomon [Middle - Late]"
"縄文時代前半期・早期","Jomon [First Half]/Initial Jomon"
"縄文時代後期末～晩期初頭","Late Jomon [Final] - Final Jomon [Initial]"
"縄文時代中期中葉～後葉","Middle Jomon [Middle - Late]"
"縄文時代中期前葉～中葉","Middle Jomon [Early - Middle]"
"縄文時代中期前葉～後期前葉","Middle Jomon [Early] - Late Jomon [Early]"
"中世末～近世初頭段階のアイヌ文化期","Ainu Culture Period during Medieval [Final] - Early Modern [Initial]"
"中世の新しい段階に相当するアイヌ文化期","Ainu Culture Period parallel to new stage of Medieval "
"続縄文時代末葉","Epi-Jomon [Final]"
"擦文時代後期もしくはアイヌ文化期も混在する可能性","Late Satsumon or also mixed with Ainu Culture Period  "
"中世の新しい段階のアイヌ文化期","Ainu Culture Period parallel to new stage of Medieval "
"縄文時代晩期後葉～続縄文時代初頭","Final Jomon [Late ] - Epi-Jomon [Initial]"
"縄文時代前期末葉～中期初頭","Early Jomon [Final] - Middle Jomon [Initial]"
"縄文時代前期末葉～中期前葉","Early Jomon [Final] - Middle Jomon [Early]"
"縄文時代早期～晩期","Initial Jomon - Final Jomon"
"続縄文時代前半～後半","Epi-Jomon [First Half - Second Half]"
"縄文時代晩期後葉から続縄文時代前半","Final Jomon [Late] - Epi-Jomon [First Half]"
"擦文時代前期または後期","Early Satsumon or Late Satsumon"
"近世アイヌ文化期（樽前a降下火山灰より新しい）","Early Modern Ainu Culture Period (after Tarumae a Tephra)"
"続縄文前葉？","Epi-Jomon [Initial]?"
"続縄文前葉","Epi‐Jomon [Initial]"
"弥生時代後期〜古墳時代前期初頭","Late Yaoyi - Early Kofun [Initial]"
"弥生時代後期前半〜古墳時代前期初頭","Late Yayoi [First Half] - Early Kofun [Initial]"
"奈良時代〜江戸時代","Nara - Edo"
"弥生時代後期初頭〜古墳時代後期","Late Yayoi [Initial] - Late Kofun"
"鎌倉時代〜","Kamakura -"
"平安時代末〜江戸時代","Heian [Final] to Edo"
"安土桃山時代〜江戸時代","Azuchi-Momoyama - Edo"
"弥生時代後半以降","After Yayoi [Second Half]"
"平安時代末〜室町時代","Heian [Final]-Muromachi"
"縄文時代晩期終末〜弥生時代前期","Final Jomon [Final] - Early Yayoi"
"弥生時代〜江戸時代","Yayoi - Edo"
"奈良時代〜鎌倉時代後半","Nara - Kamakura [Second Half]"
"弥生時代後期〜中世","Late Yayoi - Medieval "
"縄文時代後期〜中世","Late Jomon - Medieval "
"弥生時代〜","Yayoi -"
"縄文時代晩期〜室町時代","Final Jomon - Muromachi"
"古代、中世前半","Classical/First Half of Medieval"
"縄文時代末期以降","After Final Jomon"
"弥生時代中期後半新段階","Middle Yayoi [Late stage of the second half] "
"弥生時代中期後半中段階","Middle Yayoi [Middle stage of Second Half]"
"弥生時代中期後半古段階〜中期後半新段階","Middle Yayoi [Early - Late stage of the second half] "
"弥生時代終末期古段階","Yayoi [Early stage of Final]"
"弥生時代後期前半新段階","Late Yayoi [New stage of First Half] "
"弥生時代後期後半古段階","Late Yayoi [Early stage of Second Half]"
"弥生時代中期後半古段階","Middle Yayoi [Early stage of the second half] "
"縄文時代早･前期","initial Jomon/Early Jomon"
"縄文時代前期･後期","Eearly Jomon/Late Jomon"
"弥生時代後期前半〜中頃","Late Yayoi [First Half - Middle]"
"弥生時代後期中葉〜後半","Late Yayoi [Middle - Second Half]"
"縄文時代晩期末〜弥生時代前期初頭","Final Jomon [Final] - Early Yayoi [Initial]"
"古墳時代･鎌倉時代","Kofun/Kamakura"
"弥生時代(前期Ⅰ)","Yayoi (Early I)"
"旧石器時代終末〜縄文時代草創期","Final Palaeolithic - Incipient Jomon"
"弥生時代前期〜古墳時代中期","Early Yayoi - Middle Kofun"
"弥生時代･古代〜中世","Yayoi/Classical - Medieval"
"古墳時代〜近世以降","After Kofun - Early Modern"
"縄文時代晩期中葉頃",NA
"弥生時代中期～後期頃",NA
"古代～中世",NA
"弥生後期末～古墳初頭",NA
"縄文時代晩期末から弥生時代前前半頃",NA
"縄文時代前期頃",NA
"縄文時代晩期末から弥生時代前期頃",NA
"近世後半～現代",NA
"縄文時代後期末から晩期前半",NA
"弥生時代後期末～古墳時代初頭",NA
"縄文時代早期末～前期初頭",NA
"縄文時代前期末～中期初頭",NA
"縄文時代晩期ないしそれ以前",NA
"古代末～中世初頭",NA
"平安～近世",NA
"古墳時代および長岡京時代",NA
"縄文時代晩期から弥生時代後期末",NA
"16世紀以降",NA
"縄文時代～古墳時代初期",NA
"長岡京時代以降",NA
"縄文時代前期中葉頃",NA
"～弥生時代",NA
"～弥生時代中期",NA
"長岡京時代",NA
"古墳時代初頭～前期",NA
"長岡京期",NA
"奈良時代～中世",NA
"縄文時代晩期～弥生時代",NA
"縄文時代・中世",NA
"弥生時代・古墳時代～古代",NA
"～縄文時代晩期",NA
"～中世",NA
"縄文時代～弥生時代",NA
"弥生時代前期後葉～中期後葉",NA
"～古代",NA
"～縄文時代",NA
"弥生時代～古墳時代",NA
"縄文時代晩期後葉？",NA
"～縄文時代後期",NA
"古墳時代前期後葉～中期",NA
"弥生時代～古代",NA
"弥生時代前期～前期末",NA
"弥生時代前期中",NA
"縄文時代晩期後半頃",NA
"縄文時代後期後～晩期中",NA
"縄文時代後期初",NA
"縄文時代晩期末～弥生時代前期",NA
"～縄文時代？",NA
"弥生時代中期～古墳時代前期",NA
"～縄文時代晩期末",NA
"～古墳時代？",NA
"～縄文時代後期後葉",NA
"奈良時代後半頃",NA
"縄文時代後期～弥生時代前期",NA
"弥生時代前期末～中期",NA
"～縄文時代晩期中葉",NA
"弥生時代後期末頃",NA
"弥生時代末～古墳時代初頭",NA
"弥生時代後期後葉～古墳時代初頭",NA
"奈良時代中期",NA
"～奈良時代",NA
"縄文時代中期末～弥生時代中期初頭",NA
"縄文時代中期後半～晩期後半（とくに晩期前半の出土量が多い）",NA
"縄文時代晩期～古墳時代前期",NA
"～縄文時代後期初頭",NA
"縄文時代早期以前？",NA
"奈良～平安時代",NA
"縄文時代晩期中葉～",NA
"中世以降？",NA
"古墳時代後期～古代",NA
"～縄文時代晩期後半",NA
"縄文時代中期前～中葉",NA
"縄文時代早期末～前期初頭頃",NA
"前期難波宮",NA
"～古墳時代",NA
"縄文時代後～晩期",NA
"縄文時代前～晩期",NA
"縄文時代晩期末～弥生時代後期",NA
"弥生時代後期～古墳時代中期",NA
"縄文時代早期前後",NA
"縄文時代晩期～古墳時代",NA
"縄文時代早期～",NA
"～古墳時代中期",NA
"弥生時代・古墳時代前期",NA
"後期旧石器時代～弥生時代前期",NA
"縄文時代草創期～早期",NA
"～弥生中期",NA
"縄文時代後期中頃～弥生時代前期",NA
"縄文時代晩期～弥生時代中期",NA
"弥生時代後期～古墳時代初頭頃",NA
"弥生時代前期～中期初頭",NA
"縄文時代晩期後半～弥生時代初頭",NA
"古墳時代前～中期",NA
"弥生時代中期～後期、古墳時代中期",NA
"弥生時代後期～",NA
"古墳時代～飛鳥時代",NA
"縄文時代後期後半～晩期前半",NA
"～古墳時代中期前半？",NA
"～弥生時代前期",NA
"古墳時代後期？",NA
"縄文時代～中世",NA
"弥生時代終末～古墳時代初期",NA
"古墳時代以後",NA
"弥生時代～中世",NA
"古墳時代前期～飛鳥時代初頭",NA
"弥生時代中期～",NA
"～弥生時代後期",NA
"弥生時代後期～古墳時代初頭",NA
"弥生時代末～古墳時代前期",NA
"弥生時代中期前半～古墳時代後期",NA
"弥生時代前期末～中期初頭",NA
"縄文時代後期～弥生時代",NA
"縄文時代後期中葉～晩期",NA
"縄文時代後期初頭～中葉",NA
"縄文時代早期後半～前期",NA
"古代初頭",NA
"～古墳時代初頭",NA
"古墳時代中期～古代初頭",NA
"縄文時代～弥生時代（Ⅳ期）",NA
"古墳時代～古代初頭",NA
"古代末期～中世初頭",NA
"古墳時代～古代",NA
"～室町時代",NA
"古墳時代～中世",NA
"～縄文時代中期",NA
"弥生時代前期以前",NA
"縄文時代後期～弥生時代中期",NA
"弥生時代前期後半～中期前葉",NA
"飛鳥時代～平安時代頃",NA
"古代・近代",NA
"弥生時代中期後半頃",NA
"中世末～近世初期",NA
"弥生時代中期後葉～後期前半",NA
"弥生時代中期中頃～後半",NA
"弥生時代前期末～古墳時代中期",NA
"古墳時代頃～鎌倉時代・室町時代",NA
"鎌倉時代末～室町時代初頭",NA
"～縄文時代前期",NA
"弥生時代後期後半代",NA
"古墳時代前期、中期中葉～後期",NA
"縄文時代後期中葉頃",NA
"縄文時代・弥生時代移行期",NA
"縄文時代早期後葉～中期後葉",NA
"縄文時代早期後葉～前期中葉",NA
"喜界アカホヤ火山灰（K-Ah）～縄文時代前期",NA
"縄文時代早期後葉～前期中葉頃",NA
"縄文時代後期初頭～弥生時代前期前半",NA
"縄文時代早期後葉～後期初頭頃",NA
"？～縄文時代前期中葉",NA
"縄文時代草創期後半頃",NA
"縄文時代晩期もしくは晩期末",NA
"飛鳥白鳳時代",NA
"縄文時代晩期末～弥生時代初頭",NA
"14世紀後半～15世紀初頭",NA
"古墳時代前期～？",NA
"12世紀後半～14世紀前半",NA
"奈良時代～平安時代前期",NA
"古墳時代後期末～飛鳥時代前期",NA
"弥生時代～古墳時代前期頃",NA
"縄文時代早期後葉～晩期",NA
"江戸時代後期～大正時代",NA
"奈良時代～平安時代",NA
"江戸時代・明治時代",NA
"弥生時代後期後半～古墳出現前夜頃",NA
"弥生時代中期末～後期初頭",NA
"弥生時代～近世",NA
"古墳時代～室町時代",NA
"～平安時代",NA
"弥生時代～奈良時代",NA
"縄文時代～近世",NA
"～弥生時代中期初頭",NA
"弥生時代前期末？",NA
"古墳・奈良時代",NA
"古代末～中世あるいは奈良時代～平安時代",NA
"縄文時代・弥生時代中期・古代（8世紀）・中世（13世紀）",NA
"～弥生時代中期後半",NA
"縄文時代もしくは弥生時代前期",NA
"～古代・中世",NA
"平安時代～鎌倉時代、あるいは16世紀後半、古墳時代",NA
"弥生時代末期",NA
"古墳時代中期末頃",NA
"弥生時代中期末頃",NA
"弥生時代中期後半～中世",NA
"古墳時代中期？",NA
"中世前期？",NA
"奈良時代～平安時代初頭",NA
"縄文時代～平安時代",NA
"縄文時代中期or縄文時代晩期終末",NA
"縄文時代終末",NA
"縄文時代前期末〜中期",NA
"縄文時代中世〜近世",NA
"奈良時代〜室町時代",NA
"中世前半期",NA
"古墳時代・中世",NA
"中世・近世",NA
"室町時代後期〜江戸時代初期",NA
"弥生時代中期後葉〜古墳時代後期",NA
"古墳時代･古代",NA
"弥生時代後期初頭〜前葉",NA
"弥生時代中期末葉",NA
"中世〜江戸",NA
"弥生時代後期〜古墳時代初頭頃",NA
"弥生時代･古墳時代･中世",NA
"弥生時代前期〜中期中頃",NA
"古墳時代後期〜終末期",NA
"古代､中世､近世",NA
"弥生時代･古墳時代･平安時代",NA
"弥生時代中期後半,古墳(6〜7世紀),奈良,平安時代後半",NA
"弥生時代･古墳時代",NA
"弥生時代中期中頃〜古墳時代後期",NA
"弥生時代終末〜古墳時代前期･近世",NA
"古墳時代初頭頃",NA
"古代以降(中世以降の可能性が高い)",NA
"縄文時代後期前半〜中期後半",NA
"〜古墳",NA
"弥生時代前期〜終末期",NA
"〜縄文時代晩期",NA
"弥生時代前期中葉",NA
"古墳時代終末期〜",NA
"弥生時代中期〜奈良時代前半",NA
"弥生時代後期後葉〜終末期",NA
"弥生時代後期中葉〜中世後期",NA
"古墳時代･中世〜近世",NA
"古代〜近世以降",NA
"古墳時代前期前葉〜中葉",NA
"弥生時代後期〜近現代",NA
"縄文時代〜近世以降",NA
"弥生時代終末期〜古墳時代前期前葉",NA
"弥生時代後期前葉頃",NA
"奈良時代後半〜室町時代",NA
"縄文時代〜近現代",NA
"弥生時代後期〜古墳時代前期前葉",NA
"縄文時代〜奈良時代､平安時代",NA
"〜弥生時代後期前葉頃",NA
"縄文時代〜中･近世",NA
"古代〜",NA
"弥生時代中期中葉以前",NA
"古墳時代中期〜古墳時代末期",NA
"古墳時代中期〜末期",NA
"〜平安時代",NA
"古代末〜鎌倉時代",NA
"古墳時代〜室町時代末期",NA
"古墳時代後期後半",NA
"弥生時代〜江戸",NA
"弥生時代前期以降",NA
"弥生時代〜古代･近世",NA
"奈良時代〜",NA
"古墳時代後期〜平安",NA
"弥生時代中期後葉〜古墳時代前期初頭",NA
"飛鳥時代〜鎌倉時代",NA
"古墳時代中期〜平安時代",NA
"縄文時代早期･弥生時代前期〜古墳時代中期･中世",NA
"縄文時代･弥生時代",NA
"縄文時代･弥生時代･古墳時代･古代･中世〜近世",NA
"弥生時代後期･古墳時代中期･奈良時代以降",NA
"奈良時代･平安時代･中世",NA
"古墳時代前期末〜中期",NA
"弥生時代後期末か古墳時代中期",NA
"縄文時代･弥生時代･古墳時代･江戸時代",NA
"縄文時代晩期か弥生時代",NA
"弥生時代中期〜古墳時代中期",NA
"江戸",NA
"弥生時代後期･古代",NA
"縄文時代･古墳時代･古代",NA
"旧石器時代･縄文時代･古墳時代･中世",NA
"縄文時代･弥生時代･中世以降",NA
"縄文時代･弥生時代･中世",NA
"平安時代･中世",NA
"弥生時代･古墳時代･飛鳥時代･奈良時代･平安時代･鎌倉時代･室町時代･江戸時代 ",NA
"縄文時代･弥生時代･古墳時代･奈良時代・平安時代･鎌倉時代〜江戸時代",NA
"縄文時代･弥生時代･古墳時代",NA
"奈良時代〜平安時代前半あるいは15世紀頃",NA
"弥生時代後期〜中近世",NA
"擦文",NA
"縄文時代後期末〜晩期",NA
"縄文時代後期･晩期･擦文時代･近世",NA
"江戸時代中期",NA
"古墳時代･奈良時代･平安時代･室町時代",NA
"古墳時代･奈良時代･平安時代",NA
"奈良時代〜平安時代?",NA
"平安時代末〜安土桃山時代",NA
"縄文時代〜江戸時代",NA
"弥生時代前期〜古墳時代",NA
"弥生時代中期後葉〜後期･奈良時代･近世",NA
"弥生時代中期末後葉",NA
"江戸〜明治初め",NA
"弥生時代前前期末〜中期初頭",NA
"弥生中期中葉",NA
"弥生中期前葉〜中葉",NA
"弥生前期頃",NA
"平安時代後期　",NA
"古墳時代前期後葉",NA
"古墳時代前期中葉以前",NA
"平安時代〜鎌倉時代･江戸時代",NA
"奈良(平安)時代〜鎌倉時代",NA
"縄文時代〜古墳時代･平安時代",NA
"縄文時代〜古墳時代･奈良時代･平安時代･鎌倉時代･室町時代",NA
"縄文時代〜古墳時代･奈良時代･中近世",NA
"縄文時代･弥生時代･古墳時代･奈良時代･平安時代･鎌倉時代",NA
"縄文時代以前･弥生時代後期〜古墳時代前期",NA
"弥生時代終末期後半",NA
"弥生時代後期後葉?",NA
"弥生時代中期〜終末期",NA
"弥生時代中期〜終末期･古墳時代〜中世･近代",NA
"弥生時代終末期後半以前",NA
"弥生時代後期中葉頃",NA
"縄文時代晩期〜弥生時代･古墳時代･奈良時代〜",NA
"縄文時代･弥生時代･古墳時代･古代･中世･近世",NA
"弥生時代後期後葉後半〜終末期前半",NA
"弥生時代終末期前半",NA
"弥生時代終末期後半〜古墳時代初頭",NA
"平安時代〜江戸時代",NA
"弥生時代･中世",NA
"縄文時代･弥生時代〜古墳時代･古代〜中近世",NA
"弥生時代前期?",NA
"弥生時代前期?〜中期(9層)",NA
"縄文時代･弥生時代･古代時代･中〜近世",NA
"縄文時代晩期中葉〜弥生時代前期",NA
"縄文時代後晩期･弥生･古墳時代前期",NA
"弥生時代中期〜中世",NA
"縄文時代後期中葉?",NA
"弥生時代中期末〜古墳時代",NA
"弥生時代前期〜中期以前",NA
"弥生時代後期後半〜古墳時代前期前半",NA
"弥生時代後期･古墳時代前期･奈良時代･平安時代･中世",NA
"弥生時代･古墳時代･古代･中〜近世",NA
"中世前半頃",NA
"古墳時代前期後葉〜中期前葉",NA
"弥生時代･古墳時代･奈良時代・平安時代",NA
"縄文時代･弥生時代後期･古墳時代初期･古墳時代中期",NA
"弥生時代中期後半･平安時代･鎌倉時代",NA
"古代･中〜近世",NA
"奈良時代〜近世",NA
"弥生時代末〜古墳時代初頭･奈良時代・平安時代以降",NA
"弥生時代後期末〜古墳時代前期初頭",NA
"弥生時代後期前葉〜中葉",NA
"弥生時代終末〜古墳時代前期初頭",NA
"古墳時代後期初頭",NA
"弥生時代･古墳時代･中近世",NA
"縄文時代･弥生時代･平安時代",NA
"古墳時代後期末",NA
"弥生時代終末〜古墳時代初期",NA
"古墳時代中期末葉",NA
"縄文時代後期〜律令期",NA
"縄文時代晩期〜弥生時代中期後葉",NA
"弥生時代中期後葉〜古墳時代",NA
"弥生時代終末期後葉",NA
"弥生時代終末期〜古墳時代前期初頭",NA
"弥生時代中期後葉〜後期前葉",NA
"弥生時代後期〜終末期初頭",NA
"縄文時代後晩期以前",NA
"縄文時代･弥生時代･古墳時代･近世以降",NA
"縄文時代･弥生時代･古墳時代･古代",NA
"縄文･弥生･古墳･古代",NA
"弥生時代･古代･中世〜近世",NA
"弥生時代･古墳時代･奈良時代",NA
"縄文時代後期初頭〜前葉頃",NA
"縄文時代後晩期〜中世",NA
"古墳時代後期以前",NA
"弥生時代中期後葉以降〜終末期",NA
"弥生時代前期末〜古代",NA
"旧石器時代･縄文時代･弥生時代",NA
"旧石器時代〜弥生時代･古墳時代〜古代･中世･近世",NA
"古墳時代〜平安時代初期",NA
"古墳時代〜奈良時代･平安時代",NA
"縄文時代･弥生時代･奈良時代・平安時代",NA
"縄文時代?弥生時代?",NA
"縄文時代･弥生時代･古墳時代･中世･近世",NA
"白凰時代･奈良時代･平安時代･中世後半期･近世初頭",NA
"弥生時代･中世後半期･近世初頭",NA
"〜中世",NA
"弥生時代後期末･飛鳥時代(7世紀後半)〜平安時代初期",NA
"奈良時代後半〜平安時代初期",NA
"古墳時代中期〜後期初頭",NA
"古墳時代末〜奈良時代",NA
"古墳時代から奈良時代",NA
"縄文時代〜奈良時代･中世",NA
"縄文･弥生･古墳･古代･中近世",NA
"古墳〜古代",NA
"弥生時代前期前半",NA
"弥生時代前期新段階",NA
"弥生時代後期後半以前",NA
"飛鳥時代･奈良時代･鎌倉時代",NA
"弥生時代前期中葉前半",NA
"古墳時代前〜後期",NA
"縄文時代後期中頃〜後半",NA
"縄文時代早期〜晩期",NA
"古墳時代後期前半",NA
"平安時代後半〜鎌倉時代初頭",NA
"縄文〜弥生時代早期",NA
"貝塚時代前期(縄文時代後期併行期)〜後期後半",NA
"貝塚時代前期〜後期",NA
"貝塚時代後期(高宮暫定編年後期)",NA
"貝塚時代前期〜後期(高宮暫定編年前Ⅳ期〜高宮暫定編年後期)",NA
"貝塚時代前期",NA
"琉球王朝",NA
"グスク時代〜琉球王朝",NA
"貝塚時代前期〜後期前半",NA
"貝塚時代後期前半",NA
"グスク時代〜琉球王朝以降",NA
"琉球王朝以降",NA
"旧石器時代･貝塚時代前期〜グスク時代",NA
"旧石器時代〜貝塚時代前期",NA
"貝塚時代後期後半〜グスク",NA
"貝塚時代前期〜グスク時代",NA
"貝塚時代後期前半以降",NA
"貝塚時代後期後半",NA
"グスク〜近世",NA
"グスク時代",NA
"グスク〜近世初期",NA
"貝塚時代前期？",NA
"縄文時代〜グスク時代･近世･近代",NA
"旧石器時代･貝塚時代前期〜琉球王朝",NA
"貝塚時代後期前半〜後半",NA
"グスク･近世･近代",NA
"グスク〜近代",NA
"先史時代･グスク時代･近世〜近代",NA
"先史時代･グスク時代･近世",NA
"先史時代･近世〜近代",NA
"貝塚時代前期･近世〜近代",NA
"近世初期〜",NA
"近世初期以前",NA
"貝塚時代前期･グスク〜近世･近代",NA
"グスク時代以降",NA
"貝塚時代前期･貝塚時代後期前半･グスク･琉球王朝",NA
"貝塚時代前期〜後期後半",NA
"旧石器時代･貝塚時代前期〜後期後半･グスク時代",NA
"貝塚時代前期〜グスク時代?",NA
"貝塚時代･グスク時代･近世･近代",NA
"貝塚時代前期･貝塚時代後期前半･貝塚時代後期後半･グスク時代･近世・近代",NA
"グスク時代･近世〜近代",NA
"貝塚時代中期･グスク時代〜近世",NA
"グスク時代以前",NA
"貝塚時代中期･グスク時代･古琉球〜近世",NA
"貝塚時代後期前半･貝塚時代後期後半",NA
"貝塚時代後期･近世･近現代",NA
"貝塚時代前期･貝塚時代後期前半･貝塚時代後期後半･グスク時代･近世･近代",NA
"貝塚時代後期前半･貝塚時代後期後半･グスク･近代･現代",NA
"貝塚時代後期前半･貝塚時代後期後半〜近代(戦前)",NA
"貝塚時代後期前半･貝塚時代後期後半･グスク時代",NA
"貝塚時代前期･近世･近代",NA
"貝塚時代前期〜後期･グスク時代",NA
"グスク時代･近･現代",NA
"グスク時代･近代･現代",NA
"無土器期(貝塚時代前期〜グスク時代)",NA
"貝塚時代前期･近世",NA
"琉球王朝･近世",NA
"グスク時代〜近世･近代",NA
"縄文時代･平安時代",NA
"縄文時代早期末葉〜前期前葉",NA
"縄文時代後期〜弥生",NA
"縄文時代前期前葉〜中期末葉",NA
"縄文時代後期中葉〜末葉",NA
"新石器時代〜現代(完新世)",NA
"縄文時代晩期前半〜中葉",NA
"縄文時代後･晩期",NA
"縄文時代後期後半〜晩期中葉",NA
"縄文時代後期後半〜晩期前半",NA
"縄文時代中期〜後期初頭",NA
"縄文時代草創期〜前期",NA
"縄文時代草創期〜中期",NA
"縄文時代晩期後半･弥生時代早期",NA
"後期旧石器時代・縄文時代",NA
"旧石器〜縄文",NA
"縄文時代早期前葉〜後葉",NA
"縄紋時代早期",NA
