Period,PeriodEN
10世紀初頭以前,Before Initial 10th Century
10世紀前半より前,Before Early 10th Century
10世紀前葉以前,Before Early 10th Century
10世紀後半以降,After Late 10th Century
12世紀〜近現代,12th Century - Modern/Present
18世紀後半〜19世紀前半,Late 18th Century - Early 19th Century
9世紀後半,Late 9th Century
Ag-KP降下以前,Below Ag-KP Tephra
As-BPGroup同位,Same level as As-BP Tephra Group 
As-BP上位,Above As-BP Tephra
As-B降下以前,Before As-B Tephra 
As-Kn(約5400年前)上位,"Above As-Kn Tephra (approx. 5,400 years ago)"
As-YP下位,Below As-YP Tephra 
ATより上位,Above AT Tephra 
AT下位,Below AT Tephra 
AT以降,Above AT Tephra
B-Tm･To-a自然堆積,B-Tm Tephra To-a Tephra Natural Sedimentation 
B-tmテフラ,B-Tm Tephra
B-Tm降下前,Below B-Tm Tephra
To-a,To-a Tephra
To-a上層,Above To-a Tephra
To-a火山灰,To-a Tephra 
To-a火山灰(950年前後)に覆われる,Below To-a Tephra
To-a火山灰より上層,Above To-a Tephra
To-a火山灰より下層,Below To-a Tephra
To-a火山灰以前,Below To-a Tephra
To-a火山灰以降,Above To-a Tephra
To-a火山灰又はB-Tm火山灰層上面,To-a Tephra or above B-Tm Tephra
To-a火山灰降下以前,Below To-a Tephra
To-a火山灰降下以後,Above To-a Tephra
To-b火山灰,To-b Tephra
To-Cu火山灰,To-Cu Tephra
To-cu火山灰下層,Below To-Cu Tephra 
To-Of火山灰,To-Of Tephra 
オホーツク文化期,Okhotsk Culture Period 
不明,NA  
不明(弥生後期?),NA (after Late Yayoi?) 
中〜近世,Medieval - Early Modern 
中･近世,Medieval/Early Modern 
中世,Medieval
中世　天正期,Medieval (Tensho)
中世〜戦国時代,Medieval - Sengoku
中世〜近世,Medieval - Early Modern
中世〜近世?,Medieval - Early Modern?
中世〜近世初期,Medieval - Early Modern [Initial]
中世〜近世初頭,Medieval - Early Modern [Initial]
中世〜近世頃,Medieval - Early Modern [ca.]
中世･近世,Medieval - Early Modern
中世?,Medieval?
中世？,Medieval?
中世?平安時代?,Medieval?/Heian
中世(14〜15世紀),Medieval (14th to 15th Century)
中世(縄文時代晩期以降),Medieval (after Final Jomon)
中世または平安時代,Medieval or Heian
中世以前,Before Medieval
中世以降,After Medieval 
中世以降近世,Medieval - Early Modern
中世初期,Medieval [Initial]
中世初頭,Medieval [Initial]
中世前半,Medieval [First Half ]
中世前半中頃(鎌倉時代中頃),Medieval [ca.Middle of First Half] (Kamakura [Middle ca.])
中世前半以降,Medieval [After the First Half ] 
中世前期,Medieval [Early]
中世後半,Medieval [Second Half]
中世後半〜近世,Medieval [Second Half] - Early Modern
中世後期,Medieval [Late]
中世後期〜近世初頭,Medieval [Late] - Early Modern [Initial]
中世後期〜近代,Medieval [Late] - Early Modern
中世末,Medieval [Final] 
中世末〜江戸初期,Medieval [Final] - Edo [Initial]
中世末〜近世初期,Medieval [Final] - Early Modern [Initial]
中世末〜近代,Medieval [Final] - Modern
中世末期〜近世,Medieval [Final] - Early Modern
中世末期〜近世初頭,Medieval [Final] - Early Modern [Initial]
中世末頃,Medieval [ca. Final] 
中世頃,Medieval [ca.]
中近世,Medieval/Early Modern 
八戸火山灰,Hachinohe Tephra 
八戸火山灰直下の砂丘堆積層下,Under [      ] immdediately before Hachinohe Tephra 
最終氷期,Last Glacial Period
十和田a火山灰降下以前,Before Towada a Tephra 
南北朝･室町時代以降,After Nambokucho/Muromachi 
南部浮石層,Nambu Fuseki Layer
南部浮石混入,Mixture of Nambu Fuseki
古代,Classical
古代〜中世,Classical - Medieval
古代〜中世初頭,Classical - Medieval [Initial]
古代〜中近世,Classical - Medieval/Early Modern
古代〜江戸時代頃,Classical - Edo [ca.]
古代〜近世,Classical - Early Modern
古代･中世,Classical/Early Modern
古代?,Classical?
古代？,Classical?
古代(飛鳥〜奈良),Classical (Asuka-Nara)
古代あるいは中世,Classical or Early Modern
古代から中世,Classical - Early Modern
古代または中世,Classical or Early Modern
古代もしくは12世紀,Classical or 12th Century
古代以前,Before Classical
古代以降,After Classical
古代前半期,Classical [First Half]
古代末〜中世,Classical [Final] - Medieval
古代末〜中世初頭,Classical [Final] - Medieval [Initial]
古代末〜中世前半頃,Classical [Final] - Medieval [ca. First Half]
古代末〜中世頃,Classical [Final] -  Medieval [ca.] 
古代末期〜中世,Classical [Final] - Medieval 
古墳〜奈良･平安時代,Kofun - Nara/Heian
古墳〜奈良時代,Kofun - Nara 
古墳〜平安,Kofun - Heian
古墳時代,Kofun  
古墳時代〜中世,Kofun - Medieval
古墳時代〜古代,Kofun - Classical
古墳時代〜奈良･平安時代,Kofun - Nara/Heian
古墳時代〜平安時代,kofun - Heian
古墳時代〜飛鳥時代,Kofun - Asuka
古墳時代?,Kofun?
古墳時代or中世,Kofun or Medieval
古墳時代あるいは中〜近世,Kofun or Medieval - Early Modern
古墳時代あるいは古代,Kofun or Classical
古墳時代から古代,Kofun - Classical 
古墳時代または中世,Kofun or Medieval 
古墳時代中〜後期,Middle Kofun - Late Kofun 
古墳時代中期,Middle Kofun  
古墳時代中期〜7世紀頃,Middle Kofun - 7th Century [ca.]
古墳時代中期〜古墳時代後期,Middle Kofun - Late Kofun 
古墳時代中期〜後期,Middle Kofun - Late Kofun 
古墳時代中期～後期,Middle Kofun - Late Kofun 
古墳時代中期中葉,Middle Kofun [Middle]
古墳時代中期以前,Before Middle Kofun
古墳時代中期前葉,Middle Kofun [Early]
古墳時代中期後半,Middle Kofun [Second Half]
古墳時代中期後半〜後期前半ごろ,Middle Kofun [Second Half] - Late Kofun [ca. First Half]
古墳時代中期後葉,Middle Kofun [Late]
古墳時代中期末,Middle Kofun [Final]
古墳時代中期頃,Middle Kofun [ca.] 
古墳時代中葉,Kofun [Middle]
古墳時代以前,Before Kofun
古墳時代以降,After Kofun
古墳時代初頭,Kofun [Initial]
古墳時代初頭〜前期,Kofun [Initial] - Early Kofun
古墳時代初頭〜前期前半,Kofun [Initial] - Early Kofun [First Half]
古墳時代前半,Kofun [First Half]
古墳時代前期,Early Kofun
古墳時代前期〜中期,Early Kofun - Middle Kofun
古墳時代前期〜古代･中世,Early Kofun - Classical/Medieval
古墳時代前期〜平安時代,Early Kofun - Heian
古墳時代前期〜後期,Early Kofun - Late Kofun
古墳時代前期〜終末期,Early Kofun - Kofun [Final]
古墳時代前期から奈良･平安時代,Early Kofun - Nara/Heian
古墳時代前期まで,Up to Early Kofun
古墳時代前期中葉,Early Kofun [Middle]
古墳時代前期以前,Before Early Kofun
古墳時代前期以降,After Early Kofun
古墳時代前期初頭,Early Kofun [Initial]
古墳時代前期前葉,Early Kofun [Early]
古墳時代前期後半,Early Kofun [Second Half]
古墳時代前期後半〜中期前半,Early Kofun [Second Half] - Middle Kofun [First Half]
古墳時代前期末,Early Kofun [Final]
古墳時代前期末〜中期中葉,Early Kofun [Final] - Middle Kofun [Middle]
古墳時代前期頃,Early Kofun [ca.]
古墳時代後半〜古代,Kofun [Second Half] - Classical
古墳時代後期,Late Kofun
古墳時代後期〜奈良･平安時代,Late Kofun - Nara/Heian
古墳時代後期〜奈良時代,Late Kofun - Nara
古墳時代後期〜平安時代,Late Kofun - Heian
古墳時代後期〜平安時代前期,Late Kofun - Heian [Early]
古墳時代後期〜近世,Late Kofun - Early Modern
古墳時代後期〜飛鳥時代初頭,Late Kofun - Asuka [Initial]
古墳時代後期〜飛鳥時代前半,Late Kofun - Asuka [First Half]
古墳時代後期か縄文時代後期,Late Kofun or Late Jomon
古墳時代後期まで,Up to Late Kofun 
古墳時代後期並行期,Late Kofun [Contemporary to]
古墳時代後期中葉,Late Kofun [Middle]
古墳時代後期以降,After Late Kofun
古墳時代後期前葉,Late Kofun [Early]
古墳時代後期後半以降奈良時代以前,Late Kofun [After Second Half] -Before Nara
古墳時代後期後葉,Late Kofun [Late]
古墳時代後期末葉,Late Kofun [Final]
古墳時代後期頃,Late Kofun [ca.]
古墳時代早･前期,Kofun [Initial] - Early Kofun 
古墳時代末〜平安時代,Kofun [Final] - Heian
古墳時代末〜飛鳥時代,Kofun [Final] - Asuka
古墳時代末から奈良時代頃,Kofun [Final] - Nara [ca.]
古墳時代終末期,Kofun [Final]
古墳時代終末期〜古代,Kofun [Final] - Classical
古寛永以降,After Kokanei
国分期,Kokubu 
土師器出土,Haji pottery unerthed 
土師時代,Haji
土師時代前期,Haji [Early]
大正時代,Taisho
天明3年埋没,Tenmei 3 burried
奈良〜平安時代,Nara - Heian
奈良・平安時代,Nara/Heian
奈良･平安時代,Nara/Heian
奈良･平安時代〜中世,Nara/Heian - Medieval
奈良･平安時代または中世,Nara/Heian or Medieval 
奈良･平安時代以降,After Nara/Heian
奈良時代,Nara
奈良時代〜平安時代,Nara - Heian
奈良時代〜平安時代(初頭),Nara - Heian [Initial]
奈良時代〜平安時代初頭,Nara - Heian [Initial]
奈良時代･平安時代,Nara/Heian
奈良時代から平安時代,Nara - Heian
奈良時代または平安時代,Nara or Heian
奈良時代中葉頃,Nara [ca. Middle]
奈良時代中頃,Nara [ca. Middle]
奈良時代以前,Before Nara
奈良時代以降,After Nara
奈良時代初頭,Nara [Initial]
奈良時代前半,Nara [First Half]
奈良時代前後,Nara [ca.]
奈良時代前期,Nara [Early]
奈良時代後半,Nara [Second Half]
奈良時代後半〜平安時代初頭,Nara [Second Half] - Heian [Initial]
奈良時代後半〜平安時代前半,Nara [Second Half] - Heian [First Half]
奈良時代後期〜平安時代初期,Nara [Late] - Heian [Initial]
奈良時代後期〜平安時代前期,Nara [Late] - Heian [Early]
奈良時代末〜平安時代,Nara [Final] - Heian 
奈良時代末〜平安時代はじめ,Nara [Final] - Heian [Initial] 
奈良時代末〜平安時代初頭,Nara [Final] - Heian [Initial] 
奈良時代末〜平安時代前半頃,Nara [Final] - Heian [ca.First Half ] 
奈良時代末〜平安時代前期,Nara [Final] - Heian [Early] 
奈良時代末期〜平安時代初期以降,Nara [Final] - Heian [after Initial] 
室町時代,Muromachi
室町時代〜戦国時代,Muromachi - Sengoku
室町時代〜桃山時代,Muromachi - Momoyama
室町時代?,Muromachi?
室町時代中頃,Muromachi [ca. Middle]
室町時代中頃〜江戸時代初頭,Muromachi [ca. Middle] - Edo [Initial]
室町時代初め〜戦国時代,Muromachi [Initial] - Sengoku
室町時代前半,Muromachi [First Half]
室町時代後半〜安土･桃山,Muromachi [Second Half] - Azuchi/Momoyama
室町時代後半〜江戸時代初頭,Muromachi [Second Half] - Edo [Initial]
室町時代後期〜桃山時代,Muromachi [Late] - Momoyama
室町時代後期〜江戸時代初頭,Muromachi [Late] - Edo [Initial]
"富士黒土層(10,000年前以降)","Fuji Kurotsuchi Layer (After 10,000 years ago) "
平安〜中世,Heian - Medieval
平安〜近世,Heian - Early Modern
平安時代,Heian
平安時代〜中世,Heian - Medieval
平安時代〜近世,Heian - Early Modern
平安時代〜鎌倉時代,Heian - Kamakura
平安時代?,Heian?
平安時代～鎌倉時代,Heian - Kamakura
平安時代or中近世,Heian or Medieval/Early Modern
平安時代or近世以降,Heian or after Early Modern
平安時代または戦国時代,Heian or Sengoku
平安時代を含む,Including Heian
平安時代中期,Heian [Middle]
平安時代中葉,Heian [Middle] 
平安時代中頃,Heian [Middle] 
平安時代中頃から後半,Heian [ca. Middle to Late]
平安時代以前,Before Heian
平安時代以後,After Heian
平安時代以降,After Heian
平安時代初期,Heian [Initial]
平安時代初頭,Heian [Initial]
平安時代初頭〜前半,Heian [Initial - First Half]
平安時代前半,Heian [First Half]
平安時代前後,Heian [ca.]
平安時代前期,Heian [Early]
平安時代前期以降,Heian [After Early]
平安時代前期前半頃,Heian [ca. First Half of Early Heian] 
平安時代半ば,Heian [Middle]
平安時代後半,Heian [Second Half]
平安時代後期,Heian [Late] 
平安時代後期後半,Heian [Second Half of Late Heian]
平安時代後期後半〜鎌倉時代初頭,Heian [Second Half of Late Heian] - Kamakura [Initial] 
平安時代末,Heian [Final]
平安時代末〜中世,Heian [Final] to Medieval
平安時代末〜戦国時代,Heian [Final] to Sengoku
平安時代末〜沖積,Heian [Final] (Alluvial)
平安時代末〜鎌倉時代,Heian [Final] to Kamakura
平安時代末〜鎌倉時代初頭,Heian [Final] to Kamakura [Initial]
平安時代末葉,Heian [Final]
平安時代末頃,Heian [ca. Final] 
弥生･古墳時代〜古代,Yayoi/Kofun - Classical
弥生時代,Yayoi
弥生時代〜中世,Yayoi - Medieval
弥生時代〜古代,Yayoi - Classical
弥生時代〜古墳時代,Yayoi - Kofun
弥生時代〜古墳時代前期,Yayoi - Early Kofun
弥生時代〜平安時代,Yayoi - Heian
弥生時代、古代、近世,"Yayoi, Classical, Early Modern"
弥生時代?,Yayoi?
弥生時代Ⅱ末〜Ⅲ初,Yayoi I [Final] o III [Initial]
弥生時代Ⅰ期中段階,Yahoi I [Middle]
弥生時代or中世,Yayoi or Medieval
弥生時代あるいは古代,Yayoi or Classical
弥生時代並行期〜中世,Yayoi [Contemporary to] to Medieval
弥生時代中期,Middle Yayoi
弥生時代中期〜古墳時代初頭,Middle Yayoi - Kofun [Initial]
弥生時代中期〜後期,Middle Yayoi - Late Yayoi
弥生時代中期〜後期後半,Middle Yayoi - Late Yayoi [Second Half]
弥生時代中期?,Middle Yayoi? 
弥生時代中期？,"Middle Yayoi? 
"
弥生時代中期～後期,Middle Yayoi to Late Yayoi
弥生時代中期～後期初頭,Middle Yayoi to Late Yayoi [Initial]
弥生時代中期～後期前葉,Middle Yayoi to Late Yayoi [Early]
弥生時代中期～後期相当期,Middle Yayoi - Late Yayoi equivalent
弥生時代中期中葉,Middle Yayoi [Middle]
弥生時代中期中葉〜奈良･平安時代,Middle Yayoi [Middle] - Nara/Heian
弥生時代中期中葉〜後半,Middle Yayoi [Middle - Second Half]
弥生時代中期中葉〜後葉,Middle Yayoi [Middle - Late]
弥生時代中期中葉以前縄文時代晩期以降,After Final Jomon before Middle Yayoi [Middle] 
弥生時代中期中頃,Middle Yayoi [ca. Middle] 
弥生時代中期以前,Before Middle Yayoi
弥生時代中期以降,After Middle Yayoi
弥生時代中期初頭,Middle Yayoi [Initial]
弥生時代中期初頭〜前葉,Middle Yayoi [Initial - Early]
弥生時代中期前半,Middle Yayoi [First Half]
弥生時代中期前半〜後期前半,Middle Yayoi [First Half] to Late Yayoi [First Half]
弥生時代中期前半頃,Middle Yayoi [ca.First Half]
弥生時代中期前葉,Middle Yayoi [Early]
弥生時代中期後半,Middle Yayoi [Second Half]
弥生時代中期後半〜後期,Middle Yayoi [Second Half] to Late Yayoi
弥生時代中期後半〜後期初頭,Middle Yayoi [Second Half] to Late Yayoi [Initial]
弥生時代中期後半〜後期前半,Middle Yayoi [Second Half] to Late Yayoi [First Half]
弥生時代中期後半〜末,Middle Yayoi [Second Half - Final]
弥生時代中期後葉,Middle Yayoi [Late]
弥生時代中期後葉〜古墳時代前期,Middle Yayoi [Late] - Early Kofun 
弥生時代中期後葉〜後期,Middle Yayoi [Late] - Late Yayoi
弥生時代中期後葉〜後期初頭,Middle Yayoi [Late] - Late Yayoi [Initial]
弥生時代中期後葉以降,After Middle Yayoi [Late]
弥生時代中期後葉末,Middle Yayoi [Final of Late] 
弥生時代中期末,Middle Yayoi [Final]
弥生時代中期末〜後期初頭,Middle Yayoi [Final] - Late Yayoi [Initial]
弥生時代中期頃,Middle Yayoi [ca.]
弥生時代以前,Before Yayoi
弥生時代以降,After Yayoi
弥生時代初期,Yayoi [Initial]
弥生時代初頭,Yayoi [Initial]
弥生時代前半,Yayoi [First Half]
弥生時代前期,Early Yayoi
弥生時代前期〜中期,Early Yayoi - Middle Yayoi
弥生時代前期〜中期初頭,Early Yayoi - Middle Yayoi [Initial]
弥生時代前期〜中期前葉,Early Yayoi - Middle Yayoi [Early]
弥生時代前期〜古代,Early Yayoi - Classical
弥生時代前期～中期,Early Yayoi - Middle Yayoi
弥生時代前期かそれ以降,Early Yayoi or After
弥生時代前期中ごろ,Early Yayoi [ca. Middle]
弥生時代前期中頃,Early Yayoi [ca. Middle]
弥生時代前期中頃～後半,Early Yayoi [ca. Middle - Second Half] 
弥生時代前期初頭,Early Yayoi [Initial]
弥生時代前期前葉～中頃,Early Yayoi [Early - Middle ca.] 
弥生時代前期後半,Early Yayoi [Second Half]
弥生時代前期後半〜中期中葉,Early Yayoi [Second Half] to Middle Yayoi [Middle]
弥生時代前期後半〜中期前半,Early Yayoi [Second Half] to Middle Yayoi [First Half]
弥生時代前期後半～末,Early Yayoi [Second Half - Final] 
弥生時代前期後葉,Early Yaoi [Late] 
弥生時代前期後葉〜中期前葉,Early Yayoi [Late] - Middle Yayoi [Early]
弥生時代前期末,Early Yayoi [Final]
弥生時代前期末〜中期,Early Yayoi [Final] - Middle Yayoi
弥生時代前期末〜古墳時代,Early Yayoi [Final] - Kofun
弥生時代前期末～中期初,Early Yayoi [Final] - Middle Yayoi [Initial]
弥生時代後半〜古墳時代前期,Yayoi [Second Half] - Early Kofun
弥生時代後半期,Yayoi [Second Half] 
弥生時代後期,Late Yayoi
弥生時代後期〜古墳時代,Late Yayoi - Kofun
弥生時代後期〜古墳時代初め,Late Yayoi - Kofun [Initial]
弥生時代後期〜古墳時代初頭,Late Yayoi - Kofun [Initial]
弥生時代後期〜古墳時代前期,Late Yaoyi - Early Kofun
弥生時代後期〜古墳時代前期頃,Late Yayoi - Early Kofun [ca.]
弥生時代後期〜奈良時代,Late Yayoi - Nara
弥生時代後期〜平安時代,Late Yayoi - Heian
弥生時代後期〜終末,Late Yayoi - Yayoi [Final] 
弥生時代後期〜終末期,Late Yayoi - Yayoi [Final] 
弥生時代後期?,Late Yayoi?
弥生時代後期？,Late Yayoi?
弥生時代後期～古墳時代,Late Yayoi - Kofun
弥生時代後期～古墳時代前期,Late Yayoi - Early Kofun
弥生時代後期～古墳時代相当,Late Yayoi - Kofun equivalent
弥生時代後期から古墳時代前期,Late Yayoi - Early Kofun
弥生時代後期中葉,Late Yayoi [Middle]
弥生時代後期中葉〜後葉,Late Yayoi [Middle - Late]
弥生時代後期以前,Before Late Yayoi
弥生時代後期以降,After Late Yayoi
弥生時代後期初頭,Late Yayoi [Initial]
弥生時代後期初頭および終末期,Late Yayoi [Initial and Final] 
弥生時代後期前半,Late Yayoi [First Half]
弥生時代後期前葉,Late Yayoi [Early]
弥生時代後期後半,Late Yaoyi [Second Half]
弥生時代後期後半〜古墳時代中期,Late Yayoi [Second Half] - Middle Kofun
弥生時代後期後半〜末葉,Late Yayoi [Second Half - Final]
弥生時代後期後半〜終末期,Late Yayoi [Second Half - Final]
弥生時代後期後半〜終末期以降,Late Yayoi [Second Half - after Final]
弥生時代後期後葉,Late Yayoi [Late]
弥生時代後期末,Late Yayoi [Final]
弥生時代後期末〜古墳時代,Late Yayoi [Final] - Kofun
弥生時代後期末〜古墳時代前期,Late Yayoi [Final] - Early Kofun
弥生時代後期末から古墳時代初頭,Late Yayoi [Final] - Kofun [Initial]
弥生時代後期末後葉,Late Yayoi [Late of Final]
弥生時代後期終末,Late Yayoi [Final] 
弥生時代後期終末〜古墳時代前半,Late Yayoi [Final] - Kofun [First Half]
弥生時代後期頃,Late Yayoi [ca.]
弥生時代採集末,Yayoi [Final of Gathering] 
弥生時代早期,Initial Yayoi 
弥生時代早期〜前期,Initial Yayoi - Early Yayoi
弥生時代早期？,Initial Yayoi?
弥生時代早期前半,Initial Yayoi [First Half]
弥生時代早期後半,Initial Yayoi [Second Half] 
弥生時代末,Yayoi [Final]
弥生時代末〜古墳時代,Yayoi [Final] - Kofun
弥生時代末〜古墳時代初め,Yayoi [Final] - Kofun [Initial]
弥生時代末〜古墳時代初頭,Yayoi [Final] - Kofun [Initial]
弥生時代末〜古墳時代初頭以前,Yayoi [Final] - before Kofun [Initial]
弥生時代末〜古墳時代前半,Yayoi [Final] - Kofun [First Half]
弥生時代末〜古墳時代前期,Yayoi [Final] - Early Kofun
弥生時代末から古墳時代初頭頃,Yayoi [Final] - Kofun [Initial ca.]
弥生時代末以降古墳時代後期までの間,Yayoi [Final] - Late Kofun
弥生時代末期〜古墳時代初頭,Yayoi [Final] - Kofun [Initial]
弥生時代末期〜古墳時代前期,Yayoi [Final] - Early Kofun
弥生時代末葉頃,Yayoi [ca. Final] 
弥生時代末頃,Yayoi [ca. Final] 
弥生時代終末,Yayoi [Final]
弥生時代終末〜古墳時代,Yayoi [Final] - Kofun
弥生時代終末〜古墳時代初頭,Yayoi [Final] - Kofun [Initial]
弥生時代終末〜古墳時代前期,Yayoi [Final] - Early Kofun
弥生時代終末以前？,Before Yayoi [Final]?
弥生時代終末以前か？,Before Yayoi [Final]?
弥生時代終末期,Yayoi [Final]
弥生時代終末期〜古墳時代,Yayoi [Final] - Kofun
弥生時代終末期〜古墳時代前期,Yayoi [Final] - Early Kofun
弥生時代終末期以前,Before Yayoi [Final]
弥生時代頃?,Yayoi [ca.]? 
後期旧石器時代,Late Palaeolithic
後期旧石器時代〜縄文時代,Late Palaeolithic - Jomon
後期旧石器時代〜縄文時代草創期,Late Palaeolithic - Jomon
後期旧石器時代初頭,Late Palaeolithic [Initial]
後期旧石器時代初頭〜末期,Late Palaeolithic [Initial - Final]
後期旧石器時代前半,Late Palaeolithic [First Half]
後期旧石器時代前半期,Late Palaeolithic [First Half]
後期旧石器時代後半,Late Palaeolithic [Second Half] 
後期旧石器時代後半〜縄文時代早期,Late Palaeolithic [Second Half] - Initial Jomon
後期旧石器時代末〜縄文時代,Late Palaeolithic [Final] - Jomon
後期更新世,Late Pleistocene
慶長15年(1610年頃),Keicho 15 (1610 ca.)
戦国時代,Sengoku   
戦国時代〜江戸時代,Sengoku - Edo
擦文時代中期,Middle Satsumon 
擦文時代前期,Early Satsumon 
擦文時代前期～中期,Early Satsumon - Middle Satsumon 
擦文時代後期,Late Satsumon 
擦文時代早期,Initial Satsumon 
擦文時代晩期,Final Satsumon 
新寛永以降,After Shinkanei
旧石器時代,Palaeolithic
旧石器時代〜中世,Palaeolithic - Medieval
旧石器時代〜中世並行期,Palaeolithic - Medieval [Contemporary to]
旧石器時代〜弥生時代中期,Palaeolithic - Middle Yayoi
旧石器時代〜縄文時代,Palaeolithic - Jomon
旧石器時代〜縄文時代草創期,Palaeolithic - Incipient Jomon
旧石器時代以降,After Palaeolithic
旧石器時代終末〜縄文時代草創期初頭,Palaeolithic [Final] - Incipient Jomon [Initial]
明治以降,After Meiji 
明治時代,Meiji 
明治時代以前,Before Meiji
更新世?,Pleistocene?
歴史時代,Rekishi
江戸時代,Edo 
江戸時代〜明治時代,Edo-Meiji
江戸時代?古代?,Edo? Classical?
江戸時代以前,Before Edo
江戸時代以降,After Edo
江戸時代前期〜大正時代,Early Edo - Taisho
江戸時代前期〜明治時代,Early Edo - Meiji
江戸時代前期以前,Before Early Edo  
江戸時代前期末〜中期初,Early Edo [Final] - Middle Edo [Initial]
江戸時代後期,Late Edo
江戸時代後期〜明治時代初期,Late Edo - Meiji [Initial]
江戸時代後期〜明治期,Late Edo - Meiji 
現代,Present
白頭山火山灰降下以前に廃絶,[   ] before Paektu-Zan Tephra 
白頭山火山灰降下以降,After Paektu-Zan Tephra 
白頭山火山灰降下後,After Paektu-Zan Tephra 
白頭山火山灰降下直前に廃絶,[   ] immediately before Paektu-Zan Tephra 
白鳳時代,Hakuho 
真間期,Mama 
続縄文,Subsequent Jomon
続縄文時代,Subsequent Jomon
続縄文時代？,Subsequent Jomon? 
縄文〜古代,Jomon - Classical
縄文･中世,Jomon/Medieval 
縄文中期〜後期主体,Middle Jomon - Mainly Late Jomon
縄文中期後葉,Middle Jomon [Late]
縄文後、晩期以降〜弥生中期,After Final Jomon - Middle Yayoi 
縄文時代,Jomon
縄文時代〜中世,Jomon - Medieval 
縄文時代〜古代,Jomon - Classical
縄文時代〜古墳時代,Jomon - Kofun
縄文時代〜古墳時代前期,Jomon - Early Kofun
縄文時代〜弥生時代,Jomon - Yayoi
縄文時代〜鎌倉時代,Jomon - Kamakura
縄文時代?,Jomon?
縄文時代(中期?),Jomon [Middle Jomon?]
縄文時代もしくは10世紀以降,Jomon or after 10th century
縄文時代中〜晩期,Middle Jomon - Jomon [Final]
縄文時代中後期,Middle - Late Jomon
縄文時代中期,Middle Jomon
縄文時代中期,Middle Jomon
縄文時代中期 初頭,Middle Jomon [Initial]
縄文時代中期〜後期,Middle Jomon - Late Jomon
縄文時代中期〜晩期,Middle Jomon - Jomon [Final]
縄文時代中期？,Middle Jomon?
縄文時代中期or晩期,Middle Jomon or Jomon [Final]
縄文時代中期および後期,Middle Jomon or Late Jomon
縄文時代中期中葉,Middle Jomon [Middle]
縄文時代中期中葉〜中葉末,Middle Jomon [Middle - Final]
縄文時代中期中葉〜後期初頭,Middle Jomon [Middle] - Late Jomon [Initial]
縄文時代中期中葉〜後期前葉,Middle Jomon [Middle] - Late Jomon [Early]
縄文時代中期中葉〜後葉,Middle Jomon [Middle - Late]
縄文時代中期中葉〜後葉頃,Middle Jomon [Middle - Late ca.]
縄文時代中期中葉〜晩期初頭,Middle Jomon [Middle] - Final Jomon [Initial]
縄文時代中期中葉〜末葉,Middle Jomon [Middle - Final]
縄文時代中期中葉?,Middle Jomon [Middle]? 
縄文時代中期中葉以前,Before Middle Jomon [Middle]
縄文時代中期中葉以降,After Middle Jomon [Middle]
縄文時代中期中葉以降?,After Middle Jomon [Middle]? 
縄文時代中期中頃から後期前半,Middle Jomon [Middle ca.] - Late Jomon [First Half]
縄文時代中期以前,Before Middle Jomon  
縄文時代中期以後,After Middle Jomon
縄文時代中期以降,Before Middle Jomon
縄文時代中期初頭,Middle Jomon [Initial]
縄文時代中期初頭〜中期中葉,Middle Jomon [Initial - Middle]
縄文時代中期初頭〜中期後葉,Middle Jomon [Initial - Late]
縄文時代中期初頭〜後期,Middle Jomon [Initial] - Late Jomon
縄文時代中期初頭から中葉,Middle Jomon [Initial - Middle]
縄文時代中期初頭頃,Middle Jomon [Initial ca.]
縄文時代中期前〜中葉,Middle Jomon [Early - Middle]
縄文時代中期前半,Middle Jomon [First Half]
縄文時代中期前半以降,After Middle Jomon [First Half]
縄文時代中期前葉,Middle Jomon [Early]
縄文時代中期前葉〜中期後葉,Middle Jomon [Early - Late]
縄文時代中期前葉〜中葉,Middle Jomon [Early - Middle]
縄文時代中期前葉以降,After Middle Jomon [Early]
縄文時代中期前葉前半,Middle Jomon [First Half of Early]
縄文時代中期前葉末,Middle Jomon [Final of Early]
縄文時代中期後〜末葉,Middle Jomon [Late - Final]
縄文時代中期後半,Middle Jomon [Second Half]
縄文時代中期後半〜後期初頭,Middle Jomon [Second Half] - Late Jomon [Initial]
縄文時代中期後半〜末,Middle Jomon [Second Half - Final]
縄文時代中期後半〜末葉,Middle Jomon [Second Half - Final]
縄文時代中期後半前葉,Middle Jomon [Early of Second Half]
縄文時代中期後葉,Middle Jomon [Late]
縄文時代中期後葉〜後期初頭,Middle Jomon [Late] - Late Jomon [Initial]
縄文時代中期後葉〜後期前葉,Middle Jomon [Late] - Late Jomon [Early]
縄文時代中期後葉〜末葉,Middle Jomon [Late - Final]
縄文時代中期後葉以前,Before Middle Jomon [Late]
縄文時代中期後葉以降,After Middle Jomon [Late]
縄文時代中期後葉初頭,Middle Jomon [Initial of Late]
縄文時代中期後葉末〜後期前葉,Middle Jomon [Final of Late] - Late Jomon [Early]
縄文時代中期末,Middle Jomon [Final]
縄文時代中期末〜後期,Middle Jomon [Final] - Late Jomon
縄文時代中期末〜後期初頭,Middle Jomon [Final] - Late Jomon [Initial]
縄文時代中期末〜後期前葉,Middle Jomon [Final] - Late Jomon [Early]
縄文時代中期末〜晩期初頭,Middle Jomon [Final] - Final Jomon [Initial]
縄文時代中期末〜晩期前半,Middle Jomon [Final] - Final Jomon [First Half]
縄文時代中期末？,Middle Jomon [Final]?
縄文時代中期末から晩期初頭,Middle Jomon [Final] - Final Jomon [Initial]
縄文時代中期末葉,Middle Jomon [Final]
縄文時代中期末葉〜後期,Middle Jomon [Final] - Late Jomon
縄文時代中期末葉〜後期初頭,Middle Jomon [Final] - Late Jomon [Initial]
縄文時代中期末葉〜後期前半より新しい,Newer than Middle Jomon [Final] -  Late Jomon [Early]
縄文時代中期末葉〜後期前葉,Middle Jomon [Final] - Late Jomon [Early]
縄文時代中期末葉〜後期前葉以前,Before Middle Jomon [Final] - Late Jomon [Early] 
縄文時代中期末葉･後期後葉〜晩期前葉,Middle Jomon [Final]/Late Jomon [Late] - Final Jomon [Early]
縄文時代中期末葉以前,Before Middle Jomon [Final]
縄文時代中期末葉以降,After Middle Jomon [Final]
縄文時代中期末葉頃,Middle Jomon [Final ca.]
縄文時代中期頃?,Middle Jomon [ca.]?
縄文時代以前,Before Jomon
縄文時代以降,After Jomon
縄文時代初頭,Initial Jomon
縄文時代前〜中期,Early Jomon - Middle Jomon
縄文時代前期,Early Jomon
縄文時代前期,Early Jomon
縄文時代前期〜中期,Early Jomon - Middle Jomon
縄文時代前期〜中期?,Early Jomon - Middle Jomon?
縄文時代前期〜古墳時代,Early Jomon - Kofun
縄文時代前期〜弥生,Early Jomon - Yayoi
縄文時代前期〜後期,Early Jomon - Late Jomon
縄文時代前期〜晩期,Early Jomon - Final Jomon
縄文時代前期?,Early Jomon?
縄文時代前期～中期,Early Jomon - Middle Jomon
縄文時代前期～中期？,Early Jomon - Middle Jomon?
縄文時代前期or晩期,Early Jomon or Final Jomon
縄文時代前期上限,Upper limit of Early Jomon 
縄文時代前期中葉,Early Jomon [Middle]
縄文時代前期中葉〜中期初頭,Early Jomon [Middle] - Middle Jomon [Initial]
縄文時代前期中葉〜後葉,Early Jomon [Middle - Late]
縄文時代前期中葉〜末葉,Early Jomon [Middle - Final]
縄文時代前期中葉から中期前半,Early Jomon [Middle] - Middle Jomon [First Half]
縄文時代前期中葉以前,Before Early Jomon [Middle]
縄文時代前期中頃,Early Jomon [Middle ca.]
縄文時代前期中頃〜中期以前,Early Jomon [Middle ca.] - Before Middle Jomon
縄文時代前期以前,Before Early Jomon  
縄文時代前期以降,After Early Jomon
縄文時代前期初頭,Early Jomon [Initial]
縄文時代前期初頭〜中葉,Early Jomon [Initial - Middle]
縄文時代前期初頭〜前葉,Early Jomon [Initial - Early]
縄文時代前期初頭?,Early Jomon [Initial]?
縄文時代前期初頭以前,Before Early Jomon [Initial]
縄文時代前期初頭以後,After Early Jomon [Initial]
縄文時代前期前半,Early Jomon [First Half]
縄文時代前期前半〜中葉,Early Jomon [First Half - Middle]
縄文時代前期前半〜後期中葉,Early Jomon [First Half] - Late Jomon [Middle]
縄文時代前期前半頃,Early Jomon [First Half ca.]
縄文時代前期前葉,Early Jomon [Early]
縄文時代前期前葉〜中期初頭,Early Jomon [Early] - Middle Jomon [Initial]
縄文時代前期前葉〜中葉,Early Jomon [Early - Middle]
縄文時代前期及び後期,Early Jomon and Late Jomon
縄文時代前期後〜末葉,Early Jomon [Late - Final]
縄文時代前期後半,Early Jomon [Second Half]
縄文時代前期後半〜中世まで存在,Early Jomon [Second Half] - Medieval
縄文時代前期後半〜中期初頭,Early Jomon [Second Half] - Middle [Initial]
縄文時代前期後半〜後期前半,Early Jomon [Second Half] - Late Jomon [First Half]
縄文時代前期後半〜末,Early Jomon [Second Half - Final]
縄文時代前期後葉,Early Jomon [Late] 
縄文時代前期後葉〜中期初頭,Early Jomon [Late] - Middle Jomon [Initial]
縄文時代前期後葉〜末葉,Early Jomon [Late - Final] 
縄文時代前期後葉以降,After Early Jomon [Late] 
縄文時代前期末,Early Jomon [Final]
縄文時代前期末〜中期中葉,Early Jomon [Final] - Middle Jomon [Middle]
縄文時代前期末〜中期初頭,Early Jomon [Final] - Middle Jomon [Initial]
縄文時代前期末〜中期前半,Early Jomon [Final] - Middle Jomon [First Half]
縄文時代前期末〜中期前葉,Early Jomon [Final] - Middle Jomon [Early]
縄文時代前期末〜中期末,Early Jomon [Final] - Middle Jomon [Final]
縄文時代前期末〜後期,Early Jomon [Final] - Late Jomon
縄文時代前期末葉,Early Jomon [Final]
縄文時代前期末葉〜中期中葉,Early Jomon [Final] - Middle Jomon [Middle]
縄文時代前期末葉〜中期初頭,Early Jomon [Final] - Middle Jomon [Initial]
縄文時代前期末葉〜中期前葉,Early Jomon [Final] - Middle Jomon [Early]
縄文時代前期末葉〜後期初頭,Early Jomon [Final] - Late Jomon [Initial]
縄文時代前期末葉?,Early Jomon [Final]?
縄文時代前期末葉以前,Before Early Jomon [Final]
縄文時代前期末頃,Early Jomon [Final ca.]
縄文時代前期関山式期,Early Jomon [Sekiyama-shiki period]
縄文時代堀之内期,Jomon [Horinouchi period]
縄文時代後晩期,Late Jomon - Final Jomon
縄文時代後晩期?,Late Jomon - Final Jomon?
縄文時代後期,Late Jomon 
縄文時代後期〜前期,Late Jomon - Early Jomon
縄文時代後期〜古墳時代,Late Jomon - Kofun
縄文時代後期〜弥生時代中期,Late Jomon - Middle Yayoi
縄文時代後期〜弥生時代後期,Late Jomon - Late Yayoi
縄文時代後期〜晩期,Late Jomon - Final Jomon
縄文時代後期〜晩期?,Late Jomon - Final Jomon?
縄文時代後期〜晩期にはすでに埋没,Already burried Late Jomon - Final Jomon 
縄文時代後期〜晩期初頭,Late Jomon - Final Jomon [Initial]
縄文時代後期〜晩期前葉,Late Jomon - Final Jomon [Early]
縄文時代後期・晩期,Late Jomon - Final Jomon
縄文時代後期･晩期,Late Jomon - Final Jomon
縄文時代後期?,Late Jomon?
縄文時代後期？,Late Jomon?
縄文時代後期～晩期,Late Jomon - Final Jomon
縄文時代後期から晩期,Late Jomon - Final Jomon
縄文時代後期ないし晩期,Late Jomon or Final Jomon
縄文時代後期中葉,Late Jomon [Middle]
縄文時代後期中葉〜後葉,Late Jomon [Middle - Late]
縄文時代後期中葉〜晩期初頭,Late Jomon [Middle] - Final Jomon [Initial]
縄文時代後期中葉〜晩期後半,Late Jomon [Middle] - Final Jomon [Second Half]
縄文時代後期中頃,Late Jomon [Middle ca.]
縄文時代後期以前,Before Late Jomon
縄文時代後期以降,After Late Jomon
縄文時代後期最終末,Late Jomon [Very Final]
縄文時代後期初頭,Late Jomon [Initial]
縄文時代後期初頭〜前様,Late Jomon [Initial - Early]
縄文時代後期初頭〜前葉,Late Jomon [Initial - Early]
縄文時代後期初頭〜前葉前半,Late Jomon [Initial - First Half of Early]
縄文時代後期初頭〜晩期前葉,Late Jomon [Initial] - Final Jomon [Early]
縄文時代後期初頭?,Late Jomon [Initial]?
縄文時代後期初頭から中葉,Late Jomon [Initial - Middle]
縄文時代後期初頭の貝層にきられる,Cut by [       ] of Late Jomon [Initial] 
縄文時代後期前半,Late Jomon [First Half]
縄文時代後期前様,Late Jomon [Early]
縄文時代後期前様以後,After Late Jomon [Early]
縄文時代後期前葉,Late Jomon [Early]
縄文時代後期前葉〜中葉,Late Jomon [Early - Middle]
縄文時代後期前葉〜後葉,Late Jomon [Early - Late]
縄文時代後期前葉〜晩期前葉,Late Jomon [Early] - Final Jomon [Early]
縄文時代後期前葉かそれ以降,Late Jomon [Early] or later 
縄文時代後期後半,Late Jomon [Second Half]
縄文時代後期後半〜晩期,Late Jomon [Second Half] - Final Jomon
縄文時代後期後半〜晩期前葉,Late Jomon [Second Half] - Final Jomon [Early]
縄文時代後期後半?,Late Jomon [Second Half]?
縄文時代後期後半初め,Late Jomon [Initial of Second Half]
縄文時代後期後葉,Late Jomon [Late]
縄文時代後期後葉〜晩期,Late Jomon [Late] - Final Jomon
縄文時代後期後葉〜晩期中葉,Late Jomon [Late] - Final Jomon [Middle]
縄文時代後期後葉〜晩期初頭,Late Jomon [Late] - Final Jomon [Initial]
縄文時代後期後葉〜晩期前葉,Late Jomon [Late] - Final Jomon [Early]
縄文時代後期後葉〜末葉,Late Jomon [Late - Final]
縄文時代後期後葉から晩期初頭,Late Jomon [Late] - Final Jomon [Initial]
縄文時代後期後葉以降,After Late Jomon [Late]
縄文時代後期晩期,Late Jomon [Final]
縄文時代後期末,Late Jomon [Final]
縄文時代後期末〜弥生時代,Late Jomon [Final] - Yayoi
縄文時代後期末〜晩期中葉,Late Jomon [Final] - Final Jomon [Middle]
縄文時代後期末〜晩期初頭,Late Jomon [Final] - Final Jomon [Initial]
縄文時代後期末?,Late Jomon [Final]?
縄文時代後期末～晩期初,Late Jomon [Final] - Final Jomon [Initial]
縄文時代後期末以前,Before Late Jomon [Final]
縄文時代後期末葉,Late Jomon [Final]
縄文時代後期末葉〜晩期初頭,Late Jomon [Final] - Final Jomon [Initial]
縄文時代後期末葉以前,Before Late Jomon [Final]
縄文時代後期末頃,Late Jomon [Final ca.]
縄文時代後期終末,Late Jomon [Final]
縄文時代後期頃,Late Jomon [ca.]
縄文時代早創期,Incipient Jomon 
縄文時代早創期〜前期,Incipient Jomon - Early Jomon
縄文時代早期,Initial Jomon 
縄文時代早期〜中世並行期,Initial Jomon - Medieval [Contemporary to]
縄文時代早期〜前期,Initial Jomon - Early Jomon
縄文時代早期〜前期初頭,Initial Jomon - Early Jomon [Initial]
縄文時代早期〜古代,Initial Jomon - Classical
縄文時代早期〜後期,Initial Jomon - Late Jomon
縄文時代早期･前期,Initial Jomon/Early Jomon
縄文時代早期?,Initial Jomon?
縄文時代早期中葉,Initial Jomon [Middle]
縄文時代早期中葉〜前期,Initial Jomon [Middle] - Early Jomon
縄文時代早期中葉〜後葉,Initial Jomon [Middle - Late]
縄文時代早期中葉〜後葉前半,Initial Jomon [Middle] - Late Jomon [First Half]
縄文時代早期中葉〜早期末･前期初頭,Initial Jomon [Middle] - Initial Jomon [Final]/Early Jomon [Initial]
縄文時代早期以前,Before Initial Jomon 
縄文時代早期以降,After Initial Jomon 
縄文時代早期以降?,Initial Jomon? 
縄文時代早期初頭,Initial Jomon [Initial]
縄文時代早期初頭または草創期後葉,Initial Jomon [Initial] or Incipient Jomon [Late] 
縄文時代早期初頭頃,Initial Jomon [Initial ca.]
縄文時代早期前半,Initial Jomon [First Half]
縄文時代早期前葉,Initial Jomon [Early]
縄文時代早期前葉〜中葉,Initial Jomon [Early - Middle]
縄文時代早期後半,Initial Jomon [Second Half]
縄文時代早期後半〜前期,Initial Jomon [Second Half] - Early Jomon
縄文時代早期後半〜前期初頭,Initial Jomon [Second Half] - Early Jomon [First Half]
縄文時代早期後半〜前期前半,Initial Jomon [Second Half] - Early Jomon [Initial]
縄文時代早期後半〜末,Initial Jomon [Second Half - Final]
縄文時代早期後半から前期中葉,Initial Jomon [Second Half] - Early Jomon [Middle]
縄文時代早期後半以前,Before Initial Jomon [Second Half]
縄文時代早期後半頃,Initial Jomon [Second Half ca.]
縄文時代早期後葉,Initial Jomon [Late]
縄文時代早期後葉〜前期初頭,Initial Jomon [Late] - Early Jomon [Initial]
縄文時代早期後葉〜末葉,Initial Jomon [Late - Final]
縄文時代早期末,Initial Jomon [Final]
縄文時代早期末〜中期後葉,Initial Jomon [Final] - Middle Jomon [Final]
縄文時代早期末〜前期,Initial Jomon [Final] - Early Jomon
縄文時代早期末〜前期最初期,Initial Jomon [Final] - Early Jomon [Initial]
縄文時代早期末〜前期初頭,Initial Jomon [Final] - Early Jomon [Initial]
縄文時代早期末〜前期前葉,Initial Jomon [Final] - Early Jomon [Early]
縄文時代早期末葉,Initial Jomon [Final]
縄文時代早期末葉〜前期,Initial Jomon [Final] - Early Jomon
縄文時代早期終末,Initial Jomon [Final]
縄文時代早期頃,Initial Jomon [ca.]
縄文時代晩期,Final Jomon 
縄文時代晩期〜古代,Final Jomon - Classical
縄文時代晩期〜古墳時代前期,Final Jomon - Early Kofun
縄文時代晩期〜古墳時代後期,Final Jomon - Late Kofun
縄文時代晩期〜弥生時代,Final Jomon - Yayoi
縄文時代晩期〜弥生時代中期,Final Jomon - Middle Yaoi
縄文時代晩期〜弥生時代初頭,Final Jomon - Initial Yayoi
縄文時代晩期〜弥生時代前期,Final Jomon - Early Yayoi
縄文時代晩期〜弥生時代後期,Final Jomon - Late Yayoi 
縄文時代晩期?,Final Jomon? 
縄文時代晩期～弥生時代前期,Final Jomon - Early Yayoi 
縄文時代晩期～弥生時代早期,Final Jomon - Initial Yayoi 
縄文時代晩期～続縄文時代,Final Jomon - Subsequent Jomon
縄文時代晩期か平安時代,Final Jomon or Heian
縄文時代晩期中〜後葉,Final Jomon [Middle - Late]
縄文時代晩期中葉,Final Jomon [Middle] 
縄文時代晩期中葉〜後葉,Final Jomon [Middle - Late] 
縄文時代晩期中葉以降,After Final Jomon [Middle] 
縄文時代晩期中葉前半,Final Jomon [First Half of Middle] 
縄文時代晩期中葉末〜後葉,Final Jomon [Final of Middle - Late] 
縄文時代晩期中葉頃?,Final Jomon [Middle ca.] 
縄文時代晩期以前,Before Final Jomon
縄文時代晩期以降,After Final Jomon
縄文時代晩期最終末〜弥生時代中期,Final Jomon [Final] - Middle Yayoi 
縄文時代晩期最終末期,Final Jomon [Final]  
縄文時代晩期初頭,Final Jomon [Initial]
縄文時代晩期初頭〜中葉,Final Jomon [Initial - Middle]
縄文時代晩期初頭〜前様,Final Jomon [Initial - Early]
縄文時代晩期初頭〜前葉,Final Jomon [Initial - Early]
縄文時代晩期前〜中葉,Final Jomon [Early]
縄文時代晩期前半,Final Jomon [First Half] 
縄文時代晩期前半頃,Final Jomon [First Half ca.] 
縄文時代晩期前葉,Final Jomon [Early]
縄文時代晩期前葉〜中期,Final Jomon [Early - Middle]
縄文時代晩期前葉〜中葉,Final Jomon [Early - Middle]
縄文時代晩期前葉〜末葉,Final Jomon [Early - Final]
縄文時代晩期前葉前半〜後半,Final Jomon [First Half of Early - Second Half]
縄文時代晩期前葉後半,Final Jomon [Second Half of Early]
縄文時代晩期前葉後半〜中葉前半,Final Jomon [Second Half of Early - First Half of Middle]
縄文時代晩期後〜末葉,Final Jomon [Late - Final]
縄文時代晩期後半,Final Jomon [Second Half] 
縄文時代晩期後半〜弥生時代前期,Final Jomon [Second Half] - Early Yayoi
縄文時代晩期後半〜弥生時代前期前半,Final Jomon [Second Half] - Early Yayoi [First Half]
縄文時代晩期後半?,Final Jomon [Second Half]?
縄文時代晩期後半以前,Before Final Jomon [Second Half] 
縄文時代晩期後葉,Final Jomon [Late] 
縄文時代晩期後葉〜弥生時代中期,Final Jomon [Late] - Middle Yayoi
縄文時代晩期後葉〜弥生時代中期前半,Final Jomon [Late] - Middle Yayoi [First Half]
縄文時代晩期後葉〜弥生時代前期,Final Jomon [Late] - Early Yayoi
縄文時代晩期後葉〜末葉,Final Jomon [Late - Final] 
縄文時代晩期末,Final Jomon [Final]
縄文時代晩期末〜弥生時代中期初め,Final Jomon [Final] - Middle Yayoi [Initial]
縄文時代晩期末〜弥生時代前期,Final Jomon [Final] - Early Yayoi
縄文時代晩期末以降,After Final Jomon [Final]
縄文時代晩期末葉,Final Jomon [Final]
縄文時代晩期末葉〜弥生時代初期,Final Jomon [Final] - Initial Yayoi
縄文時代晩期終末,Final Jomon [Final]
縄文時代晩期終末〜弥生時代中期初頭,Final Jomon [Final] - Middle Yayoi [Initial]
縄文時代晩期終末〜弥生時代中期頃,Final Jomon [Final] - Middle Yayoi [ca.]
縄文時代晩期頃〜弥生時代,Final Jomon [ca.] - Yayoi
縄文時代末,Final Jomon
縄文時代末〜弥生時代,Final Jomon - Yayoi 
縄文時代末期〜弥生時代初期,Final Jomon - Initial Yayoi
縄文時代終末〜弥生時代前期,Final Jomon - Early Yayoi
縄文時代草創期,Incipient Jomon 
縄文時代草創期〜早期?,Incipient Jomon - Initial Jomon?
縄文時代草創期or後晩期,Incipient Jomon - Late/Final Jomon
縄文時代草創期あるいは早期,Incipient Jomon or Initial Jomon
縄文時代草創期および前期前半,Incipient Jomon and Early Jomon [First Half] 
縄文時代草創期以前,Before Incipient Jomon 
縄文時代草創期後半,Incipient Jomon [Second Half]
縄文時代草創期後葉,Incipient Jomon [Late]
縄文時代草創期後葉?,Incipient Jomon [Late]?
縄文時代草創期末〜早期初頭,Incipient Jomon [Late] - Initial Jomon [Initial]
縄文時代草創期終末,Incipient Jomon [Final]
縄文時代遺物包含層,Jomon
肘折浮石層中,In Hijiori Fuseki Layer 
要確認,NA
貝塚時代後期,Kaizuka [Late]
近世,Early Modern 
近世〜明治,Early Modern - Meiji
近世〜近代,Early Modern - Modern
近世〜近現代,Early Modern - Modern/Present
近世･近代,Early Modern/Modern
近世?,Early Modern? 
近世or近代,Early Modern or Modern
近世アイヌ,Early Modern Ainu
近世以前,Before Early Modern 
近世以降,After Early Modern 
近世初頭,Early Modern [Initial]
近世前半,Early Modern [First Half]
近代,Modern 
近代〜現代,Modern - Present
近代以前,Before Modern 
近代以降,After Modern 
近現代,Modern/Present
近現代以降,After Modern/Present 
鎌倉時代,Kamakura
鎌倉時代〜室町時代,Kamakura - Muromachi
鎌倉時代〜室町時代前半,Kamakura - Muromachi [First Half]
鎌倉時代Ⅲa〜Ⅳ期,Kamakura IIIa - IV
鎌倉時代中頃,Kamakura [Middle]
鎌倉時代以降,After Kamakura
鎌倉時代初期,Kamakura [Initial]
鎌倉時代前半,Kamakura [First Half]
鎌倉時代後半,Kamakura [Second Half]
鎌倉時代後半〜室町時代初頭,Kamakura [Second Half] - Muromachi [Initial]
鎌倉時代後半〜江戸時代初頭,Kamakura [Second Half] - Edo [Initial]
鎌倉時代末〜室町時代初期,Kamakura [Final] - Muromachi [Initial]
飛鳥･奈良時代,Asuka/Nara
飛鳥時代,Asuka
飛鳥時代〜奈良時代,Asuka - Nara
飛鳥時代〜平安時代,Asuka - Heian
飛鳥時代･奈良時代,Asuka/Nara
飛鳥時代後半〜奈良時代前半,Asuka [Second Half] - Nara [First Half]
飛鳥時代末〜奈良時代,Asuka [Final] - Nara 
飛鳥時代末〜平安時代初頭,Asuka [Final] - Heian [Initial]
飛鳥時代末〜平安時代前期前半,Asuka [Final] - Heian [First Half of Early]
NA,NA
