Phase,PhaseEN
　,NA
_,NA
〜9世紀前半,Up to 9th century [First Half]
(TK47〜MT15期),(TK47 - MT15)
(月影Ⅰ式),(Tsukikage I)
(猫橋式)(白江式),(Nekobashi) (Shiroe)
(磯部式～）戸水式,(Isobe - ) Tomizu
(磯部式～)戸水式,(Isobe - ) Tomizu 
1.7万〜1.6万年前,"17,000 - 16,000 years ago"
10〜11世紀,10th century - 11th century
10〜12世紀,10th century - 12th century
10000〜13000B.C.,"13,000 - 10,000 BC"
1060〜1080年頃もしくは11世紀末〜12世紀前葉,1060 - 1080 AD [ca.] or 11th century [Final] - 12th century [Early]
10世紀,10th century
10世紀〜11世紀,10th century - 11th century
10世紀まで,Up to 10th century
10世紀中〜後葉?,10th century [Middle - Late?]
10世紀中葉,10th century [Middle]
10世紀中葉〜11世紀初頭,10th century [Middle] - 11th century [Initial]
10世紀中葉以降,After 10th century [Middle]
10世紀中頃,10th century [Middle ca.]
10世紀中頃以降,After 10th century [Middle]
10世紀代,10th century [ca.]
10世紀代以降,After 10th century [ca.]
10世紀以前,Before 10th century
10世紀以降,After 10th century
10世紀初頭,10th century [Initial]
10世紀初頭頃,10th century [Initial ca.]
10世紀前〜中葉,10th century [Early - Middle]
10世紀前〜中葉?,10th century [Early - Middle?]
10世紀前半,10th century [First Half]
10世紀前半〜11世紀前半,10th century [First Half] - 11th century [First Half]
10世紀前半から中葉,10th century [First Half - Middle]
10世紀前半以前,Before 10th century [First Half]
10世紀前半以降,After 10th century [First Half]
10世紀前半期,10th century [First Half]
10世紀前半頃,10th century [First Half ca.]
10世紀前後,10th century [ca.]
10世紀前葉,10th century [Early]
10世紀前葉〜中葉,10th century [Early - Middle]
10世紀前葉以前,Before 10th century [Early]
10世紀前葉以降,After 10th century [Early]
10世紀前葉頃,10th century [Early ca.]
10世紀半ば,10th century [Middle]
10世紀後半,10th century [Second Half]
10世紀後半〜11世紀,10th century [Second Half] - 11th century
10世紀後半〜11世紀代、14世紀後半〜15世紀前半,"10th century [Second Half] - 11th century, 14th century [Second Half] - 15th century [First Half]"
10世紀後半〜11世紀前半,10th century [Second Half] - 11th century [First Half]
10世紀後半〜15世紀前半,10th century [Second Half] - 15th century [First Half]
10世紀後半以降,After 10th century [Second Half]
10世紀後葉,10th century [Late]
10世紀末〜11世紀前半,10th century [Final] - 11th century [First Half]
10世紀第1四半期〜中葉,10th century [First Quarter - Middle]
10世紀第1四半期頃,10th century [First Quarter ca.]
10世紀第2四半期以降,After 10th century [Second Quarter]
10世紀第一四半期,10th century [First Quarter]
10世紀頃,10th century [ca.]
11〜12世紀,11th century - 12th century
11〜13世紀,11th century - 13th century
1143年金堂焼失,1143 AD [Kondo burned down]
11世紀,11th century
11世紀〜12世紀,11th century - 12th century
11世紀〜12世紀前半,11th century - 12th century [First Half]
11世紀〜17世紀,11th century - 17th century
11世紀中頃,11th century [ca.]
11世紀中頃〜13世紀前半,11th century [ca.] - 13th century [First Half]
11世紀代,11th century [ca.]
11世紀初頭,11th century [Initial]
11世紀前半,11th century [First Half]
11世紀前半〜12世紀中頃,11th century [First Half] - 12th century [Middle ca.]
11世紀前半〜12世紀半ば,11th century [First Half] - 12th century [Middle]
11世紀前半以降,After 11th century [First Half]
11世紀半ば〜12世紀後半,11th century [First Half] - 12th century [Second Half]
11世紀後半〜12世紀,11th century [Second Half] - 12th century
11世紀後半〜12世紀中葉頃,11th century [Second Half] - 12th century [Middle ca.]
11世紀後半〜12世紀代,11th century [Second Half] - 12th century [ca.]
11世紀後半〜13世紀初頭,11th century [Second Half] - 13th century [Initial]
11世紀頃,11th century [ca.] 
12〜13世紀･土師器･須恵器,12th century - 13th century [Hajiki / Sueki]
12〜14世紀,12th century - 14th century 
12〜15世紀,12th century - 15th century
12〜16世紀,12th century - 16th century
12世紀,12th century 
12世紀、15世紀後半〜16世紀,"12th century, 15th century [Second Half] - 16th century"
12世紀?,12th century?
12世紀中頃,12th century [Middle ca.]
12世紀代,12th century [ca.]
12世紀前半,12th century [First Half]
12世紀後半,12th century [Second Half]
12世紀後半〜13世紀,12th century [Second Half] - 13th century
12世紀後半〜13世紀初頭,12th century [Second Half] - 13th century [Initial]
12世紀後半〜13世紀前半,12th century [Second Half] - 13th century [First Half]
12世紀後半〜13世紀前半頃,12th century [Second Half] - 13th century [First Half ca.]
12世紀後半〜13世紀半ば,12th century [Second Half] - 13th century [Middle]
12世紀後半〜15世紀,12th century [Second Half] - 15th century
12世紀後半以降,After 12th century [Second Half]
12世紀後半頃,12th century [Second Half ca.]
12世紀後年,12th century [Late]
12世紀後葉〜14世紀前葉,12th century [Late] - 14th century [Early]
12世紀末,12th century [Final]
12世紀末〜14世紀,12th century [Final] - 14th century
12世紀頃,12th century [ca.]
12世紀頃まで,Up to 12th century [ca.] 
13〜14世紀,13th century - 14th century
13〜14世紀代,13th century - 14th century [ca.]
13〜14世紀頃,13th century - 14th century [ca.]
13〜15世紀,13th century - 15th century
13〜16世紀,13th century - 16th century
13〜17世紀,13th century - 17th century 
13000年前,13000 years ago
1360年銘の板碑,1360 AD (Inscription)
1361年の正平(康安)地震に伴う?,Contemporary to the 1361 Shouhei (Kouan) earthquake? 
13c後半以降,After 13th century [Second Half]
13世紀,13th century
13世紀〜14世紀,13th century - 14th century
13世紀中頃,13th century [Middle ca.] 
13世紀中頃〜14世紀中頃,13th century [Middle ca.] - 14th century [Middle ca.]
13世紀代,13th century [ca.]
13世紀代?,13th century [ca.]?
13世紀代から17･18世紀,13th century - 17th /18th century
13世紀以前に掘削,Excavated before 13th century 
13世紀前半,13th century [First Half]
13世紀前半〜14世紀頃,13th century [First Half] - 14th century [ca.]
13世紀前半頃,13th century [First Half ca.]
13世紀前後,13th century [ca.] 
13世紀後半,13th century [Second Half]
13世紀後半〜14世紀,13th century [Second Half] - 14th century
13世紀後半〜14世紀初頭,13th century [Second Half] - 14th century [Initial]
13世紀後半〜14世紀前半,13th century [Second Half] - 14th century [First Half]
13世紀後葉,13th century [Late]
13世紀後葉〜14世紀中葉,13th century [Late] - 14th century [Middle]
13世紀後葉〜末葉,13th century [Late - Final]
13世紀末〜14世紀,13th century [Final] - 14th century
14〜15世紀,14th century - 15th century
14〜16世紀,14th century - 16th century
14〜17世紀,14th century - 17th century
1471年(文明ボラ降下)直前ごろ,Immediately before Bunmei Bora in 1471 AD [ca.] 
14世紀,14th century
14世紀〜15世紀,14th century - 15th century
14世紀〜16世紀,14th century - 16th century
14世紀中葉,14th century [Middle]
14世紀中葉〜15世紀初頭,14th century [Middle] - 15th century [Initial]
14世紀中頃〜後半,14th century [Middle - Second Half]
14世紀代,14th century [ca.]
14世紀代(14〜15世紀),14th century [ca.] (14th century - 15th century)
14世紀代(14〜16世紀),14th century [ca.] (14th century - 16th century)
14世紀代から15世紀,14th century [ca.] - 15th century
14世紀初頭,14th century [Initial]
14世紀前半,14th century [First Half]
14世紀前半〜中頃,14th century [First Half - Middle ca.]
14世紀後半,14th century [Second Half]
14世紀後半〜15世紀,14th century [Second Half] - 15th century
14世紀後半〜15世紀前半,14th century [Second Half] - 15th century [First Half]
14世紀後半〜15世紀後半,14th century [Second Half] - 15th century [Second Half]
14世紀後半〜16世紀後半,14th century [Second Half] - 16th century [Second Half]
14世紀後葉〜15世紀前半,14th century [Late] - 15th century [First Half]
14世紀後葉以降･龍泉窯系青磁椀,After 14th century / Longquan celadon type bowl
14世紀末〜15世紀前半,14th century [Final] - 15th century [First Half]
14世紀末～15世紀前半,14th century [Final] - 15th century [First Half]
14世紀頃,14th century [ca.]
15〜16世紀,15th century - 16th century
15〜16世紀代,15th century - 16th century [ca.]
15〜16世紀頃,15th century - 16th century [ca.]
15〜18世紀代,15th century - 18th century [ca.]
15～16世紀,15th century - 16th century
15800年前頃,"15,800 years ago [ca.]"
15から16世紀,15th century - 16th century
15世紀,15th century
15世紀〜16世紀前半,15th century - 16th century [First Half]
15世紀?,15th century?
15世紀中葉,15th century [Middle]
15世紀中葉〜16世紀初頭,15th century [Middle] - 16th century [Initial]
15世紀中頃〜15世紀末,15th century [Middle ca. - Final]
15世紀中頃〜後半,15th century [Middle ca. - Second Half]
15世紀代,15th century [ca.]
15世紀代(14〜16世紀),15th century [ca.] (14th - 16th century)
15世紀以降,After 15th century
15世紀前半,15th century [First Half]
15世紀前葉,15th century [Early]
15世紀後半,15th century [Second Half]
15世紀後半〜16世紀中頃,15th century [Second Half] - 16th century [Middle ca.]
15世紀後半〜16世紀代,15th century [Second Half] - 16th century [ca.]
15世紀後半〜16世紀初め頃･備前焼壺,15th century [Second Half] - 16th century [Initial ca.] / Bizenware jar
15世紀後半〜16世紀前半,15th century [Second Half] - 16th century [First Half]
15世紀後半〜17世紀半ば,15th century [Second Half] - 17th century [Middle]
15世紀末〜17世紀前葉　,NA
15世紀終わり〜16世紀初め,15th century [Final] - 16th century [Initial]
16〜17世紀中頃,16th century - 17th century [Middle ca.]
1636年〜18世紀前半,1636 - 18th century [First Half]
1668年〜18世紀前半,1668 - 18th century [First Half]
16世後半〜17世紀初頭,16th century [Second Half] - 17th century [Initial]
16世紀,16th century
16世紀〜17世紀,16th century - 17th century
16世紀中葉,16th century [Middle]
16世紀中頃,16th century [Middle ca.]
16世紀中頃〜17世紀中頃,16th century [Middle ca.] - 17th century [Middle ca.]
16世紀中頃前後,16th century [Middle ca.]
16世紀代,16th century [ca.]
16世紀以前,Before 16th century 
16世紀以降,After 16th century
16世紀初め,16th century [Initial]
16世紀前半,16th century [First Half]
16世紀前半〜17世紀前半,16th century [First Half] - 17th century [First Half]
16世紀前半〜後半,16th century [First Half - Second Half]
16世紀前半頃,16th century [First Half ca.]
16世紀前後,16th century [ca.]
16世紀前葉,16th century [Early]
16世紀前葉〜17世紀初頭,16th century [Early] - 17th century [Initial]
16世紀半ば〜後半もしくはそれ以前,16th century [Middle - Second Half or Before]
16世紀後半,16th century [Second Half]
16世紀後半〜17世紀初頭,16th century [Second Half] - 17th century [Initial]
16世紀後半･白磁･輸入磁器等,16th century [Second Half] / Dehua porcelain / Imported pottery etc. 
16世紀末〜17世紀初頭,16th century [Final] - 17th century [Initial]
16世紀末〜17世紀前半,16th century [Final] - 17th century [First Half]
16世紀末以降,After 16th century [Final]
16世紀頃から17世紀頃,16th century [ca.] - 17th century [ca.] 
1740〜1752年,1740 - 1752 AD
17C後半以降,After 17th century [Second Half]
17C末以降,After 17th century [Final]
17世紀,17th century
17世紀〜19世紀以降,17th century - After 19th century
17世紀中〜後半,17th century [Middle - Second Half]
17世紀中頃〜20世紀中頃,17th century [Middle ca.] - 20th century [Middle ca.]
17世紀前半,17th century [First Half]
17世紀前半〜19世紀代･肥前陶磁器,17th century [First Half] - 19th century [ca.] / Bizen Ware 
17世紀前半〜後半･肥前陶磁器他,17th century [First Half - Second Half ] / Bizen Ware etc. 
17世紀前半以降,After 17th century [First Half]
17世紀前葉〜中葉以前,17th century [Early - Before Middle]
17世紀前葉以降,After 17th century [Middle]
17世紀後〜18世紀代,17th century - 18th century [ca.] 
17世紀後半,17th century [Second Half]
17世紀後半〜18世紀,17th century [Second Half] - 18th century
17世紀後半〜18世紀前半,17th century [Second Half] - 18th century [First Half]
17世紀後半頃と18世紀後葉頃,17th century [Second Half ca.] and 18th century [Late ca.]
17世紀末〜18世紀初頭,17th century [Final] - 18th century [Initial]
17世紀末〜18世紀前葉,17th century [Final] - 18th century [Early]
17世紀終末〜18世紀初頭,17th century [Final] - 18th century [Initial]
17世紀頃,17th century [ca.]
18世紀,18th century
18世紀中頃,18th century [Middle ca.]
18世紀以前,Before 18th century
18世紀初頭以降,After 18th century
18世紀前半,18th century [First Half]
18世紀前半以前(近世以前の可能性有),Before 18th century [possibly before Early Modern]
18世紀後半〜19世紀前半以降,18th century [Second Half] - After 19th century [First Half]
18世紀後半以前,Before 18th century [Second Half]
18世紀後半以降,After 18th century [Second Half]
18世紀第3四半期頃,18th century [3rd Quarter ca.]
19〜20世紀･染付椀･青磁椀他,19th century - 20th century / Sometsuke ware / Celadon-wan etc. 
1966年8月31日採取,NA
1966年8月31日採取　上田,NA
1966年9月3日採取　上田,NA
1971年8月採取　上田,NA
1990年採取,NA
19世紀,19th century
19世紀中葉以降,After 19th century [Middle]
19世紀代,19th century [ca.]
1世紀前半,1st century [First Half]
2008/4/30採取冷凍,NA
2008/5/14採取,NA
2008/5/15採取,NA
2a段階以降,After Stage 2a
2世紀中葉〜4世紀前葉,2nd century [Middle] - 4th century [Early]
2世紀前半〜3世紀前半,2nd century [First Half] - 3rd century [First Half]
2世紀前後,2nd century [ca.]
3〜5世紀,3rd century - 5th century 
3万年前以前,"Before 30,000 years ago"
3世紀,3rd century
3世紀〜5世紀初頭,3rd century - 5th century [Initial]
3世紀中葉〜4世紀前葉,3rd century [Middle] - 4th century [Early]
3世紀中頃〜4世紀後半,3rd century [Middle] - 4th century [Second Half]
3世紀中頃〜4世紀末,3rd century [Middle] - 4th century [Final]
3世紀前半,3rd century [First Half]
3世紀前半〜4世紀中頃,3rd century [First Half] - 4th century [Middle ca.]
3世紀前後,3rd century [ca.]
3世紀後半,3rd century [Second Half]
3世紀末〜4世紀初頭,3rd century [Final] - 4th century [Initial]
4〜5世紀,4th century - 5th century 
4〜5世紀代,4th century - 5th century [ca.]
4世紀,4th century
4世紀〜7世紀,4th century - 7th century
4世紀中頃〜6世紀初頭,4th century [Middle ca.] - 6th century [Initial]
4世紀代,4th century [ca.]
4世紀初頭〜前葉,4th century [Initial - Early]
4世紀前半,4th century [First Half]
4世紀前半〜5世紀前半,4th century [First Half] - 5th century [First Half]
4世紀前葉,4th century [Early]
4世紀後半,4th century [Second Half]
4世紀後半〜5世紀前葉,4th century [Second Half] - 5th century [Early]
4世紀後葉,4th century [Late]
4世紀末〜5世紀中頃,4th century [Final] - 5th century [Middle ca.]
4世紀末〜5世紀前葉,4th century [Final] - 5th century [Early]
4世紀頃,4th century [ca.]
5〜6世紀,5th century - 6th century 
5〜6世紀中頃,5th century - 6th century [Middle]
5000年前〜5500年前の火山灰,Tephra of 5000 - 5500 years ago
5000年前〜5500年前の火山灰下層,Below Tephra of 5000 - 5500 years ago
5万年前以上,"More than 50,000 years ago"
5世紀,5th century
5世紀中葉,5th century [Middle]
5世紀中葉〜6世紀前半,5th century [Middle] - 6th century [First Half]
5世紀中頃,5th century [Middle]
5世紀中頃〜後半,5th century [Middle - Second Half]
5世紀初頭〜6世紀前半,5th century [Initial] - 6th century [First Half]
5世紀前半,5th century [First Half] 
5世紀前半〜6世紀前半,5th century [First Half] - 6th century [First Half]
5世紀前半〜中葉,5th century [First Half - Middle]
5世紀前葉,5th century [Early] 
5世紀前葉〜6世紀前葉,5th century [Early] - 6th century [Early]
5世紀後半,5th century [Second Half]
5世紀後半〜6世紀,5th century [Second Half] - 6th century
5世紀後半〜6世紀前半頃,5th century [Second Half] - 6th century [First Half ca.]
5世紀後半〜末,5th century [Second Half - Final]
5世紀後葉,5th century [Late]
5世紀末〜6世紀前半,5th century [Final] - 6th century [First Half]
5世紀末から6世紀初頭,5th century [Final] - 6th century [Initial]
5世紀末葉〜6世紀初頭,5th century [Final] - 6th century [Initial]
5世紀頃,5th century [ca.]
6〜7世紀,6th century - 7th century
６〜7世紀,6th century - 7th century
6〜8世紀,6th century - 8th century 
6C後半〜7C初頭･須恵器杯身,6th century [Second Half] - 7th century [Initial] / Sue Pottery
6世紀,6th century
6世紀〜13世紀,6th century - 13th century 
6世紀の第4半期,6th century [Final Quarter]
6世紀中葉〜7世紀初頭,6th century [Middle] - 7th century [Initial]
6世紀中葉〜後葉,6th century [Middle - Late]
6世紀中葉、7世紀後葉,"6th century [Middle], 7th century [Late]"
6世紀中頃,6th century [Middle ca.]
6世紀代,6th century [ca.]
6世紀代か,6th century ?
6世紀初頭,6th century [Initial]
6世紀前〜中葉,6th century [Early - Middle]
6世紀前半,6th century [First Half]
6世紀前半代,6th century [First Half ca.]
6世紀前葉,6th century [Early]
6世紀後半,6th century [Second Half] 
6世紀後半〜7世紀中頃,6th century [Second Half] - 7th century [Middle ca.]
6世紀後半〜末,6th century [Second Half - Final] 
6世紀後半頃,6th century [Second Half ca.]
6世紀後葉,6th century [Late] 
6世紀後葉〜7世紀前葉,6th century [Late] - 7th century [Early]
6世紀末-7世紀,6th century [Final] - 7th century
6世紀末〜7世紀初頭,6th century [Final] - 7th century [Initial]
6世紀末〜7世紀前半,6th century [Final] - 7th century [First Half]
6世紀末から7世紀前半,6th century [Final] - 7th century [First Half]
6世紀末葉,6th century [Final]
6世紀第1四半期,6th century [First Quarter]
6世紀第2四半期頃,6th century [Second Quarter]
6世紀第3四半期頃,6th century [Third Quarter]
6世紀終末〜7世紀初頭,6th century [Final] - 7th century [Initial]
6世紀頃,6th century [ca.]
7〜8世紀,7th century - 8th century
7〜8世紀以前,Before 7th century - 8th century
7〜8世紀前半,7th century - 8th century [First Half]
7〜8世紀前半頃,7th century - 8th century [First Half ca.]
741〜819年頃,741 - 819 AD [ca.]
7世紀,7th century
7世紀〜8世紀,7th century - 8th century
7世紀中葉,7th century [Middle]
7世紀中葉〜8世紀後半,7th century [Middle] - 8th century [Second Half]
7世紀中葉〜後葉,7th century [Middle - Late]
7世紀中葉頃〜8世紀前葉頃,7th century [Middle ca.] - 8th century [Early ca.]
7世紀中頃,7th century [Middle ca.]
7世紀中頃〜後半,7th century [Middle ca.- Second Half]
7世紀代,7th century [ca.] 
7世紀代〜8世紀初頭,7th century [ca.] - 8th century [Initial]
7世紀代･須恵器,7th century [ca.] / Sue pottery
7世紀以降,After 7th century
7世紀前半,7th century [First Half]
7世紀前半頃,7th century [First Half ca.]
7世紀前後,7th century [ca.]
7世紀前葉,7th century [Early]
7世紀前葉前後、6〜8世紀･兼久式土器,"7th century [Early ca.], 6th century - 8th century / Kaneku pottery"
7世紀半ば,7th century [Middle] 
7世紀半ば〜8世紀半ば,7th century [Middle] - 8th century [Middle]
7世紀後半,7th century [Second Half] 
7世紀後半〜8世紀,7th century [Second Half] - 8th century
7世紀後半〜8世紀中葉,7th century [Second Half] - 8th century [Middle]
7世紀後半〜8世紀初頭,7th century [Second Half] - 8th century [Initial]
7世紀後半〜8世紀前半,7th century [Second Half] - 8th century [First Half]
7世紀後半〜8世紀後半,7th century [Second Half] - 8th century [Second Half]
7世紀後半〜9世紀後半,7th century [Second Half] - 9th century [Second Half]
7世紀後半〜9世紀末頃,7th century [Second Half] - 9th century [Final ca.]
7世紀後葉〜8世紀初頭,7th century [Late] - 8th century [Initial]
7世紀末〜8世紀初頭,7th century [Final] - 8th century [Initial]
7世紀末〜8世紀前半,7th century [Final] - 8th century [First Half]
7世紀末〜8世紀前葉,7th century [Final] - 8th century [Early]
7世紀末〜9世紀初頭,7th century [Final] - 9th century [Initial]
7世紀末以降,After 7th century [Final]
7世紀第3四半期頃,7th century [Third Quarter ca.]
7世紀第4四半期〜8世紀第1四半期頃,7th century [Final Quarter] - 8th century [First Quarter ca.]
7世紀頃,7th century [ca.]
8〜10世紀,8th century - 10th century
8〜12世紀,8th century - 12th century
8〜9世紀,8th century - 9th century
8〜9世紀あるいは13〜14世紀,8th century - 9th century or 13th century -14th century
8〜9世紀およびそれ以前,8th century - 9th century or Before 
8〜9世紀代,8th century - 9th century [ca.]
8世紀,8th century
8世紀〜10世紀,8th century - 10th century
8世紀〜12世紀,8th century - 12th century
8世紀〜9世紀,8th century - 9th century
8世紀か,8th century ?
8世紀中〜9世紀頃,8th century - 9th century [ca.]
8世紀中葉,8th century [Middle]
8世紀中葉から9世紀,8th century [Middle] - 9th century
8世紀中葉から9世紀前半,8th century [Middle] - 9th century [First Half]
8世紀中頃,8th century [Middle ca.]
8世紀中頃〜後半,8th century [Middle - Late]
8世紀中頃から8世紀後半代,8th century [Middle - Second Half ca.]
8世紀代,8th century [ca.]
8世紀代前半,8th century [First Half ca.]
8世紀代後半〜9世紀代前半,8th century [Second Half] - 9th century [FIrst Half]
8世紀初頭,8th century [Initial]
8世紀前半,8th century [First Half]
8世紀前半〜9世紀後半,8th century [First Half] - 9th century [Second Half]
8世紀前半〜中頃,8th century [First Half - Middle ca.]
8世紀前半頃,8th century [First Half ca.]
8世紀前後,8th century [ca.]
8世紀前葉,8th century [Early]
8世紀前葉〜中葉,8th century [Early - Middle]
8世紀後半,8th century [Second Half]
8世紀後半〜10世紀,8th century [Second Half] - 10th century
8世紀後半〜10世紀中頃,8th century [Second Half] - 10th century [Middle ca.]
8世紀後半〜10世紀後半,8th century [Second Half] - 10th century [Second Half]
8世紀後半〜9世紀,8th century [Second Half] - 9th century
8世紀後半〜9世紀中葉,8th century [Second Half] - 9th century [Middle]
8世紀後半〜9世紀代,8th century [Second Half] - 9th century [ca.]
8世紀後半〜9世紀初頭,8th century [Second Half] - 9th century [Initial]
8世紀後半〜9世紀前半,8th century [Second Half] - 9th century [First Half]
8世紀後半〜9世紀前半または12世紀後半〜14世紀前半,8th century [Second Half] - 9th century [First Half] or 12th century [Second Half] -14th century [First Half]
8世紀後半〜9世紀前半頃,8th century [Second Half] - 9th century [First Half ca.]
8世紀後半〜9世紀後半,8th century [Second Half] - 9th century [Second Half]
8世紀後半～9世紀前半,8th century [Second Half] - 9th century [First Half]
8世紀後半から9世紀前半,8th century [Second Half] - 9th century [First Half]
8世紀後半頃,8th century [Second Half ca.]
8世紀後葉,8th century [Late]
8世紀後葉〜9世紀前半,8th century [Late] - 9th century [First Half]
8世紀後葉〜9世紀前葉,8th century [Late] - 9th century [Early]
8世紀後葉から9世紀前半,8th century [Late] - 9th century [First Half]
8世紀末〜9世紀,8th century [Final] - 9th century
8世紀末〜9世紀初頭,8th century [Final] - 9th century [Initial]
8世紀末〜9世紀前半,8th century [Final] - 9th century [First Half]
8世紀末頃から9世紀代,8th century [Final] - 9th century [ca.]
8世紀第2〜3四半期頃,8th century [Second - Third Quarter ca.]
8世紀第2四半期,8th century [Second Quarter]
8世紀第2四半期頃,8th century [Second Quarter ca.]
8世紀第３四半期,8th century [Third Quarter]
8世紀第4四半期〜9世紀第2四半期,8th century [Final Quarter] - 9th century [Second Quarter]
8世紀第4四半期頃,8th century [Final Quarter ca.]
8世紀頃,8th century [ca.]
9〜10世紀,9th century - 10th century
9〜11世紀,9th century - 11th century
9世紀,9th century 
9世紀〜10世紀,9th century - 10th century
9世紀〜11世紀,9th century - 11th century
9世紀中〜後半,9th century [Middle - Second Half]
9世紀中〜後葉,9th century [Middle - Late]
9世紀中葉,9th century [Middle]
9世紀中葉〜10世紀代,9th century [Middle] - 10th century [ca.]
9世紀中葉〜後葉,9th century [Middle Late]
9世紀中葉から後半,9th century [Middle - Second Half]
9世紀中頃,9th century [Middle ca.]
9世紀中頃〜11世紀初頭,9th century [Middle ca.] - 11th century [Initial]
9世紀中頃〜後半,9th century [Middle - Second Half]
9世紀中頃以前,Before 9th century [Middle ca.]
9世紀代,9th century [ca.]
9世紀代前半･土師器,9th century [First Half] / Haji ware
9世紀以前,Before 9th century 
9世紀以降,After 9th century 
9世紀初頭,9th century [Initial]
9世紀初頭〜11世紀,9th century [Initial] - 11th century
9世紀前〜中葉,9th century [Early - Middle]
9世紀前半,9th century [First Half]
9世紀前半〜10世紀初め,9th century [First Half] - 10th century [Initial]
9世紀前半〜中頃,9th century [First Half - Middle ca.]
9世紀前半代,9th century [First Half ca.]
9世紀前半頃,9th century [First Half ca.]
9世紀前半頃まで,Up to 9th century [First Half ca.]
9世紀前葉〜中葉,9th century [early - middle]
9世紀半ばすぎ,9th century [later than Middle]
9世紀半ば原11世紀後半,9th century [Middle] - 11trh century [Second Half]
9世紀土器,9th century pottery 
9世紀後半,9th century [Second Half]
9世紀後半〜10世紀,9th century [Second Half] - 10th century
9世紀後半〜10世紀初頭,9th century [Second Half] - 10th century [Initial]
9世紀後半〜10世紀前半,9th century [Second Half] - 10th century [First Half]
9世紀後半〜11世紀前半,9th century [Second Half] - 11th century [First Half]
9世紀後半〜B-Tm降下前,9th century [Second Half] - B-Tm Tephra [Before] 
9世紀後半〜末葉,9th century [Second Half - Final]
9世紀後半･越州窯青磁水注,9th century [Second Half] / Esshuyou Seijisuichu pottery
9世紀後半?,9th century [Second Half?]
9世紀後半(紫コラ),9th century [Second Half] (Purple Kora Layer) 
9世紀後半から10世紀初頭,9th century [Second Half] - 10th century [Initial]
9世紀後半代,9th century [Second Half ca.]
9世紀後半以降,After 9th century [Second Half]
9世紀後半頃,9th century [Second Half ca.]
9世紀後葉,9th century [Late]
9世紀後葉〜10世紀初頭,9th century [Late] - 10th century [Initial]
9世紀後葉〜10世紀前葉,9th century [Late] - 10th century [Early]
9世紀末,9th century [Final]
9世紀末〜10世紀,9th century [Final] - 10th century
9世紀末〜10世紀中葉,9th century [Final] - 10th century [Middle]
9世紀末〜10世紀中頃,9th century [Final] - 10th century [Middle ca.]
9世紀末〜10世紀初め,9th century [Final] - 10th century [Initial]
9世紀末〜10世紀初頭,9th century [Final] - 10th century [Initial]
9世紀末〜10世紀初頭･越州窯系青磁の椀Ⅰ類･須恵器甕,9th century [Final] - 10th century [Initial] / Esshuyou type Seiji-wan  I / Sue kame
9世紀末〜10世紀前半,9th century [Final] - 10th century [First Half]
9世紀末〜10世紀前半頃,9th century [Final] - 10th century [First Half ca.]
9世紀末〜10世紀末,9th century [Final] - 10th century [Final]
9世紀末〜10世紀頃,9th century [Final] - 10th century [ca.]
9世紀末〜11世紀前半,9th century [Final] - 11th century [First Half]
9世紀末以降,After 9th century [Final]
9世紀末葉〜10世紀初頭,9th century [Final] - 10th century [Initial]
9世紀末葉〜10世紀前半,9th century [Final] - 10th century [First Half]
9世紀末葉から10世紀初頭,9th century [Final] - 10th century [Initial]
9世紀末葉頃よりは古い,Before 9th century [Final ca.] 
9世紀第1〜2四半期頃,9th century [First - Second Quarter ca.]
9世紀第2〜3四半期,9th century [Second - Third Quarter]
9世紀第2四半期,9th century [Second Quarter]
9世紀第3四半期,9th century [Third Quarter]
9世紀第4四半期,9th century [Final Quarter]
9世紀頃,9th century [ca.]
A.D.200〜300,200 - 300 AD
A.D.3〜4世紀,3rd century - 4th century AD
As-YP上位,Above As-YP 
ATより上位,Above AT
AT降灰以前,Before AT Tephra
AT降灰前後,AT Tephra [ca.]
AT降灰後,After AT Tephra
B-Tm降灰時期(947年),B-Tm Tephra (947 AD) 
Ⅰ-1,I-1
Ⅰ-1?,I-1?
Ⅰ-1期,I-1
Ⅰ-2,I-2
Ⅰ-2?,I-2?
Ⅰ-2(～3)期,I-2 (- I-3)
Ⅰ-2期,I-2
Ⅰ-4期,I-4
Ⅰ-Ⅱ期遠賀川,I-II Ongagawa 
Ⅰ(新）,I [Late]
Ⅰ(新)/水神式並行,I [Late] / Parallel to Mizukami 
Ⅲ-1期,III-1
Ⅲ-2期,III-2
Ⅲ-2期(中山Ⅲ式）,III-2 (Nakayama III)
Ⅲ新期～Ⅳ期,III [Late] - IV
Ⅲ期,III
Ⅲ期円筒埴輪,III Eto Haniwa 
Ⅲ期古,III [Early]
Ⅲ期新,III [Late]
Ⅱ期,II
Ⅱ期（中山Ⅲ式）,II (Nakayama III)
Ⅱ期後半～Ⅲ期初,II [Second Half] - III [Initial]
Ⅳ-1期,IV-1
Ⅳ期,IV
Ⅳ様式,IV Style
Ⅰ中,IV [Middle]
Ⅰ期,I
Ⅰ期（～Ⅱ期）,I (-II)
Ⅰ期（a～b),I (a-b)
Ⅰ期（中山Ⅱ式),I (Nakayama II)
Ⅰ期（中山Ⅱ式）,I (Nakayama II)
Ⅰ期中,I [Middle]
Ⅰ期中～新,I [Middle - Late]
Ⅰ期前半,I [First Half]
Ⅰ期前半か,I [First Half]?
Ⅰ期古,I [Early]
I群5類東海系北裏CⅡ式,Group 1 - 5 Tokai Type Kitaura CII 
K-Ah降下以降,After K-Ah [Tephra?]
K-Ah降灰以降,After K-Ah [Tephra?]
NA,NA
TK73型式期,TK73 Type
V-1～九重式,V-1 - Kujyu 
Ⅴ-2様式,V-2 Style
V-4期,V-4
V-4期(庄内式）,V-4 (Shonai)
Ⅴb層,Vb Layer 
V後葉,V [Late]
Ⅴ期,V 
V末～庄内,V [Final] - Shonai
アカホヤ火山灰の下位,Below Akahoya Tephra
カヤウチバンタ式類似土器,Similar to Kayauchi Banda type ceramic 
ナイフ型石器文化期,Knife-shaped stone culture
ホッケ澗〜堂林式,Hokkema - Dobayashi
ホッケ澗式,Hokkema
一条突帯文土器,Ichijotottaimon
三万田式,Sanmanda
三万田式前後？,Sanmanda [ca.]?
三万田式期,Sanmanda
三十稲場式,Sanjuinaba
三十稲場式新段階,Sanjuinaba [Late Stage] 
上ノ国式（大洞B-C式併行）,Kaminokuni (Parallel to Oobora B - Oobra C)
上の坊式,Kaminobo
上之坊式,Kaminobo
上加世田式,Uekaseda
上山田･天神山式,Kamiyamada - Tenjinyama
上山田式,Kamiyamada
上山田式～天神山式,Kamiyamada - Tenjinyama
上山田系,Kamiyamada Type 　
上水流タイプ,Kamizuru Type
上菅生B～下黒野式,Kamisugou B - Shimogurono
上菅生Ｂ式古,Kamisugou B [Early]
上菅生B式直前,Immediately before Kamisugou
下吉井式,Shimoyoshii
下城式,Shimonjo
下城式（須玖Ⅱ式）,Shimonjo (Sugu II)
下城式（須玖Ⅰ併行）,Shimonjo (Parallel to Sugu I) 
下大隈～西新式,Shimookuma - Nishijin
下大隈式,Shimookuma
下大隈式併行,Shimookuma [Parallel to]
下大隈式古,Shimookuma [Early]
下大隈式新,Shimookuma [Late]
下大隈式新併行,Shimookuma [Late] [Parallel to]
下志村２式,Shimoshimura 2
下総編年Ⅱa期,Shimousa Sequence IIa
下野式,Shitano
下野式（大洞C2-1)式,Shitano (Oobora C2-1)
下野式（大洞C2-2)式,Shitano (Oobora C2-2)
下野式後半,Shitano [Second Half]
下黒野式,Shimokurono
不明,NA
不明(大洞C2式？),NA (Oobora C2?)
不明(船元Ⅲ式),NA (Funamoto III) 
不明(船元Ⅳ～里木Ⅰ式),NA (Funamoto IV - Satogi I)
不明船元新式),NA (Funamoto Late) 
並木式･阿髙式,Namiki / Adaka
中ノ沢式,Nakanosawa 
中世の攪乱あり,Contamination of Medieval Deposit
中世陶磁器？須恵器甕片,Medieval ceramics? Sueki-kame piece 
中屋3式,Nakaya 3
中屋3式(南522b),Nakaya 3 (Minamo 522b)
中屋Ⅱ式,Nakaya II
中屋Ⅰ式,Nakaya I 
中屋式（大洞B-C2?)式,Nakaya (Oobora B - OObora C?)
中屋式（大洞C1-1)式,Nakaya (Oobora C1-1)
中屋式（大洞C1-2式）,Nakaya (Oobora C1-2)
中屋式（大洞C2-1)式,Nakaya (Oobora C2-1)
中山Ⅰ～Ⅱ式併行,Nakayama I - Nakayama II [Parallel to]
中山Ⅰ式併行,Nakayama I [Parallel to]
中岳Ⅱ式土器,Nakadake II
中岳式土器,Nakadake
中期Ⅲ期,Middle III
中期尖底条痕文土器,Middle Jomon Senteijokonmon
中期条痕文土器,Middle Jomon Jokonmon
中津Ⅰ式古段階,Nakatsu I [Early Stage] 
中津式,Nakatsu
中津野〜上能野式土器,Nakatsuno - Kamiyokino
中津野式,Nakatsuno
中津野式・上熊野式,Nakatsuno / Kamikumano
中津野式土器,Nakatsuno
中溝式,Nakamizo
中越式,Nakakoshi
中道式,Nakamichi
中里式,Nakazato
串田新Ⅰ-Ⅱ,Kushidashin I - Kushidashin II
串田新Ⅰ式,Kushidashin I  
丸尾式（北久根～西平式併行）,Maruo (Parallel to Kitakune - Nishihira) 
丸尾式土器,Maruo
久ケ原式,Kugahara
久ヶ原式,Kugahara
久浜衛尾根式,Kyuubeione
九重式,Kue 
亀ノ甲Ⅱ式,Kamenoko II
亀ノ甲Ⅰ式,Kamenoko II
亀ノ甲式,Kamenoko
亀ノ甲式古,Kamenoko [Early]
亀ノ甲式古（板付Ⅱa併行）,Kamenoko [Early] (Parallel to Itatsuke IIa)
亀川上層式,Upper Kemenoko
二日市７文化層？,Futsukaichi Cultural Layer? 
二日市Ⅱa式,Futsukaichi IIa
二枚橋式,Nimaibashi 
二枚橋式〜恵山Ⅰa式,Nimaibashi - Esan Ia
二枚橋式期,Nimaibashi  
五所式,Gosho
五貫森式,Gokanmori
五領Ⅰ式,Goryo I
五領ヶ台1式,Goryogadai 1
五領ヶ台2a式,Goryogadai 2a
五領ヶ台2b式,Goryogadai 2b
五領ヶ台2式,Goryogadai 2
五領ヶ台Ⅱa式,Goryogadai IIa
五領ヶ台Ⅱb式？,Goryogadai IIb?
五領ヶ台Ⅱ式,Goryogadai II
五領ヶ台Ⅰ式,Goryogadai I
五領ヶ台式,Goryogadai
五領ヶ第Ⅱa式,Goryogadai IIa
五領ヶ第Ⅱb式,Goryogadai IIb
五領式,Goryo
五領式，4世紀初頭,"Goryo, 4th century [Initial]"
五領式土器伴出,Excavated with Goryo
五領式期,Goryo
五領式期，4世紀後半,"Goryo, 4th century [Second Half]"
"五領式期,5世紀","Goryo, 5th century "
井口Ⅱ式,Inokuchi II
井口Ⅱ式前半,Inokuchi II [Early Half]
井口Ⅱ式後半,Inokuchi II [Later Half]
井戸尻1式,Idojiri 1
井戸尻Ⅰ〜Ⅱ式,Idojiri I - Idojiri III
井戸尻Ⅲ式,Idojiri III
井戸尻古式,Idojiri [Early]
井戸尻式,Idojiri
井戸尻式(新）,Idojiri [Late]
井戸尻式～勝坂3式,Idojiri - Katsuzaka 3
井戸尻新式,Idojiri [Late]
今和泉式,Imaizumi
仲道A段階,Nakamichi Stage A
佐波･極楽寺式,Sanami / Gokurakuji
佐波式,Sanami
倉岡Ⅱ式,Kuraoka II
倉岡Ⅰ式,Kuraoka I
元住吉山Ⅰ式,Motosumiyoshiyama I
元刈谷式,Motokariya
元刈谷式（新）,Motokariya [Late]
免田式長頸壺,Menda Choukeiko Jar
入佐式,Irisa
入佐式土器,Irisa
入来Ⅱ式,Iriki II
入来Ⅱ式土器,Iriki II
入来Ⅰ式　甕形土器,NA
入来式,Iriki
入来式土器,Iriki
入海～上ノ山式,Irimi - Uenoyama
入海Ⅱ式,Irimi II
入海Ⅰ式,Irimi I 
八幡堂2群段階,Hachimando Group 2 Stage
八幡堂3群から二枚橋式,Hachimando Group 3 - Nimaibashi
八幡平2群から3群段階,Hachimantaira Group 2 - Hachimantaira Group 3 stage 
八幡平3群段階,Hachimantaira Group 3 stage
八日市新保2式,Youkaichishimbo 2
八日市新保Ⅱ式,Youkaichishimbo II
八日市新保Ⅰ式,Youkaichishimbo I
八日市新保式,Youkaichishimbo
八日市新保式〜御経塚式,Youkaichishimbo - Okyouzuka
八辺4式,Yappe 4
六ツ木火砕流,Mutsgi pyroclastic flow 
兼久式,Kaneku
兼久式土器,Kaneku
兼久式土器5世紀前半〜6世紀中頃,Kaneku (first half 5th century - middle 6th century)
兼久式土器6世紀中頃〜6世紀末,Kaneku (middle 6th century -end of 6th century)
兼久式土器6世紀中頃〜7世紀前半,Kaneku (middle 6th century -first half of 7th century)
兼久式土器6世紀前半〜7世紀前半,Kaneku (first half of 6th century -first half of 7th century)
兼久式土器　4世紀中頃,"Kaneku (4th century [Middle ca.])
"
円形粘土帯土器,Enkeinendotai
円筒上2a式段階,Upper Ento 2a Stage 
円筒上層～榎林,Upper Ento - Enokibayashi
円筒上層a,Upper Ento a
円筒上層a〜c式,Upper Ento a - Upper Ento c
円筒上層a1式,Upper Ento a1
円筒上層a式,Upper Ento a
円筒上層a式より以前（芦野2群）,Before Upper Ento a (Ashino Group 2) 
円筒上層a式新,Upper Ento a [Late]
円筒上層a式期,Upper Ento a
円筒上層b〜c･大木7b式,Upper Endo b - Upper Ento c / Daigi 7b
円筒上層b～c・大木7b式,Upper Endo b - Upper Ento c / Daigi 7b
円筒上層b式,Upper Ento b
円筒上層C〜D式,Upper Ento C - Upper Ento D
円筒上層c.d式,"Upper Ento c, Upper Ento d"
円筒上層c式,Upper Ento c
円筒上層c式期,Upper Ento c
円筒上層d・e式,Upper Ento d / Upper Ento e
円筒上層d･e式,Upper Ento d / Upper Ento e
円筒上層d～e式？,Upper Ento d - Upper Ento e ?
円筒上層d式,Upper Ento d
円筒上層d式期,Upper Ento d
円筒上層e〜大木8b式,Upper Ento e - Daigi 8b
円筒上層e･大木8b式,Upper Ento e / Daigi 8b
円筒上層e～大木8b式,Upper Ento e - Daigi 8b
円筒上層e式,Upper Ento e
円筒上層e式？,Upper Ento e ?
円筒上層e式期,Upper Ento e
円筒上層式,Upper Ento
円筒下層,Lower Ento
円筒下層a?式,Lower Ento a?
円筒下層a式,Lower Ento a
円筒下層a式･大木2b式,Lower Ento a / Daigi 2b
円筒下層a式～芦野2群,Lower Ento a - Ashino Group 2
円筒下層b～円筒下層d式,Lower Ento b - Lower Ento d 
円筒下層b2式,Lower Ento b2
円筒下層b式,Lower Ento b
円筒下層b式期,Lower Ento b
円筒下層c〜d式,Lower Ento c - Lower Ento d
円筒下層c式期,Lower Ento c
円筒下層d1式,Lower Ento d1
円筒下層d1式期,Lower Ento d1
円筒下層d2～円筒下層d式,Lower Ento d2 - Lower Ento d 
円筒下層d2式,Lower Ento d2
円筒下層D2式,Lower Ento D2
円筒下層d2式期,Lower Ento d2
円筒下層d式,Lower Ento d
円筒下層d式か,Lower Ento d?
円筒下層d式期,Lower Ento d
円筒下層式,Lower Ento
判ノ木山西式,Hannokiyamanishi 
刺突文土器,Shitotsumon
刻目凸帯付土器･板付式類似丹塗磨研壺,Kizamime tottaitsuki / Ninurimaken jar similar to Itatsuke type
刻目突帯文土器,Kizamimetottaimon
前期,Early 
前期円筒下層d,Lower Ento d [Early]
前期前葉,Early [Early]
前期後半,Early [Second Half]
前期最古,Early [Earliest] 
前池式,Maeike
前池式併行,Maeike [Parallel to]
前浦式,Maeura
加工土器片,Processed potsherd
加曽利B#式〜曽谷式,Kasori B - Soya
加曽利B1,Kasori B1
加曽利B1〜B2式併行,Kasori B1 - Kasori B2 [Parallel to]
加曽利B1式,Kasori B1
加曽利B1式(中）,Kasori B1 [Middle]
加曽利B1式(十腰内2式・宮戸1b式),Kasori B1 (Tokoshinai 2 / Miyado 1b) 
加曽利B1式(十腰内2式),Kasori B1 (Tokoshinai 2)
加曽利B1式（古）,Kasori B1 [Early]
加曽利B1式並行期,Kasori B1 [Parallel to]
加曽利B1式前半,Kasori B1 [First Half]
加曽利B1式後半,Kasori B1 [Second Half]
加曽利B1式後半（馬替式）,Kasori B1 [Second Half] (Magae)
加曽利B1式後半～B2式前半,Kasori B1 [Second Half] - Kasori B2 [First Half]
加曽利B1式期,Kasori B1
加曽利B2〜B3式,Kasori B2 - Kasori B3
加曽利B2～B3式,Kasori B2 - Kasori B3
加曽利B2式,Kasori B2
加曽利B2式?,Kasori B2?
加曽利B2式（南東北系）,Kasori B2 (South Tohoku Type) 
加曽利B2式～B3式,Kasori B2 - Kasori B3
加曽利B2式並行期,Kasori B2 [Parallel to]
加曽利B2式前半,Kasori B2 [First Half]
加曽利B2式後半,Kasori B2 [Second Half]
加曽利B2式後半〜B3式,Kasori B2 [Second Half] - Kasori B3
加曽利B2式後半～B3,Kasori B2 [Second Half] - Kasori B3 
加曽利B2式後半～加曽利B3式,Kasori B2 [Second Half] - Kasori B3
加曽利B2後半～B3式,Kasori B2 [Second Half] - Kasori B3
加曽利B3式,Kasori B3
加曽利B3式（高井東式）,Kasori B3 (Takaihigashi)
加曽利B3式～曽谷式,Kasori B3 - Soya
加曽利B3式並行期,Kasori B3 [Parallel to]
加曽利BⅠ式,Kasori B1
加曽利B式,Kasori B
加曽利B式～曽谷式,Kasori B - Soya
加曽利B式併行,Kasori B [Parallel to]
加曽利B式併行～宝ケ峰2式,Kasori B [Parallel to] - Takaragamine 2
加曽利E1〜E2,Kasori E1 - Kasori E2
加曽利E1古,Kasori E1 [Early]
加曽利E1式,Kasori E1
加曽利E1新,Kasori E1 [Late]
加曽利E2,Kasori E2
加曽利E2式,Kasori E2
加曽利E3〜4,Kasori E3 - Kasori E4
加曽利E3〜4式古段階,Kasori E3 - Kasori E4 [Early Stage]
加曽利E3～4式,Kasori E3 - Kasori E4
加曽利E3式,Kasori E3 
加曽利E3式新段階からE4式古段階,Kasori E3 [Late Stage] - Kasori E4 [Early Stage]
加曽利E4,Kasori E4
加曽利E4またはⅤ式,Kasori E4 or Kasori V
加曽利E4式,Kasori E4
加曽利EⅠ-Ⅱ式,Kasori EI / Kasori EII
加曽利EⅠ〜Ⅱ式,Kasori EI - Kasori EII
加曽利EⅡ,Kasori EII
加曽利EⅡ、曽利Ⅲ,"Kasori EII, Sori III"
加曽利EⅢ式期,Kasori EIII
加曽利EⅡ式,Kasori EII
加曽利EⅡ式土器,Kasori EII
加曽利EⅣ式,Kasori EVI
加曽利EⅠ式,Kasori EII
加曽利EⅠ式古段階,Kasori EI [Early]
加曽利EⅠ新式古相,Kasori EI [Late]
加曽利E式,Kasori E
加曽利E式または勝坂式,Kasori E or Katsuzaka
加曽利E式土器伴出,Excavated with Kasori E
加曾利B1〜2式,Kasori B1 - Kasori B2
加曾利BⅡ式,Kasori B2
加曾利B式,Kasori B
加曾利EⅢ式,Kasori EIII
加曾利EⅣ式,Kasori EIV
加曾利EⅠ式,Kasori EI
加曾利E式,Kasori E  
加曾利E期,Kasori E
加栗山ファジー,Kakuriyama Fuzzy
加栗山式,Kakuriyama
加栗山式？,Kakuriyama?
加栗山式土器,Kakuriyama
勝坂？,Katsuzaka?
勝坂1,Katsuzaka 1
"勝坂12〜3,焼町",Katsuzaka 1 - Katsuzaka 3 / Yakemachi
勝坂１式,Katsuzaka 1
勝坂1式,Katsuzaka 1
勝坂1式新期,Katsuzaka 1 [Late]
勝坂2,Katsuzaka 2
勝坂2a式期,Katsuzaka 2a
勝坂2b～曽利Ⅱ式？,Katsuzaka 2b - Sori II?
勝坂2b式,Katsuzaka 2b
勝坂2b式期,Katsuzaka 2b
勝坂2式,Katsuzaka 2
勝坂2式古期,Katsuzaka 2 [Early]
勝坂3,Katsuzaka 3
勝坂3-曽利Ⅱ,Katsuzaka 3 - Sori II
勝坂3a式,Katsuzaka 3a
勝坂3a式/焼町土器,Katsuzaka 3a / Yakimachi
勝坂3b式,Katsuzaka 3b 
勝坂3式,Katsuzaka 3
勝坂3式/焼町系,Katsuzaka 3 / Yakemachi Type
勝坂3式新,Katsuzaka 3 [Late]
勝坂3式末,Katsuzaka 3 [Final]
勝坂Ⅲ式,Katsuzaka 3
勝坂Ⅱ式,Katsuzaka 2
勝坂式,Katsuzaka
勝坂式〜阿玉台式,Katsuzaka - Otamadai
勝坂式･加曽利E式堀之内式,Katsuzaka / Kasori E Horiuchinai
勝坂式初葉〜前葉,Katsuzaka [Initial - Early]
勝坂式新段階,Katsuzaka [Late Stage]
勝坂式終末,Katsuzaka [Final]
勝坂期,Katsuzaka
北久根山式,Kitakuneyama
北前式,Kitamae
北大Ⅰ,Hokudai I
北大Ⅱ式,Hokudai II
北大Ⅰ式,Hokudai I
北大Ⅰ式（オホーツク）,Holudai I (Okhotsk)
北屋敷式,Kitayashiki
北白川C式,Kitashirakawa C
北白川Ⅲ式,Kitashirakawa III
北白川Ⅱ式,Kitashirakawa II 
北白川下層Ⅰb式,Lower Kitashirakawa Ib
北白川下層Ⅱa式,Lower Kitashirakawa IIa
北白川下層Ⅱb式,Lower Kitashirakawa IIb
北白川下層Ⅱc式,Lower Kitashirakawa IIc
北白川下層Ⅱc式(新?),Lower Kitashirakawa IIc [Late?]
北白川下層Ⅱc式(新),Lower Kitashirakawa IIc [Late]
北白川下層Ⅲ式,Lower Kitashirakawa III
北白川下層Ⅱ式,Lower Kitashirakawa II
北白川下層Ⅰ式,Lower Kitashirakawa I
北白川下層式,Lower Kitashirakawa 
北筒Ⅲ～Ⅴ式,Hokutou III - Hokutou V
北筒Ⅴ式,Hokutou V
北裏C式,Kitaura C
十三塚式期,Jusanbodai
十三菩堤,Jusanbodai
十三菩提2式,Jusanbodai 2
十三菩提c4式,Jusanbodai c4
十三菩提式,Jusanbodai
十三菩提式期,Jusanbodai
十腰内1式,Tokoshinai 1
十腰内1式（古）,Tokoshinai 1 [Early]
十腰内2式(加曽利B1式併行),Tokoshinai 2 (Parallel to Kasori B1)
十腰内3-4式,Tokoshinai 3 - Tokoshinai 4
十腰内3式,Tokoshinai 3  
十腰内4～5式,Tokoshinai 4 - Tokoshinai 5
十腰内5式,Tokoshinai 5
十腰内5式以降,After Tokoshinai 5 
十腰内5式直後,Immediately after Tokoshinai 5
十腰内Ⅰb式,Tokoshinai Ib
十腰内Ⅲ式期,Tokoshinai III
十腰内Ⅱ式併行,Tokoshinai II [Parallel to]
十腰内Ⅳ式期,Tokoshinai IV
十腰内Ⅰ式,Tokoshinai I
十腰内Ⅰ式期,Tokoshinai I
十腰内Ⅴ式,Tokoshinai V
十腰内式,Tokoshinai 
半精製深鉢,Semi-fine ware fukabachi 
南三十稲場式,Minamisanjuinaba
南三十稲葉式,Minamisanjuinaba
南三十稲葉式（古）,Minamisanjuinaba [Early]
南三十稲葉式（新）,Minamisanjuinaba [Late]
南十三稲場式,Minamisanjuinaba
南小泉Ⅱ式,Minamikoizumi II
南小泉式,Minamikoizumi  
南福寺式,Nanpukuji
南福寺式土器,Nanpukuji
原山式,Harayama
原山式（山の寺式新）,Harayama (Yamanotera [Late])
原山式（板付Ⅰ式新併行）,Harayama (Parallel to Itatsuke I [Late])
取組式,Torikumi
口酒井式,Kuchisakai
古串田新式,Kokushidashin
古和田台,Kowadadai
古墳前期後葉,Early Kofun [Late]
古墳時代前期初頭,Early Kofun [Initial]
古墳終末,Kofun [Final]
古府Ⅱ式,Kobu II
古府式,Kobu  
古式土師器,Hajiki [Old]
台形様石器,Trapezoid stone tool
吉田式,Yoshida
吹上I中,Fukiage I [Middle]
吹上I古,Fukiage I [Early]
吹上I古～中,Fukiage I [Early - Middle]
和泉式,Izumi
和泉式土器伴出,Excavated with Izumi
和泉式期，6世紀,"Izumi, 6th century"
咲畑式,Sakihata
嘉徳Ⅰ･Ⅱ式,Katoku I / II
嘉徳式土器,Katoku
土師器,Hajiki
土師器･5世紀前半〜中葉,Hajiki / 5th century [First Half - Middle]
土師器･7世紀,Hajiki / 7th century
土師器･須恵器,Hajiki / Sueki
土師器･須恵器･製塩土器･9世紀後半〜11世紀,Hajiki / Sueki / Seien / 9th century [Second Half] - 11th century
土師器･須恵器･黒色土器A類･墨書土器･製塩土器･越州窯青磁(第Ⅱ類)･緑釉陶器(洛西型9世紀第3四半期)･9世紀後半〜11世紀),Hajiki / Sueki / Kokushoku A / Bokusho / Seien / Esshu Seiji (II) / Ryokuyu (Rakusei type 9th century [3rd quarter] / 9th century [Second Half] - 11th century
土師器､須恵器、瓦質土器、青磁、白磁、近世陶磁器,Hajiki / Sueki / Gashitsu / Seiji / Hakuji / Early modern pottery 
地蔵池式（須和田式併行）,Jizouike (Parallel to Suwada) 
坂の下式,Sakanoshita
城ノ越～須玖Ⅰ式,Jonokoshi - Sugu I
城ノ越式,Jonokoshi
城の越式または須玖Ⅰ式古,Jonokoshi - Sugu I [Early]
城ノ越式併行,Jonokoshi [Parallel to]
城ノ越式期,Jonokoshi
堀之内1式,Horinouchi 1
堀之内1式?,Horinouchi 1?
堀之内1式(古）,Horinouchi 1 [Early]
堀之内1式（新）,Horinouchi 1 [Late]
堀之内1式（新),Horinouchi 1 [Late]
堀之内1式～2式(新）,Horinouchi 1 - Horinouchi 2 [Late]
堀之内1式並行期,Horinouchi 1 [Parallel to]
堀之内1式期,Horinouchi 1
堀之内1新式,Horinouchi 1 [Late]
堀之内1期,Horinouchi 1
堀之内2,Horinouchi 2
堀之内2式,Horinouchi 2
堀之内2式（中）？,Horinouchi 2 [Middle]?
堀之内2式中段階,Horinouchi 2 [Middle Stage]
堀之内2式新段階,Horinouchi 2 [Late Stage]
堀之内2式期,Horinouchi 2  
堀之内Ⅱ式,Horinouchi II
堀之内Ⅱ式〜加曽利BⅠ式,Horinouchi II - Kasori B1
堀之内Ⅰ式,Horinouchi I
堀之内Ⅰ式･十腰内Ⅰ式,Horinouchi I / Tokoshinai I
堀之内Ⅰ式期,Horinouchi I
堀之内式,Horinouchi
堀之内式~安行3B式,Horinouchi - Angyo 3B
堀之内式期,Horinouchi
堀之内期,Horinouchi
堂林式,Dorin
塚田式,Tsukada
塞ノ神B,Sainokami B
塞ノ神Bｄ式,Sainokami Bd
塞ノ神B式,Sainokami B
塞ノ神B式土器,Sainokami B
塞ノ神式,Sainokami
塞ノ神式土器,Sainokami
塩屋式,Shiotani
墨書土器,Bokusho
変形工字文　（下大隈式新）,Henkeikoujimon (Shimookuma [Late])
夏島Ⅱ式,Natsushima II
多縄文,Tajomon
多縄文系土器,Tajomon Type 
夜臼･板付I式共伴,Yuusu / Itatsuke I
夜臼Ⅱa式,Yuusu IIa
夜臼Ⅱａ式,Yuusu IIa
夜臼Ⅱa式？,Yuusu IIa?
夜臼Ⅱa式板付祖型甕,Yuusu IIa Itatsukesokeigame
夜臼Ⅱb式,Yuusu IIb
夜臼Ⅱｂ式,Yuusu IIb
夜臼Ⅱb式併行,Yuusu IIb [Parallel to]
夜臼Ⅱ式,Yuusu II
夜臼Ⅰ式,Yuusu I
夜臼Ⅰ式新,Yuusu I [Late]
夜臼式,Yuusu
夜臼式単純,Yuusu 
夜臼式土器,Yuusu 
大和1-2a期,Yamato 1 - Yamato 2a
大和Ⅰ-1-a期,Yamato I-1a
大和Ⅰ-1期,Yamato I-1  
大和Ⅰ-2-a期,Yamato I-2a
大和Ⅰ-2-b期,Yamato I-2b
大和Ⅰ-2a期,Yamato I-2a
大和Ⅱ-1-b期,Yamato II-1b
大和Ⅱ-2期,Yamato II-2
大和Ⅲ-1期,Yamato III-1
大和Ⅲ-2期,Yamato III-2
大和Ⅲ-3-2期,Yamato III-3-2
大和Ⅲ-3期,Yamato III-3-2
大和Ⅲ-4期,Yamato III-4
大和Ⅳ-1期,Yamato IV-1
"大和Ⅳ-2,Ⅳ-1期","Yamato IV-2, Yamato IV-1"
大和Ⅳ-2期,Yamato IV-2 
大和Ⅴ-1期,Yamato V-1
大和Ⅴ-2～Ⅵ-1期,"Yamato V-2, Yamato VI-1"
大和Ⅵ-3期,Yamato VI-3
大安在B式,Ooanzai B
大室スコリア,Omuro Scoria
大川式,Ookawa
大平A式,Oohira A
大当原式,Ufutobaru
大木1〜2b式,Daigi 1- Daigi 2b
大木10,Daigi 10
大木10a式,Daigi 10a
大木10c式,Daigi 10c
大木10式,Daigi 10
大木10式(中）,Daigi 10 [Middle]
大木10式（新）,Daigi 10 [Late]
大木10式または後期初頭,Daigi 10 or Late [Initial]
大木10式並行,Daigi 10 [Parallel to]
大木10式中段階,Daigi 10 [Middle Stage]
大木10式以降,After Daigi 10
大木10式併行,Daigi 10 [Parallel to]
大木10式併行～後期初頭,Daigi 10 [Parallel to] - Late [Initial]
大木10式前後,Daigi 10 [ca.]
大木10式古段階,Daigi 10 [Early Stage]
大木10式式,Daigi 10
大木10式新,Daigi 10 [Late]
大木10式新段階,Daigi 10 [Late Stage]
大木10式期,Daigi 10
大木10新,Daigi 10 [Late]
大木10新式,Daigi 10 [Late]
大木1式,Daigi 1
大木1式併行,Daigi 1 [Parallel to]
大木2a式,Daigi 2a
大木2a式並行,Daigi 2a [Parallel to]
大木2式,Daigi 2
"大木3,4式","Daigi 3, Daigi 4"
大木3式,Daigi 3
大木4〜5式,Daigi 4 - Daigi 5
"大木4,5a式","Daigi 4, Daigi 5a"
大木4式,Daigi 4
大木5〜6式,Daigi 5 - Daigi 6
大木5a式,Daigi 5a
大木5b式,Daigi 5b
大木5または6式,Daigi 5 or Daigi 6
大木5式,Daigi 5
大木5式?,Daigi 5?
大木5式期,Daigi 5
大木6〜7a式,Daigi 6 - Daigi 7a
大木6式,Daigi 6
大木6式(新）,Daigi 6 [Late]
大木6式新段階,Daigi 6 [Late Stage]
大木7a〜9式,Daigi 7a - Daigi 9
大木7a中か,During Daigi 7a?
大木7a式,Daigi 7a
大木7a式新,Daigi 7a [Late]
大木7a新式,Daigi 7a [Late]
大木7b〜8a式,Daigi 7b - Daigi 8a
大木7b～8a式,Daigi 7b - Daigi 8a
大木7b～8a式併行,Daigi 7b - Daigi 8a [Parallel to]
大木7b～大木8a式,Daigi 7b - Daigi 8a
大木7b式,Daigi 7b
大木7ｂ式,Daigi 7b
大木7b式（古）,Daigi 7b [Late]
大木7b式~8a式,Daigi 7b - Daigi 8a
大木7ｂ式期,Daigi 7b
大木7b式期,Daigi 7b
大木7b敷,Daigi 7b 
大木8〜9式,Daigi 8 - Daigi 9
大木8a･b式,Daigi 8a / Daigi 8b
大木8a式,Daigi 8a
大木8a式?,Daigi 8a?
大木8a式(会津系）,Daigi 8a (Aizu Type)
大木8a式（古）,Daigi 8a [Early]
大木8a式(新）,Daigi 8a [Late]
大木8a式新,Daigi 8a [Late]
大木8b,Daigi 8b
大木8b1式,Daigi 8b1
大木8b式,Daigi 8b
大木8b式（新）,Daigi 8b [Late]
大木9〜10式,Daigi 9 - Daigi 10
大木9a式,Daigi 9a
大木9c式,Daigi 9c
大木9式,Daigi 9
大木9式並行期･最花式期以前,Daigi 9 [Parallel to] / Before Saibana
大木9式期以降,After Daigi 9
大木式,Daigi
大木式系,Daigi Type
大杉谷1-2式,Osugitani 1 - Osugitani 2
大杉谷式,Osugitani  
大杉谷式?,Osugitani?
大歳山式,Okurayama
大歳山式または鹿島式,Okurayama or Kagoshima
大洞A-A'式,Oobora A - Oobora A'
大洞A-A'式?,Oobora A - Oobora A'?
大洞A〜A'式,Oobora A - Oobora A'
大洞A'(砂沢式併行）,Oobora A' (Parallel to Sunazawa) 
大洞A'式,Oobora A'
大洞A'式〜砂沢式,Oobra A' - Sunazawa
大洞A'式?,Oobora A' ?
大洞A'式（砂沢併行）,Oobora A' (Parallel to Sunazawa) 
大洞A'式古,Oobora A' [Early]
大洞A’,Oobora A'
大洞A’～C2式,Oobora A' - Oobora C2
大洞A’式？,Oobora A' ?
大洞A’式～砂沢式,Oobora A' - Sunazawa 
大洞A’式～青木畑式,Oobora A' - Aokihata 
大洞A’式併行在地系,Oobora A'  [Parallel to Local Type]
大洞A’式古,Oobora A' [Early]
大洞A1式,Oobora A1
大洞A2式,Oobora A2
大洞A式,Oobora A
大洞A式？,Oobora A?
大洞A式～A’式,Oobora A - Oobora A'
大洞A式～砂沢式,Oobora A - Sunazawa 
大洞B-C1式,Oobora B - Oobora C1
"大洞B-C1式,御経塚3式","Oobora B - Oobora C1, Okyouzuka 3"
"大洞B-C2〜C1式,中屋式","Oobora B - Oobora C2 - Oobora C1, Nakaya"
"大洞B-C2～C1式前半,中屋式","Oobora B - Oobora C2 - Oobora C1 [First Half], Nakaya"
大洞B-C2式,Oobora B - Oobora C2
"大洞B-C2式,御経塚式","Oobora B - Oobora C2, Okyouzuka"
大洞B-C式,Oobora B - Oobora C
"大洞B-C式, 御経塚4式中屋式","Oobora B - Oobora C, Okyozuka 4 Nakaya"
"大洞B-C式,御径塚4式(中屋式）","Oobora B - Oobora C, Okyozuka 4 Nakaya"
大洞B～大洞B-C式,Oobora B - Oobora B-C
"大洞B1,御経塚1or2","Oobora B1, Okyouzuka 1 or Okyouzuka 2"
"大洞B1,御経塚1or2式","Oobora B1, Okyouzuka 1 or Okyouzuka 2"
大洞B1古式,Oobora B1 [Early]
大洞B1式,Oobora B1
"大洞B1式,御経塚式","Oobora B1, Okyouzuka"
大洞B1式(古）,Oobora B1 [Early]
"大洞B2〜BC1式,御経塚式","Oobora B2 - Oobora BC1, Okyouzuka "
大洞B2〜BC式,Oobora B2 - Oobora BC
"大洞B2～BC1式,御経塚式","Oobora B2 - Oobora BC1, Okyouzuka "
大洞B2式,Oobora B2
"大洞B2式, 御経塚1式","Oobora B2, Okyouzuka 1"
"大洞B2式,御経塚1式","Oobora B2, Okyouzuka 1"
"大洞B2式,御経塚式","Oobora B2, Okyouzuka"
大洞B2式?,Oobora B2?
大洞BC1〜2式,Oobora BC1 - Oobora BC2
大洞BC1式,Oobora BC1
大洞BC2式,Oobora BC2
大洞BC式,Oobora BC
大洞BC式以降,After Oobora BC
大洞B式,Oobora B
大洞B式?,Oobora B?
大洞C1-1式,Oobora C1-1
"大洞C1-1式,中屋式","Oobora C1-1, Nakaya"
"大洞C1-2式,中屋式","Oobora C1-2, Nakaya"
大洞C1-2式～中屋式,Oobora C1-2 - Nakaya
大洞C1〜C2式,Oobora C1 - Oobora C2
大洞C1～2式,Oobora C1 - Oobora 2
大洞C1式,Oobora C1
大洞Ｃ1式,Oobora C1
"大洞C2-1式,下野式","Oobora C2-1, Simono"
大洞C2〜A式,Oobora C2-A
大洞C2～A式,Oobora C2-A
大洞C2式,Oobora C2
大洞Ｃ2式,Oobora C2
大洞C2式〜A1式,Oobora C2 - Oobora A1
大洞C2式～A1式,Oobora C2 - Oobora A1
大洞C2式またはA式,Oobora C2 or Oobora A
大洞C2式併行,Oobora C2 [Parallel to] 
大洞C2式古,Oobora C2 [Early]
大洞式,Oobora
大浦山,Ourayama
大畑G式,Oohata G
大畑G式併行,Oohata G [Parallel to]
大畑G式期,Oohata G
天城式,Amangusuku
天王山式,Tennozan
天王山式期,Tennozan
天王山系,Tennozan Type
天神原式,Tenjinhara
天神山式,Tenjinyama
天神山式併行,Tenjinyama [Parallel to]
太郎迫式,Tarozako
奈良,Nara
奈良時代,Nara
女鳥羽川式,Metobagawa 
姥山Ⅲ式（安行3c式）,Ubayama III (Angyo 3c)
姥山Ⅱ式期,Ubayama II
姶良火砕流時ナイフ形石器,NA
子母口式土器,Shibokuchi
孔列文のある二条刻目突帯文土器　,NA
宇宿上層式･喜念Ⅰ式･条痕文土器･研磨土器,Upper Ushuku / Kinen I / Jokonmon / Kenma 
宇津ノ台式,Utsunodai
安国寺式袋状口縁壺,Ankokuji (Fukurojoukouen Jar)
安行1式,Angyo 1
安行3a-3b,Angyo 3a - Angyo 3b
安行3a-3b式,Angyo 3a - Angyo 3b
安行3a〜3b式,Angyo 3a - Angyo 3b
安行3a～3b式,Angyo 3a - Angyo 3b
安行3a式,Angyo 3a
安行3a式?,Angyo 3a?
安行3a式(大洞B式),Angyo 3a (Oobora B)
安行3a式から3b式,Angyo 3a - Angyo 3b
安行3a式期,Angyo 3a
安行3b式,Angyo 3b
安行3b式〜姥山式,Angyo 3b - Ubayama
安行3c式,Angyo 3c
安行3d式,Angyo 3d
安行3式,Angyo 3
安行3式粗製,Angyo 3 (Coarse-ware)
安行Ⅲ式,Angyo III
安行Ⅰ式,Angyo I 
安行式,Angyo
室谷上層式,Upper Muroya
宮ノ台,Miyanodai
宮ノ台式,Miyanodai
宮ノ台式土器伴出,Miyanodai
宮ノ台式期,Miyanodai
宮戸1b式,Miyato 1b
宮戸3a式,Miyato 3a
宮戸Ⅰb式,Miyato Ib
宮滝式,Miyataki
寺ノ沢式,Teranosawa
寺の沢式,Teranosawa
寿能式,Jyunou
山ノ口Ⅱ式,Yamanokuchi II
山ノ口式,Yamanokuchi   
山の寺式,Yamanotera
山ノ寺式,Yamanotera
山の寺式新,Yamanotera [Late]
山の寺新？上菅生式新,Yamanotera [Late]? Kamisugou [Late]
山ノ神式,Yamanokami
山中,Yamanaka
山中Ⅱ,Yamanaka II
山中式,Yamanaka
山中式期,Yamanaka
山形押型文,Yamagata Oshigatamon
山王3層式,Sannou 3 Layer 
山王Ⅲ層式,Sannou III Layer
岡大・沢田式,Okadai / Sawada 
岩崎式土器,Iwasaki 
岩本タイプ,Iwamoto Type
岩本式,Iwamoto
岩本式･関東地方撚糸文式土器,Iwamoto / Kanto Area Yoriitomon
岩本式土器,Iwamoto
岩滑式,Yanabe
市来式,Ichiku
市来式､伊佐式、黒川式土器,"Ichiku, Isa, Kurokawa"
市来式（鐘崎式併行）,Ichiku (Parallel to Kanezaki) 
市来式土器,Ichiku 
布留0,Furu 0
布留0?,Furu 0?
布留0～布留1,Furu 0- Furu 1
布留0古,Furu 0 [Early]
布留0式,Furu 0
布留0式（外来または在地）,Furu 0 (Foreign or Local) 
布留0式新,Furu 0 [Late]
布留0新,Furu 0 [Late]
布留0新～布留1,Furu 0 [Late] - Furu 1
布留0新～布留1古,Furu 0 [Late] - Furu 1 [Early]
布留1,Furu1
布留1〜2式,Furu1-2
布留1式,Furu1
布留Ⅰ〜Ⅱ式土器,Furu I-II
布留Ⅱ式,Furu II
布留Ⅱ式併行,Furu II [Parallel to]
布留Ⅰ式,Furu I
布留Ⅰ式〜Ⅱ式,Furu I - Furu II
布留Ⅰ式～Ⅱ式,Furu I - Furu II
布留Ⅰ式新〜Ⅱ式古,Furu I [Late] - Furu II [Early]
布留式,Furu
布留式土器,Furu
布留系,Furu Type
布目式,Nunome
常世1世,Tokoyo 1st generation
常世1世式,Tokoyo 1st generation
常世2世式,Tokoyo 2nd generation
常世2式(32に同じ),Tokoyo 2nd generation (same as 32)
常世Ⅱ式,Tokoyo II
平安時代以降,After Heian
平栫式,Hiragakoi
平栫式･塞ノ神式,Hiragakoi / Senokan
平栫式土器,Hiragakoi
庄内0,Shonai 0
庄内1,Shonai 1
庄内3,Shonai 3
庄内3?,Shonai 3?
庄内Ⅰ～布留0古,Shonai 1 - Furu 0 [Early]
庄内式,Shonai
庄内式並行（古墳1),Shonai [Contemporary] (Kofun 1)
建久9年(1198年),Kenkyu 9 (1198 AD)
廻間Ⅱ式,Hazama II
廻間Ⅰ古,Hazama I [Early]
廻間Ⅰ式,Hazama I
廻間Ⅰ式期,Hazama I
弥栄平2式,Iyasakadaira 2
弥生中期中葉,Middle Yayoi [Middle]
弥生中期前葉,Middle Yayoi [Early]
弥生中期末葉,Middle Yayoi [Final]
弥生前期,Early Yayoi
弥生土器,Yayoi
弥生後期前葉,Late Yayoi [Early]
弥生後期土器,Late Yayoi
弥生後期後葉,Late Yayoi [Late]
弥生後期末葉,Late Yayoi [Final]
弥生町期,Yayoichou
彦崎K1式,Hikozaki K1
彦崎K2式,HIkozaki K2
彦崎K2式直前,Immediately before Hikozaki K2
彦崎Z1式,Hikozaki Z1
彦崎Z2式,Hikozaki Z2
後北C2-D式(新),Kouhoku C2-D [Late]
後北C2･D式,Kouhoku C2-D
後半初め新地Ⅰ式平行期,Second Half [Initial]  [Parallel to Shinchi I]
後期IV-2,Late IV-2
後葉条痕文土器,Late Jokonmon
御径塚2式,Okyouzuka 2
御径塚3式,Okyouzuka 3
御手洗A式,Mitarai A
"御経塚,B1式",Okyouzuka B1
御経塚2式,Okyouzuka 2
御経塚3式,Okyouzuka 3
御経塚B1式,Okyouzuka B1
御経塚式,Okyouzuka
御領式,Goryou
御領式･上加世田期,Goryou / Uekaseda
御領式土器,Goryou
志風頭式,Shikazegashira
愛媛Ⅱ－１,Ehime II-1 
愛媛Ⅱ－１～Ⅱ－２,Ehime II-1 - Ehime II-2
成川式,Narikawa
成川式？,Narikawa?
成川式土器,Narikawa
戸沢川代段階,Tozawakawadai Stage
戸沢川代段階から二枚橋式,Tozawakawadai Stage - Nimaibashi
手捏土器･土師器･須恵器,Tezukune / Hajiki / Sueki 
打越式,Otsukoshi
打越式新～神ノ木台式古,Otsukoshi [Late] - Kaminokidai [Early]
押圧状文,Ouatsujoumon
押圧縄文,Ouatsujoumon
押型文,Oshigatamon
押型文･隆帯文,Oshigaramon / Ryutaimon
押型文土器,Oshigatamon
押型文土器･撚糸文土器,Oshigatamon / Yoriitomon 
押型文期,Oshigatamon
押型文系土器,Oshigatamon
押形文土器併行,Oshigatamon [Parallel to] 
指宿式,Ibusuki
指宿式､三万田式,"Ibusuki, Sanmanda"
指宿式土器,Ibusuki 
指宿式土器･堀之内1式段階,Ibusuki / Horiuchinai 1 Stage 
摂津Ⅰ-1期,Settsu I-1
撚糸文,Yoriitomon
撚糸文土器,Yoriitomon
撚糸文期,Yoriitomon 
擬朝鮮系無文土器,Gichousenkeimumon
政所式,Mandokoro
新保･新崎式,Shimbo / Ninzaki
新保1式,Shimbo 1
新保2式,Shimbo 2
新保式,Shimbo
新地Ⅳ式,Shinchi IV
新崎Ⅰ式,Ninzaki I
新崎式,Ninzaki I
新崎式系土器,Ninzaki Type
新崎系,Ninzaki Type
新巻類系,Aramaki Type
新道式,Aramichi
新道式新相〜藤内式，阿玉台Ⅱ式,"Aramichi [Late] - Tounai, Otamadai II "
日向前B式,Hinatamae B
早期土器,Early 
早期後葉,Early [Late]
早期後葉~末葉,Early [Late - Final]
早期末条痕文土器,Early [Final] Joukonmon
早期末葉,Early [Final]
早稲田5類または表館遺跡Ⅻ群土器相当,Waseda 5 or Omotedate Group XII equivalent
早稲田6c類,Waseda 6c
早稲田６類,Waseda 6 
早稲田6類,Waseda 6 
春日式,Kasuga
春日式土器,Kasuga
晩期前葉～中葉,Final [Early] - Middle
曽利Ⅰb式,Sori Ib
曽利Ⅱ～Ⅲ式,Sori II - Sori III
曽利Ⅱb式,Sori IIb
曽利Ⅱb式(唐草文系),Sori IIb (Karakusamon Type)
曽利Ⅲ〜Ⅳ,Sori III - Sori IV
曽利Ⅲ～Ⅳ式,Sori III - Sori IV
曽利Ⅲa～Ⅲb式,Sori IIIa - Sori IIIb
曽利Ⅲb式(唐草文系),Sori IIIｂ (Karakusamon Type)
曽利Ⅲ式,Sori III
曽利Ⅲ式期,Sori III
曽利Ⅱ式,Sori II
曽利Ⅳ～Ⅴ期,Sori IV - Sori V
曽利Ⅳa式,Sori IVa
曽利Ⅳb式,Sori IVb
曽利ⅣⅤ式,Sori IV - Sori V
曽利Ⅳ式,Sori IV
曽利Ⅰ式,Sori I
曽利Ⅰ式古,Sori I [Early]
曽利Ⅰ式古〜曽利Ⅱ式古,Sori I [Early] - Sori II [Early]
曽利Ⅴ式,Sori V
曽利式,Sori
曽畑式,Sobata
曽畑式土器,Sobata 
曽畑式土器･轟B式系土器,Sobata / Todoroki B Type
曽谷〜安行3a式,Soya - Angyo 3a
曽谷式,Soya
曽谷式～（安行3a）,Soya - (Angyo 3a)
曽谷式～安行1式,Soya - Angyo 1
最花,Saibana
最花～大木10,Saibana - Daigi 10
最花式,Saibana
最花式、大木10式,Saibana - Daigi 10
最花式期,Saibana
月崎下層式,Lower Tsukizaki
月影Ⅱ式,Tsukikage II
有尾式,Ario
朝日,Asahi
朝日C～福浦下層式,Asahi C - Lower Fukuura
朝日C北白川下層Ⅱa式,Asahi C Lower Kitashirakawa IIa
朝日C式，北白川下層Ⅱa式,Asahi C Lower Kitashirakawa IIa
朝日C式，黒浜式,"Asahi C, Kurohama"
朝日下層式,Lower Asahi
朝日下層式〜新保1式,Lower Asahi - Shimbo 1
朝日下層式?,Lower Asahi?
朝日下層式（古）,Lower Asahi [Early]
朝日下層式（新）,Lower Asahi [Late]
朝日式～貝田町式,Asahi - Kaidacho
朝日式1期,Asahi 1
朝日式2期,Asahi 2
朝日式新,Asahi [Late]
朝日期,Asahi
朝日町式,Asahicho
木島,Kijima
木島式,Kijima
本野タイプ,Honno Type
条痕文,Joukonmon
条痕文土器,Joukonmon 
条痕紋,Joukonmon
東原式土器,Agaribaru
松川堂Ⅱ式,Matsukawado II
松木田式,Matsukida
松永3･4期,Matsunaga 3 - Matsunaga 4
松永4･5期,Matsunaga 4 - Matsunaga 5
松永5･6期,Matsunaga 5 - Matsunaga 6
松河戸Ⅰ式,Matsukawado I
松添式,Matsuzoe
板付Ⅰ･Ⅱ式土器,Itatsuke I / II
板付Ⅰ（新）～Ⅱb式,Itatsuke I [Late] - Itatsuke IIb
板付Ⅰb〜Ⅱa式,Itatsuke Ib - Itatsuke IIa
板付Ⅰb～Ⅱa式,Itatsuke Ib - Itatsuke IIa
板付Ⅰb式,Itatsuke Ib
板付Ⅰc式,Itatsuke Ic
板付Ⅱa～Ⅱｂ式,Itatsuke IIa - Itatsuke IIb
板付Ⅱa～Ⅱb式併行,Itatsuke IIa - Itatsuke IIb [Parallel to]
板付Ⅱa式,Itatsuke IIa
板付Ⅱａ式か？,Itatsuke IIa?
板付Ⅱa式併行,Itatsuke IIa [Parallel to]
板付Ⅱa式新,Itatsuke IIa [Late]
板付Ⅱb～Ⅱc式,Itatsuke IIb - Itatsuke IIc
板付Ⅱb式,Itatsuke IIb
板付Ⅱｂ式,Itatsuke IIb
板付Ⅱb式併行かやや下る時期,Itatsuke IIb or earlier 
板付Ⅱc～城の越式,Itatsuke IIc - Shironokoshi
板付Ⅱc～城ノ越式,Itatsuke IIc - Shironokoshi
板付Ⅱc式,Itatsuke IIc
板付Ⅱc式，城ノ越式,Itatsuke IIc - Shironokoshi
板付Ⅱc式併行,Itatsuke IIc [Parallel to]
板付Ⅱ式？,Itatsuke IIc?
板付Ⅱ式併行,Itatsuke II [Parallel to]
板付Ⅰ併行,Itatsuke I [Parallel to]
板付Ⅰ併行（擬孔列文）,Itatsuke I [Parallel to] (Gikouretsumon)
板付Ⅰ式,Itatsuke I 
板付Ⅰ式Aタイプ,Itatsuke I A type
板付Ⅰ式併行,Itatsuke I [Parallel to]
板付Ⅰ式古〜板付Ⅱa式,Itatsuke I [Early] - Itatsuke IIa
板付Ⅰ式土器,Itatsuke I
柏原式土器,Kashiwara
柴山出村Ⅰ式（氷Ⅰ式)Ⅰ期,Shibayamademura I（Kori I) I
栗林1式古,Kuribayashi 1 [Early]
栗林2〜3式,Kuribayashi 2 - Kuribayashi 3
栗林2式新,Kuribayashi 2 [Late]
栗林式,Kuribayashi
格子目押型文土器,Koushimemon Oshigatamon
桑ノ丸式,Kuwanomaru
桜井式,Sakurai
桜町Ⅲ式期,Sakuramachi III
桝形囲式期,Masugatakakoi
梨ノ木平段階,Nashinokidaira Stage
梨ノ木平段階から二枚橋式期,Nashinokidaira Stage - Nimaibashi
梨久保B式,Nashikubo B
楕円押型文土器,Daenoshigatamon
榎林～最花,Enokibayashi - Saibana
榎林式,Enokibayashi
榎林式・大木8b式,Enokibayashi / Daigi 8b
榎林式期,Enokibayashi
樫王式,Kashiou
欠山式,Kayama
欠山式（中）,Kayama [Middle]
気屋式,Kiya
氷Ⅰ式(古)併行,Kori I [Early] [Parallel to]
氷Ⅰ式（新）/大洞A2～A'式併行,Kori I [Late] / Oobora A2 - Oobora A' [Parallel to]
永野タイプ,Nagano Type
沈線文,Chinsenmon
沖2式,Oki 2
沖2式併行,Oki 2 [Parallel to]
沖ノ原Ⅰ式,Okinohara I
沖ノ原式,Okinohara  
沖之原式,Okinohara
沖附式,Okizuke
沢田式,Sawada
沢田式？,Sawada?
沢田式（古）,Sawada [Early]
沢田式新,Sawada [Late]
河内Ⅰ-1～2期,Kawachi I-1 - Kawachi I-2
河内Ⅰ-1最古,Kawachi I-1 [Earliest]
河内Ⅰ-1期,Kawachi I-1
河内Ⅰ-2～3期,Kawachi I-2 - Kawachi I-3
河内Ⅰ-2期,Kawachi I-2   
河内Ⅰ-3～4期,Kawachi I-3 - Kawachi I-4
河内Ⅰ-3期,Kawachi I-3
河内Ⅰ-3期～Ⅰ-4期,Kawachi I-3 - Kawachi I-4   
河内Ⅰ-4～Ⅱ-1期,Kawachi I-4 - Kawachi II-1
河内Ⅰ-4期,Kawachi I-4 
河内Ⅱ-1期,Kawachi II-1
河内Ⅱ-2～3期,Kawachi II-2 -Kawachi II-3
河内Ⅱ-2期,Kawachi II-2
河内Ⅱ-3期,Kawachi II-3
河内Ⅲ-1期,Kawachi III-1
河内Ⅲ～Ⅳ-1・2期,Kawachi III - Kawachi IV-1/2
河内Ⅰ期(中）,Kawachi I [Middle]
河内Ⅰ期(古),Kawachi I [Early]
河内Ⅰ期(古）,Kawachi I [Early]
河内Ⅰ期新（Ⅱに近い）,Kawachi I [Late] (Closer to Kawachi II)
河内Ⅴ-0期,Kawachi V-0
河内Ⅴ-1～3期,Kawachi V-1 - Kawachi V-3
河内Ⅴ-2～3期,Kawachi V-2 - Kawachi V-3
河内Ⅴ-3～Ⅵ-1期,Kawachi V-3 - Kawachi VI-1
河内Ⅴ-3期,Kawachi V-3
河内Ⅵ-1期,Kawachi VI-1
法仏式,Houbutsu
津島岡大式,Tsushima Okadai
浦久保式,Urakubo
浦幌式,Urahoro
浮線文系,Fusenmon Type
深浦式,Fukaura 
深浦式土器,Fukaura 
深浦式日木山一般,Fukaura Hikiyama General 
清水ノ上Ⅱ～上ノ坊式,Shimizunoue II - Uenobou
清水ノ上Ⅱ式,Shimizunoue II 
清水ノ上式,Shimizunoue 
清水天王山1式,Shimizutennoyama 1 
清水天王山式（古）,Shimizutennoyama [Early]
清水柳E類,Shimizuyanagi E
滋賀里Ⅲ～船橋式,Shigasato III - Funabashi
滋賀里Ⅲa式,Shigawato III-a
滋賀里Ⅲb～滋賀里Ⅳ式,Shigasato IIIb - Shigasato IV
滋賀里Ⅲb式,Shigasato IIIb 
滋賀里Ⅲ式,Shigasato III
滋賀里Ⅱ式,Shigasato II
滋賀里Ⅳ～長原式,Shigasato IV - Nagahara
滋賀里Ⅳ式,Shigasato IV - Nagahara
滋賀里式（船橋式）,Shigasato (Funabashi)
滋賀里式/船橋式,Shigasato / Funabashi 
漆町10群期,Mumon
漆町5･6群期,Urushimachi Group 5 / Urushimachi Group 6
漆町8群期,Urushimachi Group 8
漆町期,Urushimachi 
瀨戸内系土器,Setouchi type
瀬戸内系撚糸文土器,Yoriitomon (Seto Inner sea type)
無刻目突帯文土器(黒川式新),Mukizamimetottaimon (Kurokwa [Late])
無文,Mumon
無文･押型文,Mumon / Oshigatamon
無文C群,Mumon Group C
無文土器,Mumon
無文土器(工具ミガキ),Mumon (Kogu Migaki) 
無紋,Mumon
焼町古式,Yakimachi [Early]
焼町土器,Yakimachi
焼町新式,Yakimachi [Late]
爪型文,Tsumegatamon
爪形文,Tsumegatamon
爪形文･押圧文系土器,Tsumegatamon / Ouatsumon Type 
牛ヶ沢3式,Ushigasawa 3
物見台式,Monomidai
狢沢式,Mujinasawa
狢沢式、阿玉台Ⅰb式,"Mujinasawa, Odamadai Ib"
狢沢式5b,Mujinasawa 5b
狢沢式期,Mujinasawa
狢沢式期並行,Mujinasawa [Parallel to] 
猫橋式,Nekobashi
王江式,Tamae
瓜郷上層第3様式,Upper Urigou 3rd Style
瓜郷下層式並行,Lower Urigo [Parallel to] 
田戸下層式,Lower Tado
田村式(早水台Ⅱ期),Tamura (Souzudai II)
田舎館式,Inakadate
畿内第Ⅱ様式併行,Kinai II Style [Parallel to]
畿内第Ⅰ様式(新)～第Ⅱ様式,Kinai I Style [Late] - Kinai II
瘤付土器Ⅳ期,Kobutsuki IV
瘤付土器第一段階,Kobutsuki 1st Stage 
白浜式,Shirahama
白浜式期,Shirahama
的場式,Matoba
真脇式,Mawaki
知覧式土器,Chiran
石坂Ⅰ・Ⅱ式,Ishizaka I / Ishizaka II
石坂Ⅰ･Ⅱ式,Ishizaka I / Ishizaka II
石坂Ⅰ式,Ishizaka I
石坂式土器,Ishizaka
石山式,Ishiyama
砂沢式,Sunazawa
砂沢式併行,Sunazawa [Parallel to]
砂沢期,Sunazawa 
磨消縄文土器,Surikeshi Jomon
磨研壺,Maken-ko
磯の森式,Isonomori 
神ノ木台式併行,Kaminokidai [Parallel to]
神ノ木式,Kaminoki  
神並上層式？,Upper Kounami?
神宮寺式,Jinguji
神明式,Shinmei
神明式期,Shinmei
神野牧系･轟式,Shinnomaki Type / Todoroki
福浦上層式,Upper Fukuura 
福浦上層式古,Upper Fukuura [Early]
福浦上層式新,Upper Fukuura [Late]
福浦下層～蜆ヶ森式,Lower Fukuura - Shijimigamori
福浦下層刈羽式,Lower Fukuura Kariwa
福浦下層北白川下層Ⅱb式,Lower Fukuura Lower Kitashirakawa IIb
福浦下層式,Lower Fukuura
福浦下層式，諸磯a式,"Lower Fukuura, Moroiso a"
福田C式･船元式,Fukuda C / Funamoto
福田K2式,Fukuda K2
福田KⅢ式,Fukdua KIII
称名寺1,Shomyoji 1
称名寺1式,Shomyoji 1
称名寺1式または加曽利E系統,Shomyoji 1 or Kasori E Type
称名寺2〜堀之内1式,Shomyoji 2 - Horinouchi 1
称名寺2式,Shomyoji 2
称名寺Ⅱ〜堀之内Ⅰ,Shomyoji II - Horinouchi I
称名寺Ⅱ式,Shomyoji II
称名寺Ⅰ式,Shomyoji I 
称名寺か堀之内期,Shomyoji or Horinouchi
称名寺式,Shomyoji
称名寺期,Shomyoji
稲荷台式,Inaridai
稲荷山式,Inariyama
突帯文,Tottaimon
突帯文（前池式併行）,Tottaimon (Parallel to Maeike)
突帯文併行,Tottaimon [Parallel to] 
突帯文又は弥生前期末,Totaimon or Early Yayoi [Final]
突帯文甕,Tottaimon kame pot
突帯文系,Tottaimon Type 
突帯紋土器,Tottaimon
立川ロームⅤ･Ⅵ層相当,Tachikawa Loam V Layer / Tachikawa Loam VI Layer equivalent
立川ローム第1部層,Tachikawa Loam 1st  Layer
立川ローム第3部層,Tachikawa Loam 3rd  Layer 
第1文化層,1st Cultural Layer
第1様式新,1st Style [Late]
第1様式末,1st Style [Final]
第1群土器,1st Group 
第2-3様式,2nd Style - 3rd Style
第2･3群土器,2nd / 3rd Group
第2文化層,2nd Cultural Layer
第2様式(高田式),2nd Style (Takada)
第2様式新,2nd Style [Late]
第3様式,3rd Style
第3様式中,3rd Style [Middle]
第3様式古,3rd Style [Early]
第4文化層,4th Cultural Layer
第5様式2期,5th Style 2nd 
第Ⅲ様式(古）,III Style
第Ⅱ様式,II Style
第Ⅰ様式（新）～第Ⅱ様式（初）,I Style [Late] - II Style [Initial]
笹貫式･須恵Ⅱ式(6世紀代),Sasanuki / Sue II (6th century ca.)
笹貫式土器,Sasanuki
笹貫段階,Sasanuki Stage 
箱清水,Hakoshimizu
箱清水式,Hakoshimizu
篠原式,Shinohara
篠原式中段階,Shinohara [Middle Stage]
篭原Ⅰ式,Kagohara I 
粗製土器,Coarse-ware
粗製土器(鐘崎式？),Coarse-ware (Kanezaki?)
粗製浅鉢土器,Asabachi (Coarse-ware)
粗製深鉢,Fukabachi (Coarse-ware)
糸条痕文土器,Itojyoukonmon
紀元前1世紀中頃〜紀元後1世紀中頃,BC 1st century [Middle ca.] - AD 1st century [Middle ca.]
紀元前2世紀後半〜紀元後1世紀初頭,BC 2nd century [Second Half] - AD 1st century [Initial]
紀元前4世紀中頃〜2世紀後半,BC 4th century [Middle] - 2nd century [Second Half]
紀元前8世紀前半〜紀元前6世紀後半鉢形土器,NA
紀元前9世紀初頭〜8世紀初頭,BC 9th century [Initial] - 8th century [Initial]
"約15,000年前","15,000 years ago [ca.]"
約2200年前,"2,200 years ago [ca,]"
約2600年前,"2,600 years ago [ca.]"
約3.2万年前〜2.4万年前,"32,000 years ago [ca.] - 24,000 years ago "
納曽3式,Nouso 3
細石刃文化,Saisekijin Culture
細石刃文化期,Saisekijin Culture 
細石器文化期〜縄文時代草創期,Saisekki Culture - Incipient Jomon
組織痕土器,Soshikikon
絡条体圧痕文,Rakujyoutaiakkonmon
綱取１式,Amitori 1
綱取式,Amitori
緒立1式,Odate 1
緒立1期,Odate 1
縁帯文,Entaimon
縁帯文成立期,Entaimon
縄文土器,Jomon
縄文土器･須恵器,Jomon / Sueki
縄文時代中期大木8b式,Middle Jomon Daigi 8b
縄文時代中期末葉加曽利EⅢ式〜EⅣ式,Middle Jomon [Final] Kasori EIII - Kasori EIV
縄文時代円筒上層d式期,Jomon Upper Ento d 
縄文時代大洞B2〜BC式,Jomon Oobora B2 - Oobora BC
縄文時代大洞BC〜C1式,Jomon Oobora BC - Oobora C1
縄文時代早期土器,Incipient Jomon
縄文時代晩期後葉〜弥生時代前期,Final Jomon [Late] - Early Yayoi
縄文晩期中葉,Final Jomon [Middle]
縄文晩期後葉,Final Jomon [Late]
縄文晩期末葉,Final Jomon [Final]
縄文晩期浅鉢,Final Jomon Asabachi
縄文条痕文土器,Jomon Jokonmon
羽島下層Ⅱ式,Lower Toba II
羽島下層Ⅱ式/北白川下層Ⅰa式,Lower Toba II / Lower Kitashirakawa Ia 
羽島下層式,Lower Toba
羽鳥下層Ⅱ式,Lower Toba II
舟津原式（新）,Funatsubara [Late]
船元Ⅰ、Ⅱ式,"Funamoto I, Funamoto II"
船元Ⅲ式,Funamoto III
船元Ⅲ式(船元Ⅲ式E類),Funamoto III (Funamoto IIIE)
船元Ⅱ式,Funamoto II
船元Ⅳ式,Funamoto IV
船元Ⅳ式(里木Ⅱ式),Funamoto IV (Satogi II) 
船元Ⅰ式,Funamoto I
船元式,Funamoto
船元式？,Funamoto?
船元式土器,Funamoto
船橋～長原式,Funabashi - Nagahara 
船橋式,Funabashi   
花ノ湖Ⅱ式,Hananoko II
花積下層式,Lower Hanazumi
花積下層式併行,Lower Hamazumi [Parallel to]
花積下層式併行期,Lower Hamazumi [Parallel to]
花積下層期,Lower Hanazumi
苦浜？,Kubama? 
茅山上層期,Upper Kayama
茅山下層式,Lower Kayama
茅山下層期,Lower Kayama
茅山式,Kayama
草創期最後の段階,Incipient [Final Stage]
荒海式,Arami
葛原沢Ⅱ式併行,Kuzuharazawa II [Parallel to]
薄手無文土器,Usudemumon
藤内1式,Tounai 1
藤内Ⅱ式,Tounai II
藤内Ⅰ式,Tounai I 
藤内式,Tounai
蜆ヶ森Ⅱ～福浦上層式,Shijimigamori II - Upper Fukuura 
蜆ヶ森Ⅱ小牧式,Shijimigamori II Komaki
蜆ヶ森Ⅱ式,Shimimigamori II
蜆ヶ森Ⅰ式,Shijimigamori I
蜆ヶ森古期,Shijimigamori [Early]
蜆ヶ森式,Shijimigamori
蜆ヶ森式，北白川下層Ⅱc式,"Shijimigamori, Lower Kitashirakawa IIc"
表館Ⅰ遺跡第ⅩⅡ群相当,Omotedate I Group XII equivalent
西之薗式,Nishinosono
西川津式,Nishikawatsu
西平～三万田式,Nishidaira - Sanmanda
西平式,Nishidaira 
西平式土器,Nishidaira
西新式併行,Nishijin [Parallel to]
西暦700年前後,700 AD [ca.]
西暦915年以前,Before 915 AD
西暦915年頃,915 AD [ca.]
試料より下位から安行式土器出土,Angyo pottery was recovered below the sample 
諸磯a式,Moroiso a
諸磯a式期,Moroiso a 
諸磯b,Moroiso b
諸磯b1式,Moroiso b1
諸磯b3式,Moroiso b3
諸磯b式,Moroiso b
諸磯C,Moroiso c
諸磯c式,Moroiso c 
諸磯c式期,Moroiso c
諸磯式,Moroiso 
諸磯式並行,Moroiso [Parallel to]
谷尻式,Tanijiri
貝殻円筒形土器(下剥峯式土器),Kaigaraentokei (Shimohagimine)
貝殻条痕文土器,Kaigarajoukonmon
貝田町1,Kaidacho 1
貝田町2,Kaidacho 2
貝田町3,Kaidacho 3
貝田町式,Kaidacho 
貝田町式古,Kaidacho [Early]
貝田町式期,Kaidacho
貫川Ⅱa式,Nukigawa IIa
貫川Ⅱb式,Nukigawa IIb
赤御堂式,Akamido
赤御堂式新～早稲田5類,Akamido [Late] - Waseda 5
赤穴式,Akaana
赤穴式期,Akaana
越高式土器,Koshidaka
踊場式（新）,Odoriba [Late]
轟２式,Todoroki 2
轟4式,Todoroki 4
轟5式,Todoroki 5
轟A,Todoroki A
轟B式,Todoroki B
轟B式土器,Todoroki B
轟式土器,Todoroki
轟式系土器,Todoroki type
轟系？,Todoroki type?
辛川式,Karakawa
近江Ⅳ様式,Oumi IV Style
近江Ⅳ様式(古）,Oumi IV Style [Early]
近江Ⅳ様式（古）,Oumi IV Style [Early]
近江Ⅳ様式前半,Oumi IV Style [First Half]
近江Ⅳ様式末,Oumi IV Style [Final]
連弧文,Renkomon
連弧文系,Renkomon Type
遠賀川系,Ongagawa Type 
遺構は縄文時代･覆土は古墳時代?,"Structure dated to Jomon perold, deposit of Kofun period"
酒見式（新）,Sakemi [Late]
釈迦堂ZⅢ期,Shakadou ZIII
里木Ⅱ式,Satogi II
野島式,Nojima 
野島式・槻木1式,Nojima / Tsukinoki 1
野島式・槻木2式,Nojima / Tsukinoki 2
鐘崎式土器･市来式土器,Kanezaki / Ichiku
長原,Nagahara
長原式,Nagahara
長原式（新）,Nagahara [Late]
長床式,Nagatoko
長竹式,Nagatake
長竹式（下野式後半）,Nagatake (Shitano [Second Half]) 
長竹式（大洞A1式？）,Nagatake (Oobora A1?)
長者久保文化期,Choujakubo Culture
関山Ⅱ式,Sekiyama II
関山Ⅰ式,Sekiyama I
関山Ⅰ式期,Sekiyama I
関山式,Sekiyama
関山式期,Sekiyama
関山期,Sekiyama
阿玉台Ⅰb式,Otamadai Ib
"阿玉台Ⅰb式,5C","Otamadai Ib, 5C"
阿玉台Ⅰb式（新）,Otamadai Ib [Late]
阿玉台Ⅰb敷新またはⅡ式平行,Otamadai Ib [Late] or Otamadai II [Parallel to]
阿玉台Ⅲ･勝坂Ⅳ式,Otamadai III / Katuzaka IV
阿玉台Ⅲ式,Otamadai III
阿玉台Ⅲ式〜加曾利EⅡ期,Otamadai III - Kasori EII
阿玉台Ⅲ式?,Otamadai III?
阿玉台Ⅱ式,Otamadai II
阿玉台Ⅱ式？,Otamadai II?
阿玉台Ⅱ式（新）,Otamadai II [Late]
阿玉台Ⅱ式古相,Otamadai II [Early]
阿玉台Ⅳ式,Otamadai IV
阿玉台式,Otamadai  
"阿玉台式,加曽利E式","Otamadai, Kasori E"
阿玉台式土器伴出,Excavated with Otamadai 
阿玉台式系,Otamadai Type
阿高式,Adaka
阿高式(系)？,Adaka (type)?
阿高式(系)？･中津式土器,Adaka (type)? / Nakatsu 
阿高式土器,Adaka
阿高式系？,Adaka type?
阿髙式土器,Adaka   
隆帯文,Ryutaimon
隆帯文土器,Ryutaimon
隆帯文土器2類,Ryutaimon 2 
隆帯文期,Ryutaimon
隆線文,Ryuusenmon
隆線文土器,Ryuusenmon
隆起文,Ryuukimon 
隆起文(無紋),Ryuukimon (Mumon)
隆起線文,Ryuukisenmon
隆起線文土器,Ryuukisenmon
霧島御池テフラ,Kirishima Miike Tephra 
青山式,Aoyama
青木畑式,Aokihata
青木畑式?,Aokihata?
青木畑式～山王Ⅲ層式,Aokihata - Sannou III Layer
面縄西洞式,Omonawaseido
韮窪式,Nirakubo
須久Ⅰ式,Sugu I 
須久Ⅰ式またはⅡ式,Sugu I or Sugu II
須和田式併行,Suwada (Parallel to)
須恵器,Sueki
須恵器･8〜10世紀,Sueki/ 8th century - 10th century
須恵器･8〜9世紀,Sueki / 8th century - 9th century
須恵器･土師器･6世紀半,Sueki / Hajiki / 6th century [Middle]
須恵器･土師器窯,Sueki / Hajiki  
須恵器･須志器,Sueki / 
須恵器壺･土師器坏,Sueki / Hajiki 
須玖Ⅰ～Ⅱ式,Sugu I - Sugu II
須玖Ⅱ,Sugu II 
須玖Ⅱ～高三潴式,Sugu II - Takamizuma
須玖Ⅱ中〜後,Sugu II [Middle - Late]
須玖Ⅱ併行,Sugu II [Parallel to]
須玖Ⅱ式,Sugu II
須玖Ⅱ式～高三潴式併行,Sugu II - Takamizuma (Parallel to)
須玖Ⅱ式中,Sugu II [Middle]
須玖Ⅱ式中～後,Sugu II [Middle - Late]
須玖Ⅱ式併行,Sugu II [Parallel to]
須玖Ⅱ式古,Sugu II [Early]
須玖Ⅱ式古～中,Sugu II [Early - Middle]
須玖Ⅱ式新,Sugu II [Late]
須玖Ⅰ式,Sugu I
須玖Ⅰ式　,Sugu I
須玖Ⅰ式古,Sugu I [Early]
須玖Ⅰ式古段階,Sugu I [Early]
須玖Ⅰ式土器,Sugu I   
須玖Ⅰ式新,Sugu I [Late]
須玖Ⅰ式新～須玖Ⅱ式新,Sugu I [Late] - Sugu II [Late]
須玖Ⅰ式末,Sugu I [Final]
須玖Ⅰ新,Sugu I [Late]   
須玖式甕棺,Sugu Kamekan
馬場野Ⅱ式,Babano II
馬替式(加曽利B1式後半）,Magae (Kasori B1 [Second Half])
馬見塚式,Mamizuka
馬見塚式（古）,Mamizuka [Early]
馬見塚式（新）,Mamizuka [Late]
馬見塚式～樫王式,Mamizuka - Kashiou
馬高式,Umataka
高三潴式,Takamizuma
高三潴式併行,Takamizuma [Parallel to to]
高三瀦,Takamizuma
高井東式,Takaihigashi
高橋Ⅱ式（板付Ⅱb式併行）,Takahashi II (Parallel to Itazuke IIb） 
高蔵,Takakura
高蔵〜見晴台式,Takakura - Miharashidai
高蔵式,Takakura
鬼高式,Onitaka
鬼高式期,Onitaka
鬼高期,Onitaka
鬼高期，6世紀後半,"Onitaka, 6th century [Second Half]"
鬼高期，6世紀後半ないし7世紀初頭,"Onitaka, 6th century [Second Half] or 7th century [Initial]"
鬼高期初頭,Onitaka [Initial]
鳥屋2a式,Toya 2a
鳥屋2b式,Toya 2b
鳥屋2b式・大洞A’式,Toya 2b / Oobora A'
鳥屋２b式・大洞A’式,Toya 2b / Oobora A'
鳥屋2b式（荒海式？）,Toya 2b (Arami?)
鵜ガ島台〜茅山下層期,Ugashimadai - Lower Kayama
鵜ケ島台式～芽山下層式,Ugashimadai - Lower Kayama
鵜ヶ島台式新,Ugashimadai [Late]
鵜ケ島台式新,Ugashimadai [Late]
鵜ケ島台式新～芽山下層式,Ugashimadai [Late] - Lower Kayama
鷹島式,Takashima
鷹島式(船元Ⅰ式A類),Takashima (Funamoto IA)
黄島式,Kishima
黒土B1式,Kurotsuchi B1
黒川式,Kurokawa
黒川式古,Kurokawa [Early]
黒川式土器,Kurokawa
黒川式土器･松添式土器,Kurokawa / Matsuzoe 
黒川式新,Kurokawa [Late]
黒川式新～山の寺式,Kurokawa - Yamanotera
黒浜〜諸磯a式期,Kurohama - Moroiso a
黒浜式,Kurohama
黒浜式〜関山式,Kurohama - Sekiyama
黒浜式古段階,Kurohama [Early Stage]
黒浜式期,Kurohama
黒浜式期古段階,Kurohama [Early Stage]
黒浜式期新段階,Kurohama [Late Stage]
黒浜期初頭,Kurohama [Initial]
黒色磨研土器様式･三万田式並行期,Kokushokumaken type / Sanmanda [Parallel to]
黒色磨研土器様式の古閑式以降,Kokushokumaken type / After Koga 
