"Phase","PhaseEN"
"欠山式（中）","Kayama [Middle]"
"欠山式","Kayama"
"松川堂Ⅱ式","Matsukawado II"
"山中","Yamanaka"
"貝田町2","Kaidacho 2"
"山中Ⅱ","Yamanaka II"
"貝田町3","Kaidacho 3"
"高蔵","Takakura"
"廻間Ⅰ古","Hazama I [Early]"
"貝田町1","Kaidacho 1"
"朝日","Asahi"
"貝田町式","Kaidacho "
"岩滑式","Yanabe"
NA,NA
"朝日式新","Asahi [Late]"
"馬見塚式～樫王式","Mamizuka - Kashiou"
"取組式","Torikumi"
"不明",NA
"Ⅳ期","IV"
"船元Ⅰ式","Funamoto I"
"Ⅰ(新)/水神式並行","I [Late] / Mizukami [Parallel to] "
"貝田町式古","Kaidacho [Early]"
"朝日式～貝田町式","Asahi - Kaidacho"
"馬見塚式（新）","Mamizuka [Late]"
"五貫森式","Gokanmori"
"馬見塚式（古）","Mamizuka [Early]"
"早稲田６類","Waseda 6 "
"大木10式","Daigi 10"
"宮戸3a式","Miyato 3a"
"十腰内1式（古）","Tokoshinai 1 [Early]"
"十腰内5式以降","After Tokoshinai 5 "
"新地Ⅳ式","Shinchi IV"
"大洞B～大洞B-C式","Oobora B - Oobora B-C"
"大洞B式","Oobora B"
"大洞C1式","Oobora C1"
"青木畑式","Aokihata"
"大洞A’","Oobora A'"
"韮窪式","Nirakubo"
"大洞B-C式","Oobora B - Oobora C"
"大洞B-C2式","Oobora B - Oobora C2"
"大洞Ｃ1式","Oobora C1"
"大洞B2式?","Oobora B2?"
"大洞B1式","Oobora B1"
"大洞B2式","Oobora B2"
"大洞C2式","Oobora C2"
"大洞A式","Oobora A"
"円筒上層e式？","Upper Ento e ?"
"十腰内4～5式","Tokoshinai 4 - Tokoshinai 5"
"馬場野Ⅱ式","Babano II"
"十腰内5式","Tokoshinai 5"
"十腰内Ⅰ式","Tokoshinai I"
"砂沢式","Sunazawa"
"五所式","Gosho"
"南小泉式","Minamikoizumi  "
"北大Ⅰ式","Hokudai I"
"田舎館式","Inakadate"
"円筒下層a?式","Lower Ento a?"
"円筒下層a式","Lower Ento a"
"大洞A’～C2式","Oobora A' - Oobora C2"
"大洞A’式～砂沢式","Oobora A' - Sunazawa "
"大木9式","Daigi 9"
"大木10式併行","Daigi 10 [Parallel to]"
"大木10式併行～後期初頭","Daigi 10 [Parallel to] - Late [Initial]"
"大洞C2式～A1式","Oobora C2 - Oobora A1"
"沖附式","Okizuke"
"円筒上層d・e式","Upper Ento d / Upper Ento e"
"円筒上層b式","Upper Ento b"
"表館Ⅰ遺跡第ⅩⅡ群相当","Omotedate I Group XII equivalent"
"円筒上層c.d式","Upper Ento c, Upper Ento d"
"円筒下層d1式","Lower Ento d1"
"円筒下層d2式","Lower Ento d2"
"円筒上層a式","Upper Ento a"
"円筒下層a式～芦野2群","Lower Ento a - Ashino Group 2"
"円筒下層b式","Lower Ento b"
"円筒上層e式","Upper Ento e"
"寺ノ沢式","Teranosawa"
"早稲田6類","Waseda 6 "
"南小泉Ⅱ式","Minamikoizumi II"
"円筒上層～榎林","Upper Ento - Enokibayashi"
"円筒下層","Lower Ento"
"最花","Saibana"
"最花～大木10","Saibana - Daigi 10"
"大木10","Daigi 10"
"榎林～最花","Enokibayashi - Saibana"
"元刈谷式","Motokariya"
"大浦山","Ourayama"
"安行3a-3b","Angyo 3a - Angyo 3b"
"須和田式併行","Suwada (Parallel to)"
"曽谷式","Soya"
"前浦式","Maeura"
"姥山Ⅲ式（安行3c式）","Ubayama III (Angyo 3c)"
"鵜ケ島台式新～芽山下層式","Ugashimadai [Late] - Lower Kayama"
"鵜ケ島台式～芽山下層式","Ugashimadai - Lower Kayama"
"茅山下層式","Lower Kayama"
"鵜ヶ島台式新","Ugashimadai [Late]"
"鵜ケ島台式新","Ugashimadai [Late]"
"荒海式","Arami"
"黒浜式","Kurohama"
"曽谷式～（安行3a）","Soya - (Angyo 3a)"
"有尾式","Ario"
"上之坊式","Kaminobo"
"宮ノ台式","Miyanodai"
"加曽利B1式前半","Kasori B1 [First Half]"
"奈良","Nara"
"加曽利B2式（南東北系）","Kasori B2 (South Tohoku Type) "
"加曽利B2式後半","Kasori B2 [Second Half]"
"加曽利B2式","Kasori B2"
"勝坂3式新","Katsuzaka 3 [Late]"
"阿玉台Ⅱ式","Otamadai II"
"八辺4式","Yappe 4"
"古和田台","Kowadadai"
"大木5式?","Daigi 5?"
"黒土B1式","Kurotsuchi B1"
"中山Ⅰ式併行","Nakayama I [Parallel to]"
"中山Ⅰ～Ⅱ式併行","Nakayama I - Nakayama II [Parallel to]"
"岡大・沢田式","Okadai / Sawada "
"愛媛Ⅱ－１","Ehime II-1 "
"愛媛Ⅱ－１～Ⅱ－２","Ehime II-1 - Ehime II-2"
"彦崎K2式直前","Immediately before Hikozaki K2"
"縁帯文","Entaimon"
"隆線文","Ryuusenmon"
"押型文","Oshigatamon"
"須玖Ⅰ式","Sugu I"
"原山式（板付Ⅰ式新併行）","Harayama (Parallel to Itatsuke I [Late])"
"板付Ⅱa～Ⅱｂ式","Itatsuke IIa - Itatsuke IIb"
"板付Ⅱa式新","Itatsuke IIa [Late]"
"貫川Ⅱb式","Nukigawa IIb"
"突帯文","Tottaimon"
"貫川Ⅱa式","Nukigawa IIa"
"黒川式","Kurokawa"
"夜臼Ⅰ式","Yuusu I"
"夜臼Ⅰ式新","Yuusu I [Late]"
"板付Ⅱc～城の越式","Itatsuke IIc - Shironokoshi"
"城の越式または須玖Ⅰ式古","Jonokoshi - Sugu I [Early]"
"夜臼Ⅱb式","Yuusu IIb"
"板付Ⅱb～Ⅱc式","Itatsuke IIb - Itatsuke IIc"
"板付Ⅱb式","Itatsuke IIb"
"下大隈式","Shimookuma"
"松添式","Matsuzoe"
"沢田式","Sawada"
"遠賀川系","Ongagawa Type "
"沢田式新","Sawada [Late]"
"前池式併行","Maeike [Parallel to]"
"夜臼Ⅱa式","Yuusu IIa"
"板付Ⅰb～Ⅱa式","Itatsuke Ib - Itatsuke IIa"
"突帯文（前池式併行）","Tottaimon (Parallel to Maeike)"
"黒川式新","Kurokawa [Late]"
"布留Ⅰ式","Furu I"
"布留0式（外来または在地）","Furu 0 (Foreign or Local) "
"庄内式","Shonai"
"布留式","Furu"
"下大隈式新","Shimookuma [Late]"
"山の寺式新","Yamanotera [Late]"
"山の寺式","Yamanotera"
"板付Ⅰ式","Itatsuke I "
"夜臼Ⅱｂ式","Yuusu IIb"
"亀ノ甲Ⅰ式","Kamenoko II"
"原山式","Harayama"
"黒川式古","Kurokawa [Early]"
"亀ノ甲式古","Kamenoko [Early]"
"板付Ⅱ式併行","Itatsuke II [Parallel to]"
"板付Ⅱa～Ⅱb式併行","Itatsuke IIa - Itatsuke IIb [Parallel to]"
"板付Ⅱa式併行","Itatsuke IIa [Parallel to]"
"上菅生B～下黒野式","Kamisugou B - Shimogurono"
"板付Ⅱa式","Itatsuke IIa"
"上菅生B式直前","Immediately before Kamisugou"
"西平～三万田式","Nishidaira - Sanmanda"
"須玖Ⅱ式古","Sugu II [Early]"
"亀ノ甲Ⅱ式","Kamenoko II"
"条痕紋","Joukonmon"
"須玖Ⅰ式新","Sugu I [Late]"
"須玖Ⅰ式古","Sugu I [Early]"
"板付Ⅱｂ式","Itatsuke IIb"
"須玖Ⅱ式","Sugu II"
"板付Ⅱc式，城ノ越式","Itatsuke IIc - Shironokoshi"
"板付Ⅱc式","Itatsuke IIc"
"下大隈式古","Shimookuma [Early]"
"須玖Ⅱ式中","Sugu II [Middle]"
"須玖Ⅱ式古～中","Sugu II [Early - Middle]"
"高三潴式","Takamizuma"
"須玖Ⅱ式新","Sugu II [Late]"
"布留系","Furu Type"
"原山式（山の寺式新）","Harayama (Yamanotera [Late])"
"板付Ⅰb式","Itatsuke Ib"
"城ノ越～須玖Ⅰ式","Jonokoshi - Sugu I"
"天城式","Amangusuku"
"西平式","Nishidaira "
"Ⅲ-2期(中山Ⅲ式）","III-2 (Nakayama III)"
"Ⅲ-2期","III-2"
"Ⅲ-1期","III-1"
"Ⅱ期（中山Ⅲ式）","II (Nakayama III)"
"Ⅰ期（中山Ⅱ式)","I (Nakayama II)"
"Ⅰ期（中山Ⅱ式）","I (Nakayama II)"
"Ⅲ期円筒埴輪","III Eto Haniwa "
"Ⅳ様式","IV Style"
"Ⅴ-2様式","V-2 Style"
"北白川下層Ⅱc式","Lower Kitashirakawa IIc"
"羽島下層Ⅱ式","Lower Toba II"
"北白川下層Ⅱc式(新)","Lower Kitashirakawa IIc [Late]"
"北白川下層Ⅱc式(新?)","Lower Kitashirakawa IIc [Late?]"
"北白川下層Ⅱ式","Lower Kitashirakawa II"
"夜臼Ⅱａ式","Yuusu IIa"
"板付Ⅱａ式か？","Itatsuke IIa?"
"無文","Mumon"
"松木田式","Matsukida"
"板付Ⅱ式？","Itatsuke IIc?"
"上山田系","Kamiyamada Type 　"
"船元Ⅳ式(里木Ⅱ式)","Funamoto IV (Satogi II) "
"鷹島式(船元Ⅰ式A類)","Takashima (Funamoto IA)"
"不明船元新式)","NA (Funamoto Late) "
"不明(船元Ⅲ式)","NA (Funamoto III) "
"新崎Ⅰ式","Ninzaki I"
"船元Ⅲ式(船元Ⅲ式E類)","Funamoto III (Funamoto IIIE)"
"不明(船元Ⅳ～里木Ⅰ式)","NA (Funamoto IV - Satogi I)"
"里木Ⅱ式","Satogi II"
"加曽利E3式","Kasori E3 "
"咲畑式","Sakihata"
"大川式","Ookawa"
"花ノ湖Ⅱ式","Hananoko II"
"山ノ神式","Yamanokami"
"諸磯b3式","Moroiso b3"
"安行3式","Angyo 3"
"阿玉台Ⅰb式,5C","Otamadai Ib, 5C"
"堂林式","Dorin"
"北筒Ⅴ式","Hokutou V"
"ホッケ澗式","Hokkema"
"大安在B式","Ooanzai B"
"ホッケ澗〜堂林式","Hokkema - Dobayashi"
"上ノ国式（大洞B-C式併行）","Kaminokuni (Parallel to Oobora B - Oobra C)"
"大洞C2式併行","Oobora C2 [Parallel to] "
"大洞A’式併行在地系","Oobora A'  [Parallel to Local Type]"
"北筒Ⅲ～Ⅴ式","Hokutou III - Hokutou V"
"浦幌式","Urahoro"
"後北C2-D式(新)","Kouhoku C2-D [Late]"
"北大Ⅱ式","Hokudai II"
"大木10c式","Daigi 10c"
"大木7b～大木8a式","Daigi 7b - Daigi 8a"
"大木8a式","Daigi 8a"
"大木8a式(会津系）","Daigi 8a (Aizu Type)"
"条痕文","Joukonmon"
"大洞A'式","Oobora A'"
"口酒井式","Kuchisakai"
"Ⅲ新期～Ⅳ期","III [Late] - IV"
"Ⅰ期古","I [Early]"
"Ⅰ期中","I [Middle]"
"Ⅰ期前半か","I [First Half]?"
"Ⅰ期前半","I [First Half]"
"Ⅰ期中～新","I [Middle - Late]"
"Ⅰ(新）","I [Late]"
"4世紀","4th century"
"突帯文又は弥生前期末","Totaimon or Early Yayoi [Final]"
"第Ⅲ様式(古）","III Style"
"畿内第Ⅱ様式併行","Kinai II Style [Parallel to]"
"第Ⅱ様式","II Style"
"第Ⅰ様式（新）～第Ⅱ様式（初）","I Style [Late] - II Style [Initial]"
"畿内第Ⅰ様式(新)～第Ⅱ様式","Kinai I Style [Late] - Kinai II"
"15世紀","15th century"
"16世紀","16th century"
"加曽利B2式?","Kasori B2?"
"阿玉台Ⅳ式","Otamadai IV"
"大木4式","Daigi 4"
"十腰内5式直後","Immediately after Tokoshinai 5"
"大洞A1式","Oobora A1"
"大洞C2式古","Oobora C2 [Early]"
"Ⅱ期","II"
"大洞B2式,御経塚1式","Oobora B2, Okyouzuka 1"
"大洞C1-1式,中屋式","Oobora C1-1, Nakaya"
"大洞B2式,御経塚式","Oobora B2, Okyouzuka"
"大洞B2～BC1式,御経塚式","Oobora B2 - Oobora BC1, Okyouzuka "
"大洞B-C2～C1式前半,中屋式","Oobora B - Oobora C2 - Oobora C1 [First Half], Nakaya"
"大洞C1-1式","Oobora C1-1"
"御経塚B1式","Okyouzuka B1"
"大洞B1式,御経塚式","Oobora B1, Okyouzuka"
"大洞B-C1式","Oobora B - Oobora C1"
"大洞C2-1式,下野式","Oobora C2-1, Simono"
"大洞B-C1式,御経塚3式","Oobora B - Oobora C1, Okyouzuka 3"
"大洞B1,御経塚1or2式","Oobora B1, Okyouzuka 1 or Okyouzuka 2"
"大洞B1,御経塚1or2","Oobora B1, Okyouzuka 1 or Okyouzuka 2"
"大洞C1-2式,中屋式","Oobora C1-2, Nakaya"
"大洞B-C2式,御経塚式","Oobora B - Oobora C2, Okyouzuka"
"八日市新保2式","Youkaichishimbo 2"
"八日市新保式","Youkaichishimbo"
"御経塚,B1式","Okyouzuka B1"
"月影Ⅱ式","Tsukikage II"
"佐波式","Sanami"
"木島式","Kijima"
"(磯部式～）戸水式","(Isobe - ) Tomizu"
"(磯部式～)戸水式","(Isobe - ) Tomizu "
"長竹式","Nagatake"
"馬替式(加曽利B1式後半）","Magae (Kasori B1 [Second Half])"
"加曽利B1式後半（馬替式）","Kasori B1 [Second Half] (Magae)"
"長竹式（下野式後半）","Nagatake (Shitano [Second Half]) "
"長竹式（大洞A1式？）","Nagatake (Oobora A1?)"
"大洞C1-2式～中屋式","Oobora C1-2 - Nakaya"
"酒見式（新）","Sakemi [Late]"
"中屋式（大洞C1-2式）","Nakaya (Oobora C1-2)"
"中屋式（大洞C2-1)式","Nakaya (Oobora C2-1)"
"下野式（大洞C2-2)式","Shitano (Oobora C2-2)"
"下野式（大洞C2-1)式","Shitano (Oobora C2-1)"
"中屋式（大洞C1-1)式","Nakaya (Oobora C1-1)"
"中屋式（大洞B-C2?)式","Nakaya (Oobora B - OObora C?)"
"福浦上層式","Upper Fukuura "
"蜆ヶ森式","Shijimigamori"
"新保式","Shimbo"
"朝日下層式","Lower Asahi"
"北白川Ⅲ式","Kitashirakawa III"
"北白川Ⅱ式","Kitashirakawa II "
"加曽利B1式","Kasori B1"
"Ⅰ-Ⅱ期遠賀川","I-II Ongagawa "
"Ⅰ期","I"
"柴山出村Ⅰ式（氷Ⅰ式)Ⅰ期","Shibayamademura I（Kori I) I"
"Ⅲ期","III"
"Ⅰ期（～Ⅱ期）","I (-II)"
"円筒上層c式","Upper Ento c"
"前期前葉","Early [Early]"
"大木7b～8a式","Daigi 7b - Daigi 8a"
"大木7a式","Daigi 7a"
"大木7b式","Daigi 7b"
"円筒上層a式新","Upper Ento a [Late]"
"大木7a式新","Daigi 7a [Late]"
"大木8a式?","Daigi 8a?"
"円筒上層d式","Upper Ento d"
"大木10式新","Daigi 10 [Late]"
"大木10新","Daigi 10 [Late]"
"円筒上層e～大木8b式","Upper Ento e - Daigi 8b"
"大洞A式～A’式","Oobora A - Oobora A'"
"大洞A式～砂沢式","Oobora A - Sunazawa "
"山王Ⅲ層式","Sannou III Layer"
"青木畑式～山王Ⅲ層式","Aokihata - Sannou III Layer"
"大洞A'(砂沢式併行）","Oobora A' (Parallel to Sunazawa) "
"大洞A'式（砂沢併行）","Oobora A' (Parallel to Sunazawa) "
"大洞A'式古","Oobora A' [Early]"
"大洞A’式古","Oobora A' [Early]"
"大洞C2～A式","Oobora C2-A"
"大洞C1～2式","Oobora C1 - Oobora 2"
"青木畑式?","Aokihata?"
"大洞A’式～青木畑式","Oobora A' - Aokihata "
"大洞A’式？","Oobora A' ?"
"無紋","Mumon"
"大木式","Daigi"
"板付Ⅰb〜Ⅱa式","Itatsuke Ib - Itatsuke IIa"
"夜臼Ⅱb式併行","Yuusu IIb [Parallel to]"
"板付Ⅰ併行（擬孔列文）","Itatsuke I [Parallel to] (Gikouretsumon)"
"板付Ⅰ併行","Itatsuke I [Parallel to]"
"中津野式","Nakatsuno"
"中津野式・上熊野式","Nakatsuno / Kamikumano"
"入来Ⅱ式","Iriki II"
"堀之内2式","Horinouchi 2"
"曽畑式","Sobata"
"轟B式","Todoroki B"
"岩本式","Iwamoto"
"隆帯文","Ryutaimon"
"深浦式","Fukaura "
"入佐式","Irisa"
"阿高式","Adaka"
"夜臼Ⅱa式？","Yuusu IIa?"
"山ノ口Ⅱ式","Yamanokuchi II"
"成川式？","Narikawa?"
"板付Ⅰ式併行","Itatsuke I [Parallel to]"
"丸尾式（北久根～西平式併行）","Maruo (Parallel to Kitakune - Nishihira) "
"市来式（鐘崎式併行）","Ichiku (Parallel to Kanezaki) "
"指宿式","Ibusuki"
"南福寺式","Nanpukuji"
"辛川式","Karakawa"
"市来式","Ichiku"
"加栗山式","Kakuriyama"
"志風頭式","Shikazegashira"
"石坂Ⅰ式","Ishizaka I"
"石坂Ⅰ・Ⅱ式","Ishizaka I / Ishizaka II"
"加栗山ファジー","Kakuriyama Fuzzy"
"桑ノ丸式","Kuwanomaru"
"粗製深鉢","Fukabachi (Coarse-ware)"
"半精製深鉢","Semi-fine ware fukabachi "
"突帯文併行","Tottaimon [Parallel to] "
"山形押型文","Yamagata Oshigatamon"
"倉岡Ⅱ式","Kuraoka II"
"倉岡Ⅰ式","Kuraoka I"
"突帯文系","Tottaimon Type "
"政所式","Mandokoro"
"轟２式","Todoroki 2"
"津島岡大式","Tsushima Okadai"
"沢田式？","Sawada?"
"沢田式（古）","Sawada [Early]"
"Ⅰ期（a～b)","I (a-b)"
"吉田式","Yoshida"
"谷尻式","Tanijiri"
"清水天王山1式","Shimizutennoyama 1 "
"堀之内1式","Horinouchi 1"
"堀之内1式～2式(新）","Horinouchi 1 - Horinouchi 2 [Late]"
"堀之内1式（新）","Horinouchi 1 [Late]"
"久ケ原式","Kugahara"
"久ヶ原式","Kugahara"
"井戸尻式(新）","Idojiri [Late]"
"加曽利E1式","Kasori E1"
"曽利Ⅱ式","Sori II"
"清水ノ上Ⅱ～上ノ坊式","Shimizunoue II - Uenobou"
"関山Ⅰ式","Sekiyama I"
"釈迦堂ZⅢ期","Shakadou ZIII"
"関山Ⅱ式","Sekiyama II"
"清水ノ上Ⅱ式","Shimizunoue II "
"亀ノ甲式古（板付Ⅱa併行）","Kamenoko [Early] (Parallel to Itatsuke IIa)"
"夜臼Ⅱ式","Yuusu II"
"円形粘土帯土器","Enkeinendotai"
"滋賀里Ⅳ式","Shigasato IV - Nagahara"
"滋賀里Ⅲb～滋賀里Ⅳ式","Shigasato IIIb - Shigasato IV"
"滋賀里式（船橋式）","Shigasato (Funabashi)"
"滋賀里Ⅲb式","Shigasato IIIb "
"滋賀里式/船橋式","Shigasato / Funabashi "
"4世紀後半","4th century [Second Half]"
"神並上層式？","Upper Kounami?"
"天王山式","Tennozan"
"Ⅲ期新","III [Late]"
"Ⅲ期古","III [Early]"
"堀之内式","Horinouchi"
"安行式","Angyo"
"加曽利B式～曽谷式","Kasori B - Soya"
"曽谷式～安行1式","Soya - Angyo 1"
"安行3a式?","Angyo 3a?"
"擬朝鮮系無文土器","Gichousenkeimumon"
"吹上I古～中","Fukiage I [Early - Middle]"
"吹上I古","Fukiage I [Early]"
"後期IV-2","Late IV-2"
"吹上I中","Fukiage I [Middle]"
"緒立1式","Odate 1"
"緒立1期","Odate 1"
"鳥屋2a式","Toya 2a"
"鳥屋2b式・大洞A’式","Toya 2b / Oobora A'"
"鳥屋２b式・大洞A’式","Toya 2b / Oobora A'"
"Ⅱ期後半～Ⅲ期初","II [Second Half] - III [Initial]"
"今和泉式","Imaizumi"
"絡条体圧痕文","Rakujyoutaiakkonmon"
"無文C群","Mumon Group C"
"箱清水","Hakoshimizu"
"沖2式併行","Oki 2 [Parallel to]"
"勝坂3a式/焼町土器","Katsuzaka 3a / Yakimachi"
"焼町土器","Yakimachi"
"女鳥羽川式","Metobagawa "
"氷Ⅰ式（新）/大洞A2～A'式併行","Kori I [Late] / Oobora A2 - Oobora A' [Parallel to]"
"狢沢式","Mujinasawa"
"勝坂3式","Katsuzaka 3"
"勝坂3式/焼町系","Katsuzaka 3 / Yakemachi Type"
"井戸尻式～勝坂3式","Idojiri - Katsuzaka 3"
"勝坂2b式","Katsuzaka 2b"
"栗林1式古","Kuribayashi 1 [Early]"
"栗林2式新","Kuribayashi 2 [Late]"
"篠原式","Shinohara"
"布留0式","Furu 0"
"神宮寺式","Jinguji"
"布留0～布留1","Furu 0- Furu 1"
"布留0古","Furu 0 [Early]"
"布留0新","Furu 0 [Late]"
"庄内3","Shonai 3"
"庄内0","Shonai 0"
"庄内1","Shonai 1"
"布留0","Furu 0"
"布留0?","Furu 0?"
"庄内3?","Shonai 3?"
"庄内Ⅰ～布留0古","Shonai 1 - Furu 0 [Early]"
"布留0新～布留1","Furu 0 [Late] - Furu 1"
"布留0新～布留1古","Furu 0 [Late] - Furu 1 [Early]"
"大和Ⅰ-1-a期","Yamato I-1a"
"大和Ⅰ-2-a期","Yamato I-2a"
"大和Ⅱ-1-b期","Yamato II-1b"
"大和Ⅱ-2期","Yamato II-2"
"大和Ⅲ-1期","Yamato III-1"
"大和Ⅲ-2期","Yamato III-2"
"大和Ⅲ-3期","Yamato III-3-2"
"大和Ⅲ-4期","Yamato III-4"
"大和Ⅳ-1期","Yamato IV-1"
"大和Ⅳ-2期","Yamato IV-2 "
"大和Ⅴ-1期","Yamato V-1"
"前期","Early "
"大和Ⅰ-2a期","Yamato I-2a"
"大和1-2a期","Yamato 1 - Yamato 2a"
"大和Ⅰ-1期","Yamato I-1  "
"大和Ⅰ-2-b期","Yamato I-2b"
"大和Ⅳ-2,Ⅳ-1期","Yamato IV-2, Yamato IV-1"
"大和Ⅲ-3-2期","Yamato III-3-2"
"南三十稲葉式","Minamisanjuinaba"
"新崎系","Ninzaki Type"
"大木8b式（新）","Daigi 8b [Late]"
"五領ヶ台1式","Goryogadai 1"
"沈線文","Chinsenmon"
"撚糸文","Yoriitomon"
"無文土器","Mumon"
"室谷上層式","Upper Muroya"
"加曽利E4式","Kasori E4"
"西新式併行","Nishijin [Parallel to]"
"須玖Ⅱ式併行","Sugu II [Parallel to]"
"須玖Ⅱ式～高三潴式併行","Sugu II - Takamizuma (Parallel to)"
"城ノ越式併行","Jonokoshi [Parallel to]"
"下城式（須玖Ⅱ式）","Shimonjo (Sugu II)"
"須玖Ⅱ～高三潴式","Sugu II - Takamizuma"
"下大隈式併行","Shimookuma [Parallel to]"
"下大隈式新併行","Shimookuma [Late] [Parallel to]"
"城ノ越式","Jonokoshi"
"高三潴式併行","Takamizuma [Parallel to to]"
"須玖Ⅰ～Ⅱ式","Sugu I - Sugu II"
"下城式（須玖Ⅰ併行）","Shimonjo (Parallel to Sugu I) "
"板付Ⅱc～城ノ越式","Itatsuke IIc - Shironokoshi"
"下大隈～西新式","Shimookuma - Nishijin"
"下黒野式","Shimokurono"
"浦久保式","Urakubo"
"須玖Ⅰ式新～須玖Ⅱ式新","Sugu I [Late] - Sugu II [Late]"
"変形工字文　（下大隈式新）","Henkeikoujimon (Shimookuma [Late])"
"須玖Ⅱ式中～後","Sugu II [Middle - Late]"
"須久Ⅰ式","Sugu I "
"板付Ⅰ（新）～Ⅱb式","Itatsuke I [Late] - Itatsuke IIb"
"須久Ⅰ式またはⅡ式","Sugu I or Sugu II"
"下志村２式","Shimoshimura 2"
"山の寺新？上菅生式新","Yamanotera [Late]? Kamisugou [Late]"
"上菅生Ｂ式古","Kamisugou B [Early]"
"布留Ⅰ式新〜Ⅱ式古","Furu I [Late] - Furu II [Early]"
"布留Ⅱ式併行","Furu II [Parallel to]"
"布留Ⅰ式～Ⅱ式","Furu I - Furu II"
"二日市Ⅱa式","Futsukaichi IIa"
"下城式","Shimonjo"
"布留Ⅰ式〜Ⅱ式","Furu I - Furu II"
"布留0式新","Furu 0 [Late]"
"二日市７文化層？","Futsukaichi Cultural Layer? "
"彦崎K2式","Hikozaki K2"
"彦崎Z1式","Hikozaki Z1"
"船元式","Funamoto"
"晩期前葉～中葉","Final [Early] - Middle"
"羽島下層式","Lower Toba"
"磯の森式","Isonomori "
"福田KⅢ式","Fukdua KIII"
"彦崎K1式","Hikozaki K1"
"鷹島式","Takashima"
"彦崎Z2式","Hikozaki Z2"
"第3様式","3rd Style"
"第3様式中","3rd Style [Middle]"
"V-4期","V-4"
"V-4期(庄内式）","V-4 (Shonai)"
"第5様式2期","5th Style 2nd "
"庄内式並行（古墳1)","Shonai [Parallel to] (Kofun 1)"
"亀川上層式","Upper Kemenoko"
"14世紀末～15世紀前半","14th century [Final] - 15th century [First Half]"
"13世紀後半","13th century [Second Half]"
"14世紀前半","14th century [First Half]"
"15～16世紀","15th century - 16th century"
"黄島式","Kishima"
"舟津原式（新）","Funatsubara [Late]"
"前池式","Maeike"
"大当原式","Ufutobaru"
"大畑G式","Oohata G"
"常世Ⅱ式","Tokoyo II"
"元住吉山Ⅰ式","Motosumiyoshiyama I"
"長原式（新）","Nagahara [Late]"
"河内Ⅰ-1期","Kawachi I-1"
"河内Ⅰ-3期","Kawachi I-3"
"河内Ⅰ-3期～Ⅰ-4期","Kawachi I-3 - Kawachi I-4   "
"河内Ⅰ-4期","Kawachi I-4 "
"河内Ⅱ-1期","Kawachi II-1"
"河内Ⅱ-2期","Kawachi II-2"
"河内Ⅱ-3期","Kawachi II-3"
"河内Ⅱ-2～3期","Kawachi II-2 -Kawachi II-3"
"河内Ⅲ-1期","Kawachi III-1"
"河内Ⅲ～Ⅳ-1・2期","Kawachi III - Kawachi IV-1/2"
"河内Ⅴ-0期","Kawachi V-0"
"河内Ⅴ-3期","Kawachi V-3"
"長原式","Nagahara"
"河内Ⅰ-2～3期","Kawachi I-2 - Kawachi I-3"
"河内Ⅰ-3～4期","Kawachi I-3 - Kawachi I-4"
"河内Ⅰ-4～Ⅱ-1期","Kawachi I-4 - Kawachi II-1"
"河内Ⅴ-2～3期","Kawachi V-2 - Kawachi V-3"
"長原","Nagahara"
"浮線文系","Fusenmon Type"
"河内Ⅰ-1最古","Kawachi I-1 [Earliest]"
"河内Ⅰ期(中）","Kawachi I [Middle]"
"河内Ⅰ期(古)","Kawachi I [Early]"
"河内Ⅰ-1～2期","Kawachi I-1 - Kawachi I-2"
"河内Ⅰ期(古）","Kawachi I [Early]"
"河内Ⅰ-2期","Kawachi I-2   "
"摂津Ⅰ-1期","Settsu I-1"
"Ⅴ期","V "
"6世紀","6th century"
"南十三稲場式","Minamisanjuinaba"
"寿能式","Jyunou"
"五領式","Goryo"
"勝坂3a式","Katsuzaka 3a"
"勝坂3b式","Katsuzaka 3b "
"入海～上ノ山式","Irimi - Uenoyama"
"船元Ⅰ、Ⅱ式","Funamoto I, Funamoto II"
"2008/5/14採取",NA
"1971年8月採取　上田",NA
"1966年9月3日採取　上田",NA
"1966年8月31日採取",NA
"1966年8月31日採取　上田",NA
"1990年採取",NA
"2008/5/15採取",NA
"2008/4/30採取冷凍",NA
"北白川C式","Kitashirakawa C"
"縁帯文成立期","Entaimon"
"福田K2式","Fukuda K2"
"滋賀里Ⅲa式","Shigawato III-a"
"船元Ⅲ式","Funamoto III"
"塩屋式","Shiotani"
"加工土器片","Processed potsherd"
"北裏C式","Kitaura C"
"北白川下層Ⅱa式","Lower Kitashirakawa IIa"
"船元Ⅳ式","Funamoto IV"
"北白川下層Ⅱb式","Lower Kitashirakawa IIb"
"天神山式","Tenjinyama"
"北白川下層Ⅲ式","Lower Kitashirakawa III"
"天神山式併行","Tenjinyama [Parallel to]"
"神ノ木台式併行","Kaminokidai [Parallel to]"
"北白川下層Ⅰb式","Lower Kitashirakawa Ib"
"滋賀里Ⅱ式","Shigasato II"
"近江Ⅳ様式(古）","Oumi IV Style [Early]"
"近江Ⅳ様式（古）","Oumi IV Style [Early]"
"近江Ⅳ様式","Oumi IV Style"
"近江Ⅳ様式前半","Oumi IV Style [First Half]"
"近江Ⅳ様式末","Oumi IV Style [Final]"
"滋賀里Ⅲ式","Shigasato III"
"船橋式","Funabashi   "
"4世紀前半","4th century [First Half]"
"船元式？","Funamoto?"
"北白川下層式","Lower Kitashirakawa "
"中津式","Nakatsu"
"Ⅰ-2期","I-2"
"Ⅰ-1","I-1"
"Ⅰ-2","I-2"
"Ⅰ-2(～3)期","I-2 (- I-3)"
"Ⅰ-1?","I-1?"
"Ⅰ-2?","I-2?"
"西川津式","Nishikawatsu"
"V-1～九重式","V-1 - Kujyu "
"九重式","Kue "
"的場式","Matoba"
"Ⅰ-1期","I-1"
"8世紀後半～9世紀前半","8th century [Second Half] - 9th century [First Half]"
"月崎下層式","Lower Tsukizaki"
"Ⅳ-1期","IV-1"
"Ⅰ-4期","I-4"
"6世紀末-7世紀","6th century [Final] - 7th century"
"布留1","Furu1"
"V末～庄内","V [Final] - Shonai"
"V後葉","V [Late]"
"清水天王山式（古）","Shimizutennoyama [Early]"
"加曽利B2後半～B3式","Kasori B2 [Second Half] - Kasori B3"
"瓜郷下層式並行","Lower Urigo [Parallel to] "
"木島","Kijima"
"爪形文","Tsumegatamon"
"Ⅰ中","IV [Middle]"
"曽利Ⅰ式","Sori I"
"曽利式","Sori"
"篠原式中段階","Shinohara [Middle Stage]"
"中津Ⅰ式古段階","Nakatsu I [Early Stage] "
"加曽利E3～4式","Kasori E3 - Kasori E4"
"五領ヶ台Ⅱa式","Goryogadai IIa"
"安行3a式(大洞B式)","Angyo 3a (Oobora B)"
"打越式新～神ノ木台式古","Otsukoshi [Late] - Kaminokidai [Early]"
"称名寺2式","Shomyoji 2"
"称名寺式","Shomyoji"
"堀之内1式?","Horinouchi 1?"
"加曽利B2～B3式","Kasori B2 - Kasori B3"
"加曽利B3式","Kasori B3"
"高井東式","Takaihigashi"
"安行1式","Angyo 1"
"加曽利B3式～曽谷式","Kasori B3 - Soya"
"安行3a式","Angyo 3a"
"安行3c式","Angyo 3c"
"安行3b式","Angyo 3b"
"安行3a～3b式","Angyo 3a - Angyo 3b"
"安行3a-3b式","Angyo 3a - Angyo 3b"
"安行3d式","Angyo 3d"
"堀之内1式（新)","Horinouchi 1 [Late]"
"加曽利B3式（高井東式）","Kasori B3 (Takaihigashi)"
"阿玉台Ⅱ式？","Otamadai II?"
"夜臼Ⅱa式板付祖型甕","Yuusu IIa Itatsukesokeigame"
"砂沢式併行","Sunazawa [Parallel to]"
"大洞B1式(古）","Oobora B1 [Early]"
"大木3式","Daigi 3"
"大木5式","Daigi 5"
"加曽利B式併行～宝ケ峰2式","Kasori B [Parallel to] - Takaragamine 2"
"加曽利B式併行","Kasori B [Parallel to]"
"大木5a式","Daigi 5a"
"大木6式(新）","Daigi 6 [Late]"
"大洞A2式","Oobora A2"
"新保2式","Shimbo 2"
"地蔵池式（須和田式併行）","Jizouike (Parallel to Suwada) "
"諸磯b1式","Moroiso b1"
"曽利Ⅰb式","Sori Ib"
"新道式","Aramichi"
"藤内式","Tounai"
"藤内Ⅱ式","Tounai II"
"曽利Ⅱ～Ⅲ式","Sori II - Sori III"
"加曽利B1式(十腰内2式)","Kasori B1 (Tokoshinai 2)"
"加曽利B1式(十腰内2式・宮戸1b式)","Kasori B1 (Tokoshinai 2 / Miyado 1b) "
"宮戸1b式","Miyato 1b"
"十腰内2式(加曽利B1式併行)","Tokoshinai 2 (Parallel to Kasori B1)"
"十腰内1式","Tokoshinai 1"
"元刈谷式（新）","Motokariya [Late]"
"赤御堂式新～早稲田5類","Akamido [Late] - Waseda 5"
"大洞A-A'式?","Oobora A - Oobora A'?"
"大洞A-A'式","Oobora A - Oobora A'"
"大洞Ｃ2式","Oobora C2"
"十腰内3式","Tokoshinai 3  "
"北大Ⅰ式（オホーツク）","Holudai I (Okhotsk)"
"白浜式","Shirahama"
"最花式","Saibana"
"大木10式（新）","Daigi 10 [Late]"
"大木10式(中）","Daigi 10 [Middle]"
"榎林式","Enokibayashi"
"円筒下層b～円筒下層d式","Lower Ento b - Lower Ento d "
"円筒下層d2～円筒下層d式","Lower Ento d2 - Lower Ento d "
"円筒上層a式より以前（芦野2群）","Before Upper Ento a (Ashino Group 2) "
"円筒上層d～e式？","Upper Ento d - Upper Ento e ?"
"榎林式・大木8b式","Enokibayashi / Daigi 8b"
"大木8b式","Daigi 8b"
"大木10a式","Daigi 10a"
"阿玉台Ⅲ式?","Otamadai III?"
"加曽利B1式後半","Kasori B1 [Second Half]"
"加曽利B1式後半～B2式前半","Kasori B1 [Second Half] - Kasori B2 [First Half]"
"加曽利B2式前半","Kasori B2 [First Half]"
"加曽利B2式後半～B3","Kasori B2 [Second Half] - Kasori B3 "
"加曽利B2式後半～加曽利B3式","Kasori B2 [Second Half] - Kasori B3"
"加曽利B2式～B3式","Kasori B2 - Kasori B3"
"高橋Ⅱ式（板付Ⅱb式併行）","Takahashi II (Parallel to Itazuke IIb） "
"入来式","Iriki"
"板付Ⅰc式","Itatsuke Ic"
"須玖式甕棺","Sugu Kamekan"
"黒川式新～山の寺式","Kurokawa - Yamanotera"
"三万田式","Sanmanda"
"古府式","Kobu  "
"大杉谷1-2式","Osugitani 1 - Osugitani 2"
"爪型文","Tsumegatamon"
"多縄文","Tajomon"
"羽島下層Ⅱ式/北白川下層Ⅰa式","Lower Toba II / Lower Kitashirakawa Ia "
"阿玉台Ⅲ式","Otamadai III"
"神明式","Shinmei"
"称名寺1式","Shomyoji 1"
"天神原式","Tenjinhara"
"大木9c式","Daigi 9c"
"諸磯b式","Moroiso b"
"十腰内式","Tokoshinai "
"大木7b式（古）","Daigi 7b [Late]"
"綱取式","Amitori"
"大木6式","Daigi 6"
"五領ヶ台Ⅱ式","Goryogadai II"
"御径塚3式","Okyouzuka 3"
"御径塚2式","Okyouzuka 2"
"大洞B-C式,御径塚4式(中屋式）","Oobora B - Oobora C, Okyozuka 4 Nakaya"
"中屋3式(南522b)","Nakaya 3 (Minamo 522b)"
"朝日下層式（古）","Lower Asahi [Early]"
"朝日下層式（新）","Lower Asahi [Late]"
"大歳山式","Okurayama"
"新保1式","Shimbo 1"
"真脇式","Mawaki"
"大木8a式(新）","Daigi 8a [Late]"
"円筒上層b～c・大木7b式","Upper Endo b - Upper Ento c / Daigi 7b"
"堀之内2式（中）？","Horinouchi 2 [Middle]?"
"加曽利B1式(中）","Kasori B1 [Middle]"
"加曽利B1式（古）","Kasori B1 [Early]"
"稲荷台式","Inaridai"
"十三菩提2式","Jusanbodai 2"
"踊場式（新）","Odoriba [Late]"
"十三菩提c4式","Jusanbodai c4"
"加曽利E2式","Kasori E2"
"北久根山式","Kitakuneyama"
"中里式","Nakazato"
"中期Ⅲ期","Middle III"
"堀之内1式(古）","Horinouchi 1 [Early]"
"勝坂2式","Katsuzaka 2"
"阿玉台Ⅰb式（新）","Otamadai Ib [Late]"
"阿玉台Ⅱ式（新）","Otamadai II [Late]"
"十三菩提式","Jusanbodai"
"鳥屋2b式（荒海式？）","Toya 2b (Arami?)"
"鳥屋2b式","Toya 2b"
"氷Ⅰ式(古)併行","Kori I [Early] [Parallel to]"
"南三十稲葉式（新）","Minamisanjuinaba [Late]"
"南三十稲葉式（古）","Minamisanjuinaba [Early]"
"南三十稲場式","Minamisanjuinaba"
"五領ヶ台2式","Goryogadai 2"
"藤内Ⅰ式","Tounai I "
"新巻類系","Aramaki Type"
"勝坂？","Katsuzaka?"
"曽利Ⅲ～Ⅳ式","Sori III - Sori IV"
"勝坂2b～曽利Ⅱ式？","Katsuzaka 2b - Sori II?"
"曽利Ⅳ～Ⅴ期","Sori IV - Sori V"
"勝坂１式","Katsuzaka 1"
"曽利Ⅲb式(唐草文系)","Sori IIIｂ (Karakusamon Type)"
"曽利Ⅱb式(唐草文系)","Sori IIb (Karakusamon Type)"
"曽利Ⅳa式","Sori IVa"
"五領ヶ台Ⅱb式？","Goryogadai IIb?"
"大和Ⅵ-3期","Yamato VI-3"
"大和Ⅴ-2～Ⅵ-1期","Yamato V-2, Yamato VI-1"
"大木7b～8a式併行","Daigi 7b - Daigi 8a [Parallel to]"
"新崎式","Ninzaki I"
"大木8a式（古）","Daigi 8a [Early]"
"沖之原式","Okinohara"
"布目式","Nunome"
"不明(大洞C2式？)","NA (Oobora C2?)"
"中ノ沢式","Nakanosawa "
"諸磯a式","Moroiso a"
"十三菩堤","Jusanbodai"
"加曽利E式","Kasori E"
"第3様式古","3rd Style [Early]"
"第1様式末","1st Style [Final]"
"第2様式新","2nd Style [Late]"
"第1様式新","1st Style [Late]"
"第2様式(高田式)","2nd Style (Takada)"
"第2-3様式","2nd Style - 3rd Style"
"河内Ⅴ-1～3期","Kawachi V-1 - Kawachi V-3"
"河内Ⅵ-1期","Kawachi VI-1"
"河内Ⅴ-3～Ⅵ-1期","Kawachi V-3 - Kawachi VI-1"
"布留Ⅱ式","Furu II"
"滋賀里Ⅲ～船橋式","Shigasato III - Funabashi"
"滋賀里Ⅳ～長原式","Shigasato IV - Nagahara"
"船橋～長原式","Funabashi - Nagahara "
"河内Ⅰ期新（Ⅱに近い）","Kawachi I [Late] (Closer to Kawachi II)"
"前期最古","Early [Earliest] "
"古墳終末","Kofun [Final]"
"大洞A式？","Oobora A?"
"7世紀前半","7th century [First Half]"
"6世紀の第4半期","6th century [Final Quarter]"
"勝坂式終末","Katsuzaka [Final]"
"押圧縄文","Ouatsujoumon"
"勝坂1式","Katsuzaka 1"
"五領ヶ台2b式","Goryogadai 2b"
"連弧文","Renkomon"
"和泉式","Izumi"
"朝日下層式?","Lower Asahi?"
"上山田式～天神山式","Kamiyamada - Tenjinyama"
"上山田式","Kamiyamada"
"曽利Ⅲa～Ⅲb式","Sori IIIa - Sori IIIb"
"諸磯c式","Moroiso c "
"曽利Ⅳb式","Sori IVb"
"曽利Ⅲ式","Sori III"
"勝坂3式末","Katsuzaka 3 [Final]"
"阿玉台Ⅰb式","Otamadai Ib"
"5世紀中葉","5th century [Middle]"
"5世紀前葉","5th century [Early] "
"4世紀前葉","4th century [Early]"
"堀之内Ⅰ式","Horinouchi I"
"加曽利EⅠ式","Kasori EII"
"堀之内式~安行3B式","Horinouchi - Angyo 3B"
"3世紀末〜4世紀初頭","3rd century [Final] - 4th century [Initial]"
"下総編年Ⅱa期","Shimousa Sequence IIa"
"10世紀","10th century"
"9世紀中葉","9th century [Middle]"
"加曽利EⅢ式期","Kasori EIII"
"6世紀後半","6th century [Second Half] "
"5世紀後半","5th century [Second Half]"
"6世紀前葉","6th century [Early]"
"4世紀初頭〜前葉","4th century [Initial - Early]"
"8世紀前半頃","8th century [First Half ca.]"
"綱取１式","Amitori 1"
"5世紀","5th century"
"14世紀後半","14th century [Second Half]"
"加曽利E2","Kasori E2"
"大木8b","Daigi 8b"
"鬼高期，6世紀後半","Onitaka, 6th century [Second Half]"
"鬼高期，6世紀後半ないし7世紀初頭","Onitaka, 6th century [Second Half] or 7th century [Initial]"
"8世紀後葉","8th century [Late]"
"7世紀中葉","7th century [Middle]"
"茅山式","Kayama"
"15世紀後半〜16世紀前半","15th century [Second Half] - 16th century [First Half]"
"9世紀後半","9th century [Second Half]"
"12世紀中頃","12th century [Middle ca.]"
"称名寺Ⅱ〜堀之内Ⅰ","Shomyoji II - Horinouchi I"
"加曽利E3〜4","Kasori E3 - Kasori E4"
"加曽利E1〜E2","Kasori E1 - Kasori E2"
"称名寺1","Shomyoji 1"
"10世紀中葉","10th century [Middle]"
"6世紀後葉","6th century [Late] "
"5世紀末葉〜6世紀初頭","5th century [Final] - 6th century [Initial]"
"4世紀後葉","4th century [Late]"
"11世紀初頭","11th century [Initial]"
"As-YP上位","Above As-YP "
"8世紀中葉から9世紀前半","8th century [Middle] - 9th century [First Half]"
"10世紀前葉","10th century [Early]"
"9世紀後葉","9th century [Late]"
"18世紀以前","Before 18th century"
"3世紀","3rd century"
"諸磯C","Moroiso c"
"諸磯b","Moroiso b"
"加曽利E4","Kasori E4"
"堀之内期","Horinouchi"
"勝坂12〜3,焼町","Katsuzaka 1 - Katsuzaka 3 / Yakemachi"
"加曽利E1新","Kasori E1 [Late]"
"加曽利E1古","Kasori E1 [Early]"
"A.D.200〜300","200 - 300 AD"
"10000〜13000B.C.","13,000 - 10,000 BC"
"9世紀中頃〜11世紀初頭","9th century [Middle ca.] - 11th century [Initial]"
"3万年前以前","Before 30,000 years ago"
"8世紀第３四半期","8th century [Third Quarter]"
"約3.2万年前〜2.4万年前","32,000 years ago [ca.] - 24,000 years ago "
"花積下層式","Lower Hanazumi"
"6世紀第2四半期頃","6th century [Second Quarter]"
"10世紀第1四半期頃","10th century [First Quarter ca.]"
"6世紀第3四半期頃","6th century [Third Quarter]"
"7世紀第3四半期頃","7th century [Third Quarter ca.]"
"8世紀第4四半期頃","8th century [Final Quarter ca.]"
"8世紀第2四半期頃","8th century [Second Quarter ca.]"
"5世紀中頃","5th century [Middle]"
"関山式期","Sekiyama"
"諸磯c式期","Moroiso c"
"10世紀前半期","10th century [First Half]"
"9世紀後半以降","After 9th century [Second Half]"
"3世紀後半","3rd century [Second Half]"
"10世紀代","10th century [ca.]"
"10世紀前半","10th century [First Half]"
"9世紀中頃","9th century [Middle ca.]"
"9世紀前半","9th century [First Half]"
"9世紀代","9th century [ca.]"
"8世紀前半","8th century [First Half]"
"9世紀後半〜10世紀前半","9th century [Second Half] - 10th century [First Half]"
"15〜16世紀","15th century - 16th century"
"関山期","Sekiyama"
"9世紀後半頃","9th century [Second Half ca.]"
"新道式新相〜藤内式，阿玉台Ⅱ式","Aramichi [Late] - Tounai, Otamadai II "
"狢沢式、阿玉台Ⅰb式","Mujinasawa, Odamadai Ib"
"阿玉台Ⅱ式古相","Otamadai II [Early]"
"黒浜式期","Kurohama"
"称名寺期","Shomyoji"
"加曽利B2式後半〜B3式","Kasori B2 [Second Half] - Kasori B3"
"9世紀第1〜2四半期頃","9th century [First - Second Quarter ca.]"
"8世紀第2〜3四半期頃","8th century [Second - Third Quarter ca.]"
"〜9世紀前半","Up to 9th century [First Half]"
"関山式","Sekiyama"
"8世紀後葉から9世紀前半","8th century [Late] - 9th century [First Half]"
"縄文時代中期末葉加曽利EⅢ式〜EⅣ式","Middle Jomon [Final] Kasori EIII - Kasori EIV"
"堀之内2式期","Horinouchi 2  "
"加曽利EⅠ式古段階","Kasori EI [Early Stage]"
"堀之内Ⅰ式期","Horinouchi I"
"加曽利EⅠ新式古相","Kasori EI [Late]"
"7世紀以降","After 7th century"
"K-Ah降下以降","After K-Ah [Tephra?]"
"9世紀","9th century "
"五領式期","Goryo"
"_",NA
"黒浜〜諸磯a式期","Kurohama - Moroiso a"
"安行3a式期","Angyo 3a"
"安行3a式から3b式","Angyo 3a - Angyo 3b"
"試料より下位から安行式土器出土","Angyo pottery was recovered below the sample "
"黒浜式期新段階","Kurohama [Late Stage]"
"黒浜式期古段階","Kurohama [Early Stage]"
"諸磯a式期","Moroiso a "
"8世紀後半〜9世紀初頭","8th century [Second Half] - 9th century [Initial]"
"8世紀後半","8th century [Second Half]"
"8世紀","8th century"
"8世紀〜9世紀","8th century - 9th century"
"十三菩提式期","Jusanbodai"
"8世紀末頃から9世紀代","8th century [Final] - 9th century [ca.]"
"5世紀後葉","5th century [Late]"
"関山Ⅰ式期","Sekiyama I"
"五領式期，4世紀後半","Goryo, 4th century [Second Half]"
"14世紀代","14th century [ca.]"
"17世紀中〜後半","17th century [Middle - Second Half]"
"17世紀後〜18世紀代","17th century - 18th century [ca.] "
"19世紀","19th century"
"堀之内式期","Horinouchi"
"宮ノ台","Miyanodai"
"鬼高式期","Onitaka"
"加曾利EⅢ式","Kasori EIII"
"加曾利EⅣ式","Kasori EIV"
"加曾利BⅡ式","Kasori B2"
"加曽利EⅡ式","Kasori EII"
"阿玉台式,加曽利E式","Otamadai, Kasori E"
"加曽利EⅠ-Ⅱ式","Kasori EI / Kasori EII"
"五領式期,5世紀","Goryo, 5th century "
"和泉式期，6世紀","Izumi, 6th century"
"7世紀","7th century"
"鬼高期","Onitaka"
"姥山Ⅱ式期","Ubayama II"
"和泉式土器伴出","Excavated with Izumi"
"加曽利E式土器伴出","Excavated with Kasori E"
"加曽利EⅡ式土器","Kasori EII"
"安行3b式〜姥山式","Angyo 3b - Ubayama"
"8世紀中葉","8th century [Middle]"
"鵜ガ島台〜茅山下層期","Ugashimadai - Lower Kayama"
"茅山下層期","Lower Kayama"
"茅山上層期","Upper Kayama"
"花積下層期","Lower Hanazumi"
"阿玉台Ⅲ･勝坂Ⅳ式","Otamadai III / Katuzaka IV"
"加曾利EⅠ式","Kasori EI"
"称名寺Ⅰ式","Shomyoji I "
"称名寺Ⅱ式","Shomyoji II"
"加曾利B1〜2式","Kasori B1 - Kasori B2"
"堀之内1期","Horinouchi 1"
"阿玉台Ⅲ式〜加曾利EⅡ期","Otamadai III - Kasori EII"
"加曾利E式","Kasori E  "
"撚糸文土器","Yoriitomon"
"五領式土器伴出","Excavated with Goryo"
"宮ノ台式土器伴出","Miyanodai"
"阿玉台式土器伴出","Excavated with Otamadai "
"加曾利B式","Kasori B"
"8世紀後半〜9世紀前半頃","8th century [Second Half] - 9th century [First Half ca.]"
"6〜7世紀","6th century - 7th century"
"黒浜式古段階","Kurohama [Early Stage]"
"上の坊式","Kaminobo"
"加曾利E期","Kasori E"
"16世紀頃から17世紀頃","16th century [ca.] - 17th century [ca.] "
"加曽利E3〜4式古段階","Kasori E3 - Kasori E4 [Early Stage]"
"曽谷〜安行3a式","Soya - Angyo 3a"
"称名寺2〜堀之内1式 ",NA
"加曽利B2〜B3式","Kasori B2 - Kasori B3"
"加曽利B#式〜曽谷式","Kasori B - Soya"
"大洞BC式","Oobora BC"
"安行3a〜3b式","Angyo 3a - Angyo 3b"
"安行3式粗製","Angyo 3 (Coarse-ware)"
"7〜8世紀","7th century - 8th century"
"2a段階以降","After Stage 2a"
"勝坂Ⅱ式","Katsuzaka 2"
"勝坂2","Katsuzaka 2"
"勝坂3","Katsuzaka 3"
"勝坂2a式期","Katsuzaka 2a"
"勝坂2b式期","Katsuzaka 2b"
"18世紀中頃","18th century [Middle ca.]"
"五領ヶ台式","Goryogadai"
"加曽利EⅠ〜Ⅱ式","Kasori EI - Kasori EII"
"18世紀","18th century"
"7〜8世紀前半頃","7th century - 8th century [First Half ca.]"
"16世紀末〜17世紀初頭","16th century [Final] - 17th century [Initial]"
"16世紀以前","Before 16th century "
"18世紀第3四半期頃","18th century [3rd Quarter ca.]"
"撚糸文期","Yoriitomon "
"遺構は縄文時代･覆土は古墳時代?","Structure dated to Jomon perold, deposit of Kofun period"
"勝坂Ⅲ式","Katsuzaka 3"
"五領式，4世紀初頭","Goryo, 4th century [Initial]"
"安行Ⅲ式","Angyo III"
"宮ノ台式期","Miyanodai"
"8世紀後半から9世紀前半","8th century [Second Half] - 9th century [First Half]"
"勝坂式新段階","Katsuzaka [Late Stage]"
"子母口式土器","Shibokuchi"
"堀之内1新式","Horinouchi 1 [Late]"
"諸磯式","Moroiso "
"連弧文系","Renkomon Type"
"勝坂2式古期","Katsuzaka 2 [Early]"
"勝坂1式新期","Katsuzaka 1 [Late]"
"勝坂1","Katsuzaka 1"
"勝坂式","Katsuzaka"
"17世紀前葉〜中葉以前","17th century [Early - Before Middle]"
"加曽利E4またはⅤ式","Kasori E4 or Kasori V"
"阿玉台式","Otamadai  "
"9世紀前半頃","9th century [First Half ca.]"
"立川ロームⅤ･Ⅵ層相当","Tachikawa Loam V Layer / Tachikawa Loam VI Layer equivalent"
"立川ローム第1部層","Tachikawa Loam 1st  Layer"
"立川ローム第3部層","Tachikawa Loam 3rd  Layer "
"6世紀前半代","6th century [First Half ca.]"
"約2200年前","2,200 years ago [ca,]"
"約2600年前","2,600 years ago [ca.]"
"堀之内2式新段階","Horinouchi 2 [Late Stage]"
"堀之内2式中段階","Horinouchi 2 [Middle Stage]"
"鬼高式","Onitaka"
"勝坂式･加曽利E式堀之内式","Katsuzaka / Kasori E Horiuchinai"
"9世紀中葉から後半","9th century [Middle - Second Half]"
"勝坂式〜阿玉台式","Katsuzaka - Otamadai"
"8世紀代","8th century [ca.]"
"加曽利E3式新段階からE4式古段階","Kasori E3 [Late Stage] - Kasori E4 [Early Stage]"
"五領ヶ台2a式","Goryogadai 2a"
"第4文化層","4th Cultural Layer"
"第2文化層","2nd Cultural Layer"
"第1文化層","1st Cultural Layer"
"Ⅴb層","Vb Layer "
"五領Ⅰ式","Goryo I"
"堀之内Ⅱ式","Horinouchi II"
"黒浜期初頭","Kurohama [Initial]"
"弥生町期","Yayoichou"
"5世紀末から6世紀初頭","5th century [Final] - 6th century [Initial]"
"8〜9世紀","8th century - 9th century"
"黒浜式〜関山式","Kurohama - Sekiyama"
"13〜14世紀代","13th century - 14th century [ca.]"
"夏島Ⅱ式","Natsushima II"
"15世紀前半","15th century [First Half]"
"16世紀前半","16th century [First Half]"
"17世紀前半","17th century [First Half]"
"15世紀後半","15th century [Second Half]"
"15世紀代","15th century [ca.]"
"16世紀末以降","After 16th century [Final]"
"3世紀前後","3rd century [ca.]"
"2世紀前後","2nd century [ca.]"
"建久9年(1198年)","Kenkyu 9 (1198 AD)"
"12〜16世紀","12th century - 16th century"
"1.7万〜1.6万年前","17,000 - 16,000 years ago"
"10世紀前半から中葉","10th century [First Half - Middle]"
"勝坂期","Katsuzaka"
"称名寺か堀之内期","Shomyoji or Horinouchi"
"中世の攪乱あり","Contamination of Medieval Deposit"
"9世紀初頭〜11世紀","9th century [Initial] - 11th century"
"16世紀中葉","16th century [Middle]"
"15〜18世紀代","15th century - 18th century [ca.]"
"7世紀第4四半期〜8世紀第1四半期頃","7th century [Final Quarter] - 8th century [First Quarter ca.]"
"堀之内2","Horinouchi 2"
"加曽利B1","Kasori B1"
"鬼高期初頭","Onitaka [Initial]"
"7世紀中葉〜後葉","7th century [Middle - Late]"
"堀之内1式期","Horinouchi 1"
"9世紀〜10世紀","9th century - 10th century"
"加曽利EⅡ、曽利Ⅲ","Kasori EII, Sori III"
"加曽利EⅡ","Kasori EII"
"6世紀終末〜7世紀初頭","6th century [Final] - 7th century [Initial]"
"7世紀後半","7th century [Second Half] "
"10世紀後半","10th century [Second Half]"
"勝坂式初葉〜前葉","Katsuzaka [Initial - Early]"
"6世紀末葉","6th century [Final]"
"6世紀末から7世紀前半","6th century [Final] - 7th century [First Half]"
"称名寺1式または加曽利E系統","Shomyoji 1 or Kasori E Type"
"17世紀終末〜18世紀初頭","17th century [Final] - 18th century [Initial]"
"9世紀末〜10世紀初頭","9th century [Final] - 10th century [Initial]"
"10世紀初頭","10th century [Initial]"
"9世紀末〜10世紀前半頃","9th century [Final] - 10th century [First Half ca.]"
"9世紀末以降","After 9th century [Final]"
"8世紀初頭","8th century [Initial]"
"早稲田5類または表館遺跡Ⅻ群土器相当","Waseda 5 or Omotedate Group XII equivalent"
"9世紀末〜10世紀中頃","9th century [Final] - 10th century [Middle ca.]"
"榎林式期","Enokibayashi"
"7世紀後半〜8世紀中葉","7th century [Second Half] - 8th century [Middle]"
"10世紀前半以前","Before 10th century [First Half]"
"10世紀前後","10th century [ca.]"
"19世紀代","19th century [ca.]"
"10世紀中頃以降","After 10th century [Middle]"
"17世紀後半〜18世紀前半","17th century [Second Half] - 18th century [First Half]"
"9世紀後葉〜10世紀前葉","9th century [Late] - 10th century [Early]"
"円筒下層b2式","Lower Ento b2"
"19世紀中葉以降","After 19th century [Middle]"
"細石刃文化","Saisekijin Culture"
"5万年前以上","More than 50,000 years ago"
"戸沢川代段階","Tozawakawadai Stage"
"八幡堂2群段階","Hachimando Group 2 Stage"
"戸沢川代段階から二枚橋式","Tozawakawadai Stage - Nimaibashi"
"二枚橋式","Nimaibashi "
"梨ノ木平段階から二枚橋式期","Nashinokidaira Stage - Nimaibashi"
"八幡平3群段階","Hachimantaira Group 3 stage"
"八幡平2群から3群段階","Hachimantaira Group 2 - Hachimantaira Group 3 stage "
"梨ノ木平段階","Nashinokidaira Stage"
"二枚橋式〜恵山Ⅰa式","Nimaibashi - Esan Ia"
"八幡堂3群から二枚橋式","Hachimando Group 3 - Nimaibashi"
"10世紀中葉以降","After 10th century [Middle]"
"9世紀前〜中葉","9th century [Early - Middle]"
"12世紀後半〜13世紀前半頃","12th century [Second Half] - 13th century [First Half ca.]"
"9世紀末葉〜10世紀前半","9th century [Final] - 10th century [First Half]"
"15世紀前葉","15th century [Early]"
"10世紀後半以降","After 10th century [Second Half]"
"円筒上層a式期","Upper Ento a"
"円筒上層a","Upper Ento a"
"前期円筒下層d","Lower Ento d [Early]"
"大木7a中か","During Daigi 7a?"
"円筒上層d式期","Upper Ento d"
"円筒上層d･e式","Upper Ento d / Upper Ento e"
"円筒上層c式期","Upper Ento c"
"最花式期","Saibana"
"円筒上層a1式","Upper Ento a1"
"円筒下層d式期","Lower Ento d"
"円筒下層d2式期","Lower Ento d2"
"縄文時代円筒上層d式期","Jomon Upper Ento d "
"円筒上層e式期","Upper Ento e"
"大木10式または後期初頭","Daigi 10 or Late [Initial]"
"大洞C2式〜A1式","Oobora C2 - Oobora A1"
"10世紀前葉以降","After 10th century [Early]"
"9世紀末葉から10世紀初頭","9th century [Final] - 10th century [Initial]"
"9世紀後半から10世紀初頭","9th century [Second Half] - 10th century [Initial]"
"円筒上層a〜c式","Upper Ento a - Upper Ento c"
"大木10式式","Daigi 10"
"1636年〜18世紀前半","1636 - 18th century [First Half]"
"18世紀前半以前(近世以前の可能性有)","Before 18th century [possibly before Early Modern]"
"1668年〜18世紀前半","1668 - 18th century [First Half]"
"9世紀末","9th century [Final]"
"十腰内Ⅳ式期","Tokoshinai IV"
"17世紀〜19世紀以降","17th century - After 19th century"
"大木10式期","Daigi 10"
"16世後半〜17世紀初頭","16th century [Second Half] - 17th century [Initial]"
"円筒下層d式","Lower Ento d"
"9世紀末葉〜10世紀初頭","9th century [Final] - 10th century [Initial]"
"10世紀後半〜11世紀前半","10th century [Second Half] - 11th century [First Half]"
"10世紀以降","After 10th century"
"11世紀中頃","11th century [ca.]"
"10世紀後葉","10th century [Late]"
"12世紀後半〜13世紀前半","12th century [Second Half] - 13th century [First Half]"
"十腰内Ⅰ式期","Tokoshinai I"
"大洞式","Oobora"
"十腰内3-4式","Tokoshinai 3 - Tokoshinai 4"
"二枚橋式期","Nimaibashi  "
"円筒下層c式期","Lower Ento c"
"円筒下層d1式期","Lower Ento d1"
"平安時代以降","After Heian"
"B-Tm降灰時期(947年)","B-Tm Tephra (947 AD) "
"10世紀後半〜11世紀代、14世紀後半〜15世紀前半","10th century [Second Half] - 11th century, 14th century [Second Half] - 15th century [First Half]"
"10世紀後半〜15世紀前半","10th century [Second Half] - 15th century [First Half]"
"十腰内Ⅴ式","Tokoshinai V"
"円筒上層C〜D式","Upper Ento C - Upper Ento D"
"円筒上層式","Upper Ento"
"10世紀前半以降","After 10th century [First Half]"
"13世紀前半","13th century [First Half]"
"13世紀代","13th century [ca.]"
"9世紀中葉〜後葉","9th century [Middle Late]"
"10世紀中頃","10th century [Middle ca.]"
"大洞BC式以降","After Oobora BC"
"大洞C2〜A式","Oobora C2-A"
"弥栄平2式","Iyasakadaira 2"
"牛ヶ沢3式","Ushigasawa 3"
"10世紀後半〜11世紀","10th century [Second Half] - 11th century"
"10世紀前葉以前","Before 10th century [Early]"
"長者久保文化期","Choujakubo Culture"
"7世紀中葉頃〜8世紀前葉頃","7th century [Middle ca.] - 8th century [Early ca.]"
"十腰内Ⅲ式期","Tokoshinai III"
"十腰内Ⅰb式","Tokoshinai Ib"
"草創期最後の段階","Incipient [Final Stage]"
"10世紀前〜中葉","10th century [Early - Middle]"
"10世紀前〜中葉?","10th century [Early - Middle?]"
"10世紀中〜後葉?","10th century [Middle - Late?]"
"9世紀後半?","9th century [Second Half?]"
"9世紀後半〜B-Tm降下前","9th century [Second Half] - B-Tm Tephra [Before] "
"白浜式期","Shirahama"
"8世紀後半〜9世紀","8th century [Second Half] - 9th century"
"大木9式並行期･最花式期以前","Daigi 9 [Parallel to] / Before Saibana"
"10世紀第一四半期","10th century [First Quarter]"
"9世紀末〜10世紀中葉","9th century [Final] - 10th century [Middle]"
"7世紀末以降","After 7th century [Final]"
"北大Ⅰ","Hokudai I"
"大木10式並行","Daigi 10 [Parallel to]"
"砂沢期","Sunazawa "
"12世紀","12th century "
"7世紀末〜8世紀初頭","7th century [Final] - 8th century [Initial]"
"物見台式","Monomidai"
"縄文時代大洞BC〜C1式","Jomon Oobora BC - Oobora C1"
"縄文時代大洞B2〜BC式","Jomon Oobora B2 - Oobora BC"
"14世紀後半〜15世紀前半","14th century [Second Half] - 15th century [First Half]"
"大洞C2式またはA式","Oobora C2 or Oobora A"
"大洞A'式〜砂沢式","Oobra A' - Sunazawa"
"14世紀代から15世紀","14th century [ca.] - 15th century"
"16世紀後半〜17世紀初頭","16th century [Second Half] - 17th century [Initial]"
"9世紀後半〜11世紀前半","9th century [Second Half] - 11th century [First Half]"
"大木9式期以降","After Daigi 9"
"10世紀初頭頃","10th century [Initial ca.]"
"9世紀中〜後葉","9th century [Middle - Late]"
"9世紀中〜後半","9th century [Middle - Second Half]"
"10〜11世紀","10th century - 11th century"
"赤御堂式","Akamido"
"15世紀?","15th century?"
"大洞BC1〜2式","Oobora BC1 - Oobora BC2"
"大洞BC2式","Oobora BC2"
"赤穴式期","Akaana"
"11世紀前半","11th century [First Half]"
"10世紀まで","Up to 10th century"
"16世紀代","16th century [ca.]"
"13世紀後半〜14世紀","13th century [Second Half] - 14th century"
"8世紀中葉から9世紀","8th century [Middle] - 9th century"
"縄文時代晩期後葉〜弥生時代前期","Final Jomon [Late] - Early Yayoi"
"山王3層式","Sannou 3 Layer "
"大洞A'式?","Oobora A' ?"
"13世紀以前に掘削","Excavated before 13th century "
"大木10新式","Daigi 10 [Late]"
"円筒上層e〜大木8b式","Upper Ento e - Daigi 8b"
"円筒上層e･大木8b式","Upper Ento e / Daigi 8b"
"縄文時代中期大木8b式","Middle Jomon Daigi 8b"
"1740〜1752年","1740 - 1752 AD"
"10世紀第2四半期以降","After 10th century [Second Quarter]"
"9世紀末〜10世紀頃","9th century [Final] - 10th century [ca.]"
"大木8b1式","Daigi 8b1"
"円筒下層b式期","Lower Ento b"
"大木7a新式","Daigi 7a [Late]"
"円筒下層c〜d式","Lower Ento c - Lower Ento d"
"円筒下層d式か","Lower Ento d?"
"8世紀後半〜9世紀代","8th century [Second Half] - 9th century [ca.]"
"大木7b〜8a式","Daigi 7b - Daigi 8a"
"10世紀前葉〜中葉","10th century [Early - Middle]"
"9世紀以降","After 9th century "
"7世紀後半〜8世紀前半","7th century [Second Half] - 8th century [First Half]"
"6世紀前半","6th century [First Half]"
"7世紀後半〜8世紀初頭","7th century [Second Half] - 8th century [Initial]"
"7〜8世紀前半","7th century - 8th century [First Half]"
"5世紀後半〜6世紀","5th century [Second Half] - 6th century"
"7世紀後半〜8世紀","7th century [Second Half] - 8th century"
"大木6〜7a式","Daigi 6 - Daigi 7a"
"9世紀後半〜10世紀初頭","9th century [Second Half] - 10th century [Initial]"
"9世紀後葉〜10世紀初頭","9th century [Late] - 10th century [Initial]"
"加曽利B式","Kasori B"
"11世紀頃","11th century [ca.] "
"12世紀後半","12th century [Second Half]"
"大木5〜6式","Daigi 5 - Daigi 6"
"寺の沢式","Teranosawa"
"14世紀","14th century"
"大木9〜10式","Daigi 9 - Daigi 10"
"5世紀後半〜6世紀前半頃","5th century [Second Half] - 6th century [First Half ca.]"
"13〜14世紀","13th century - 14th century"
"1360年銘の板碑","1360 AD (Inscription)"
"6世紀後半頃","6th century [Second Half ca.]"
"早稲田6c類","Waseda 6c"
"円筒下層a式･大木2b式","Lower Ento a / Daigi 2b"
"大木10式新段階","Daigi 10 [Late Stage]"
"大木10式中段階","Daigi 10 [Middle Stage]"
"7世紀末〜8世紀前半","7th century [Final] - 8th century [First Half]"
"8世紀前半〜中頃","8th century [First Half - Middle ca.]"
"13000年前","13000 years ago"
"18世紀後半以降","After 18th century [Second Half]"
"11世紀〜17世紀","11th century - 17th century"
"15から16世紀","15th century - 16th century"
"18世紀初頭以降","After 18th century"
"堀之内Ⅰ式･十腰内Ⅰ式","Horinouchi I / Tokoshinai I"
"7世紀代","7th century [ca.] "
"大洞B式?","Oobora B?"
"12世紀頃","12th century [ca.]"
"13c後半以降","After 13th century [Second Half]"
"9世紀後半〜10世紀","9th century [Second Half] - 10th century"
"西暦915年頃","915 AD [ca.]"
"10世紀頃","10th century [ca.]"
"12世紀頃まで","Up to 12th century [ca.] "
"赤穴式","Akaana"
"大木9a式","Daigi 9a"
"大木4〜5式","Daigi 4 - Daigi 5"
"7世紀〜8世紀","7th century - 8th century"
"8世紀前葉","8th century [Early]"
"12世紀後半〜15世紀","12th century [Second Half] - 15th century"
"大木10式前後","Daigi 10 [ca.]"
"大木2a式並行","Daigi 2a [Parallel to]"
"大木1〜2b式","Daigi 1- Daigi 2b"
"大木8a式新","Daigi 8a [Late]"
"円筒上層b〜c･大木7b式","Upper Endo b - Upper Ento c / Daigi 7b"
"7世紀末〜8世紀前葉","7th century [Final] - 8th century [Early]"
"大木2a式","Daigi 2a"
"7世紀中頃〜後半","7th century [Middle ca.- Second Half]"
"13世紀中頃","13th century [Middle ca.] "
"9世紀末〜11世紀前半","9th century [Final] - 11th century [First Half]"
"8世紀末〜9世紀初頭","8th century [Final] - 9th century [Initial]"
"大木8a･b式","Daigi 8a / Daigi 8b"
"9世紀頃","9th century [ca.]"
"8〜10世紀","8th century - 10th century"
"8世紀中頃〜後半","8th century [Middle - Late]"
"大木3,4式","Daigi 3, Daigi 4"
"大木4,5a式","Daigi 4, Daigi 5a"
"5000年前〜5500年前の火山灰下層","Below Tephra of 5000 - 5500 years ago"
"5000年前〜5500年前の火山灰","Tephra of 5000 - 5500 years ago"
"桝形囲式期","Masugatakakoi"
"十三塚式期","Jusanbodai"
"9世紀半ばすぎ","9th century [later than Middle]"
"十腰内Ⅱ式併行","Tokoshinai II [Parallel to]"
"宮戸Ⅰb式","Miyato Ib"
"8〜12世紀","8th century - 12th century"
"9〜10世紀","9th century - 10th century"
"約15,000年前","15,000 years ago [ca.]"
"大木10式以降","After Daigi 10"
"17世紀前葉以降","After 17th century [Middle]"
"11世紀","11th century"
"西暦915年以前","Before 915 AD"
"10世紀第1四半期〜中葉","10th century [First Quarter - Middle]"
"円筒下層D2式","Lower Ento D2"
"13〜15世紀","13th century - 15th century"
"14世紀後半〜15世紀","14th century [Second Half] - 15th century"
"8世紀後半〜9世紀前半","8th century [Second Half] - 9th century [First Half]"
"円筒下層式","Lower Ento"
"10〜12世紀","10th century - 12th century"
"後北C2･D式","Kouhoku C2-D"
"14世紀中葉","14th century [Middle]"
"大木8〜9式","Daigi 8 - Daigi 9"
"大洞A〜A'式","Oobora A - Oobora A'"
"最花式、大木10式","Saibana - Daigi 10"
"13世紀後葉〜末葉","13th century [Late - Final]"
"17世紀前半以降","After 17th century [First Half]"
"13世紀","13th century"
"12世紀?","12th century?"
"15世紀後半〜16世紀代","15th century [Second Half] - 16th century [ca.]"
"14世紀頃","14th century [ca.]"
"13世紀末〜14世紀","13th century [Final] - 14th century"
"9世紀初頭","9th century [Initial]"
"8世紀末〜9世紀","8th century [Final] - 9th century"
"10世紀半ば","10th century [Middle]"
"大木5b式","Daigi 5b"
"大洞BC1式","Oobora BC1"
"大洞B1古式","Oobora B1 [Early]"
"4世紀頃","4th century [ca.]"
"瘤付土器Ⅳ期","Kobutsuki IV"
"大木2式","Daigi 2"
"馬高式","Umataka"
"堀之内1式並行期","Horinouchi 1 [Parallel to]"
"加曽利B1式並行期","Kasori B1 [Parallel to]"
"加曽利B2式並行期","Kasori B2 [Parallel to]"
"加曽利B3式並行期","Kasori B3 [Parallel to]"
"瘤付土器第一段階","Kobutsuki 1st Stage "
"8世紀代前半","8th century [First Half ca.]"
"大木7b敷","Daigi 7b "
"6世紀頃","6th century [ca.]"
"9世紀後半〜末葉","9th century [Second Half - Final]"
"8世紀後半頃","8th century [Second Half ca.]"
"8世紀後葉〜9世紀前葉","8th century [Late] - 9th century [Early]"
"8世紀頃","8th century [ca.]"
"大木7a〜9式","Daigi 7a - Daigi 9"
"16世紀中頃","16th century [Middle ca.]"
"9世紀中葉〜10世紀代","9th century [Middle] - 10th century [ca.]"
"桜町Ⅲ式期","Sakuramachi III"
"12世紀後半以降","After 12th century [Second Half]"
"9世紀末〜10世紀初め","9th century [Final] - 10th century [Initial]"
"9世紀前半頃まで","Up to 9th century [First Half ca.]"
"15世紀中葉","15th century [Middle]"
"13世紀前後","13th century [ca.] "
"9世紀前半〜10世紀初め","9th century [First Half] - 10th century [Initial]"
"9世紀後半代","9th century [Second Half ca.]"
"10世紀前葉頃","10th century [Early ca.]"
"6世紀代","6th century [ca.]"
"16〜17世紀中頃","16th century - 17th century [Middle ca.]"
"11〜13世紀","11th century - 13th century"
"9世紀末〜10世紀前半","9th century [Final] - 10th century [First Half]"
"10世紀代以降","After 10th century [ca.]"
"8〜9世紀代","8th century - 9th century [ca.]"
"9世紀末葉頃よりは古い","Before 9th century [Final ca.] "
"9世紀前半〜中頃","9th century [First Half - Middle ca.]"
"9世紀前葉〜中葉","9th century [early - middle]"
"8世紀後葉〜9世紀前半","8th century [Late] - 9th century [First Half]"
"9世紀前半代","9th century [First Half ca.]"
"7世紀頃","7th century [ca.]"
"大畑G式期","Oohata G"
"15世紀以降","After 15th century"
"10世紀以前","Before 10th century"
"18世紀後半〜19世紀前半以降","18th century [Second Half] - After 19th century [First Half]"
"8世紀前葉〜中葉","8th century [Early - Middle]"
"8世紀末〜9世紀前半","8th century [Final] - 9th century [First Half]"
"13世紀〜14世紀","13th century - 14th century"
"大木式系","Daigi Type"
"阿玉台式系","Otamadai Type"
"新崎式系土器","Ninzaki Type"
"9世紀中頃以前","Before 9th century [Middle ca.]"
"16世紀前半頃","16th century [First Half ca.]"
"8世紀〜10世紀","8th century - 10th century"
"宇津ノ台式","Utsunodai"
"大木10式古段階","Daigi 10 [Early Stage]"
"14世紀中葉〜15世紀初頭","14th century [Middle] - 15th century [Initial]"
"14世紀初頭","14th century [Initial]"
"13世紀前半〜14世紀頃","13th century [First Half] - 14th century [ca.]"
"9〜11世紀","9th century - 11th century"
"16世紀以降","After 16th century"
"三十稲場式","Sanjuinaba"
"9世紀第2〜3四半期","9th century [Second - Third Quarter]"
"沖ノ原式","Okinohara  "
"天王山式期","Tennozan"
"13世紀後半〜14世紀前半","13th century [Second Half] - 14th century [First Half]"
"8世紀第4四半期〜9世紀第2四半期","8th century [Final Quarter] - 9th century [Second Quarter]"
"9世紀第3四半期","9th century [Third Quarter]"
"15世紀〜16世紀前半","15th century - 16th century [First Half]"
"大木6式新段階","Daigi 6 [Late Stage]"
"11世紀代","11th century [ca.]"
"大洞C1〜C2式","Oobora C1 - Oobora C2"
"沖ノ原Ⅰ式","Okinohara I"
"14世紀〜15世紀","14th century - 15th century"
"12世紀後半頃","12th century [Second Half ca.]"
"大洞B2〜BC式","Oobora B2 - Oobora BC"
"加曽利B1〜B2式併行","Kasori B1 - Kasori B2 [Parallel to]"
"三十稲場式新段階","Sanjuinaba [Late Stage] "
"14世紀〜16世紀","14th century - 16th century"
"12世紀末〜14世紀","12th century [Final] - 14th century"
"(TK47〜MT15期)","(TK47 - MT15)"
"8世紀中〜9世紀頃","8th century - 9th century [ca.]"
"13世紀代?","13th century [ca.]?"
"16世紀前後","16th century [ca.]"
"円筒上2a式段階","Upper Ento 2a Stage "
"天王山系","Tennozan Type"
"8世紀後半〜9世紀前半または12世紀後半〜14世紀前半","8th century [Second Half] - 9th century [First Half] or 12th century [Second Half] -14th century [First Half]"
"後半初め新地Ⅰ式平行期","Second Half [Initial]  [Parallel to Shinchi I]"
"気屋式","Kiya"
"8世紀中頃から8世紀後半代","8th century [Middle - Second Half ca.]"
"9世紀以前","Before 9th century "
"12世紀後半〜13世紀","12th century [Second Half] - 13th century"
"上山田･天神山式","Kamiyamada - Tenjinyama"
"(猫橋式)(白江式)","(Nekobashi) (Shiroe)"
"16世紀前半〜後半","16th century [First Half - Second Half]"
"13世紀代から17･18世紀","13th century - 17th /18th century"
"井口Ⅱ式","Inokuchi II"
"8世紀後半〜9世紀中葉","8th century [Second Half] - 9th century [Middle]"
"14〜15世紀","14th century - 15th century"
"9世紀末〜10世紀末","9th century [Final] - 10th century [Final]"
"14世紀末〜15世紀前半","14th century [Final] - 15th century [First Half]"
"15世紀中頃〜後半","15th century [Middle ca. - Second Half]"
"13世紀中頃〜14世紀中頃","13th century [Middle ca.] - 14th century [Middle ca.]"
"16世紀前葉","16th century [Early]"
"佐波･極楽寺式","Sanami / Gokurakuji"
"法仏式","Houbutsu"
"新保･新崎式","Shimbo / Ninzaki"
"下野式","Shitano"
"18世紀前半","18th century [First Half]"
"17世紀後半〜18世紀","17th century [Second Half] - 18th century"
"16世紀後半","16th century [Second Half]"
"18世紀後半以前","Before 18th century [Second Half]"
"16世紀初め","16th century [Initial]"
"8世紀後半〜10世紀","8th century [Second Half] - 10th century"
"13〜16世紀","13th century - 16th century"
"8〜9世紀あるいは13〜14世紀","8th century - 9th century or 13th century -14th century"
"朝日C式，黒浜式","Asahi C, Kurohama"
"朝日C式，北白川下層Ⅱa式","Asahi C Lower Kitashirakawa IIa"
"朝日C北白川下層Ⅱa式","Asahi C Lower Kitashirakawa IIa"
"朝日C～福浦下層式","Asahi C - Lower Fukuura"
"福浦下層式，諸磯a式","Lower Fukuura, Moroiso a"
"福浦下層北白川下層Ⅱb式","Lower Fukuura Lower Kitashirakawa IIb"
"福浦下層刈羽式","Lower Fukuura Kariwa"
"蜆ヶ森式，北白川下層Ⅱc式","Shijimigamori, Lower Kitashirakawa IIc"
"蜆ヶ森Ⅰ式","Shijimigamori I"
"蜆ヶ森Ⅱ式","Shimimigamori II"
"蜆ヶ森Ⅱ小牧式","Shijimigamori II Komaki"
"福浦上層式古","Upper Fukuura [Early]"
"福浦上層式新","Upper Fukuura [Late]"
"福浦下層式","Lower Fukuura"
"福浦下層～蜆ヶ森式","Lower Fukuura - Shijimigamori"
"蜆ヶ森Ⅱ～福浦上層式","Shijimigamori II - Upper Fukuura "
"7世紀半ば〜8世紀半ば","7th century [Middle] - 8th century [Middle]"
"井口Ⅱ式前半","Inokuchi II [Early Half]"
"井口Ⅱ式後半","Inokuchi II [Later Half]"
"八日市新保Ⅰ式","Youkaichishimbo I"
"八日市新保Ⅱ式","Youkaichishimbo II"
"御経塚式","Okyouzuka"
"中屋Ⅰ式","Nakaya I "
"中屋Ⅱ式","Nakaya II"
"下野式後半","Shitano [Second Half]"
"8〜9世紀およびそれ以前","8th century - 9th century or Before "
"11〜12世紀","11th century - 12th century"
"大木5または6式","Daigi 5 or Daigi 6"
"大歳山式または鹿島式","Okurayama or Kagoshima"
"朝日下層式〜新保1式","Lower Asahi - Shimbo 1"
"蜆ヶ森古期","Shijimigamori [Early]"
"古府Ⅱ式","Kobu II"
"串田新Ⅰ-Ⅱ","Kushidashin I - Kushidashin II"
"漆町期","Urushimachi "
"漆町5･6群期","Urushimachi Group 5 / Urushimachi Group 6"
"漆町10群期","Mumon"
"漆町8群期","Urushimachi Group 8"
"(月影Ⅰ式)","(Tsukikage I)"
"御経塚3式","Okyouzuka 3"
"御経塚2式","Okyouzuka 2"
"大洞B-C式, 御経塚4式中屋式","Oobora B - Oobora C, Okyozuka 4 Nakaya"
"中屋3式","Nakaya 3"
"大洞B2式, 御経塚1式","Oobora B2, Okyouzuka 1"
"大洞B2〜BC1式,御経塚式","Oobora B2 - Oobora BC1, Okyouzuka "
"大洞B-C2〜C1式,中屋式","Oobora B - Oobora C2 - Oobora C1, Nakaya"
"八日市新保式〜御経塚式","Youkaichishimbo - Okyouzuka"
"猫橋式","Nekobashi"
"西暦700年前後","700 AD [ca.]"
"古串田新式 ",NA
"大杉谷式","Osugitani  "
"串田新Ⅰ式","Kushidashin I  "
"大杉谷式?","Osugitani?"
"A.D.3〜4世紀","3rd century - 4th century AD"
"11世紀後半〜12世紀代","11th century [Second Half] - 12th century [ca.]"
"羽鳥下層Ⅱ式","Lower Toba II"
"多縄文系土器","Tajomon Type "
"北白川下層Ⅰ式","Lower Kitashirakawa I"
"押型文土器","Oshigatamon"
"爪形文･押圧文系土器","Tsumegatamon / Ouatsumon Type "
"隆起線文土器","Ryuukisenmon"
"15〜16世紀頃","15th century - 16th century [ca.]"
"大室スコリア","Omuro Scoria"
"阿玉台Ⅰb敷新またはⅡ式平行","Otamadai Ib [Late] or Otamadai II [Parallel to]"
"17世紀末〜18世紀初頭","17th century [Final] - 18th century [Initial]"
"10世紀前半頃","10th century [First Half ca.]"
"15世紀後半〜16世紀中頃","15th century [Second Half] - 16th century [Middle ca.]"
"3世紀〜5世紀初頭","3rd century - 5th century [Initial]"
"5世紀前半","5th century [First Half] "
"9世紀第2四半期","9th century [Second Quarter]"
"曽利Ⅰ式古〜曽利Ⅱ式古","Sori I [Early] - Sori II [Early]"
"曽利Ⅰ式古","Sori I [Early]"
"曽利Ⅳ式","Sori IV"
"13〜14世紀頃","13th century - 14th century [ca.]"
"井戸尻式","Idojiri"
"篭原Ⅰ式","Kagohara I "
"久浜衛尾根式","Kyuubeione"
"中越式","Nakakoshi"
"清水ノ上式","Shimizunoue "
"塚田式","Tsukada"
"6世紀第1四半期","6th century [First Quarter]"
"8世紀第2四半期","8th century [Second Quarter]"
"9世紀第4四半期","9th century [Final Quarter]"
"6世紀中葉〜7世紀初頭","6th century [Middle] - 7th century [Initial]"
"17世紀頃","17th century [ca.]"
"加曽利E式または勝坂式","Kasori E or Katsuzaka"
"9世紀半ば原11世紀後半","9th century [Middle] - 11trh century [Second Half]"
"藤内1式","Tounai 1"
"狢沢式期並行","Mujinasawa [Parallel to] "
"焼町古式","Yakimachi [Early]"
"焼町新式","Yakimachi [Late]"
"曽利ⅣⅤ式","Sori IV - Sori V"
"曽利Ⅱb式","Sori IIb"
"曽利Ⅲ〜Ⅳ","Sori III - Sori IV"
"勝坂3-曽利Ⅱ","Katsuzaka 3 - Sori II"
"五領ヶ第Ⅱa式","Goryogadai IIa"
"五領ヶ第Ⅱb式","Goryogadai IIb"
"狢沢式5b","Mujinasawa 5b"
"箱清水式","Hakoshimizu"
"加曽利B1式期","Kasori B1"
"7世紀後半〜9世紀末頃","7th century [Second Half] - 9th century [Final ca.]"
"狢沢式期","Mujinasawa"
"神ノ木式","Kaminoki  "
"栗林2〜3式","Kuribayashi 2 - Kuribayashi 3"
"中道式","Nakamichi"
"15世紀代(14〜16世紀)","15th century [ca.] (14th - 16th century)"
"14世紀代(14〜16世紀)","14th century [ca.] (14th century - 16th century)"
"14世紀代(14〜15世紀)","14th century [ca.] (14th century - 15th century)"
"井戸尻1式","Idojiri 1"
"梨久保B式","Nashikubo B"
"井戸尻新式","Idojiri [Late]"
"井戸尻古式","Idojiri [Early]"
"押型文期","Oshigatamon"
"15800年前頃","15,800 years ago [ca.]"
"栗林式","Kuribayashi"
"沖2式","Oki 2"
"7世紀前半頃","7th century [First Half ca.]"
"17世紀末〜18世紀前葉","17th century [Final] - 18th century [Early]"
"12〜15世紀","12th century - 15th century"
"廻間Ⅰ式期","Hazama I"
"廻間Ⅱ式","Hazama II"
"山中式期","Yamanaka"
"14世紀後半〜15世紀後半","14th century [Second Half] - 15th century [Second Half]"
"15世紀終わり〜16世紀初め","15th century [Final] - 16th century [Initial]"
"奈良時代","Nara"
"4〜5世紀","4th century - 5th century "
"松河戸Ⅰ式","Matsukawado I"
"5世紀末〜6世紀前半","5th century [Final] - 6th century [First Half]"
"3世紀前半","3rd century [First Half]"
"16世紀末〜17世紀前半","16th century [Final] - 17th century [First Half]"
"13世紀前半頃","13th century [First Half ca.]"
"7世紀半ば","7th century [Middle] "
"741〜819年頃","741 - 819 AD [ca.]"
"石山式","Ishiyama"
"打越式","Otsukoshi"
"曽利Ⅴ式","Sori V"
"判ノ木山西式","Hannokiyamanishi "
"野島式","Nojima "
"曽利Ⅲ式期","Sori III"
"7世紀代〜8世紀初頭","7th century [ca.] - 8th century [Initial]"
"4〜5世紀代","4th century - 5th century [ca.]"
"宮滝式","Miyataki"
"4世紀〜7世紀","4th century - 7th century"
"下吉井式","Shimoyoshii"
"TK73型式期","TK73 Type"
"16世紀半ば〜後半もしくはそれ以前","16th century [Middle - Second Half or Before]"
"加曽利EⅣ式","Kasori EVI"
"清水柳E類","Shimizuyanagi E"
"入海Ⅰ式","Irimi I "
"入海Ⅱ式","Irimi II"
"10世紀中葉〜11世紀初頭","10th century [Middle] - 11th century [Initial]"
"押圧状文","Ouatsujoumon"
"北屋敷式","Kitayashiki"
"五領ヶ台Ⅰ式","Goryogadai I"
"諸磯式並行","Moroiso [Parallel to]"
"押形文土器併行","Oshigatamon [Parallel to] "
"葛原沢Ⅱ式併行","Kuzuharazawa II [Parallel to]"
"仲道A段階","Nakamichi Stage A"
"井戸尻Ⅲ式","Idojiri III"
"井戸尻Ⅰ〜Ⅱ式","Idojiri I - Idojiri III"
"安行Ⅰ式","Angyo I "
"大平A式","Oohira A"
"加曽利BⅠ式","Kasori B1"
"堀之内Ⅱ式〜加曽利BⅠ式","Horinouchi II - Kasori B1"
"14世紀前半〜中頃","14th century [First Half - Middle ca.]"
"7〜8世紀以前","Before 7th century - 8th century"
"隆起線文","Ryuukisenmon"
"12世紀前半","12th century [First Half]"
"12世紀後半〜13世紀初頭","12th century [Second Half] - 13th century [Initial]"
"9世紀〜11世紀","9th century - 11th century"
"12世紀末","12th century [Final]"
"7世紀前葉","7th century [Early]"
"神明式期","Shinmei"
"馬見塚式","Mamizuka"
" ",NA
"12世紀後年","12th century [Late]"
"朝日式1期","Asahi 1"
"朝日式2期","Asahi 2"
"高蔵式","Takakura"
"山中式","Yamanaka"
"廻間Ⅰ式","Hazama I"
"1060〜1080年頃もしくは11世紀末〜12世紀前葉","1060 - 1080 AD [ca.] or 11th century [Final] - 12th century [Early]"
"6世紀前〜中葉","6th century [Early - Middle]"
"朝日期","Asahi"
"貝田町式期","Kaidacho"
"12世紀後葉〜14世紀前葉","12th century [Late] - 14th century [Early]"
"13世紀後葉〜14世紀中葉","13th century [Late] - 14th century [Middle]"
"6世紀中葉、7世紀後葉","6th century [Middle], 7th century [Late]"
"6世紀後葉〜7世紀前葉","6th century [Late] - 7th century [Early]"
"7世紀後葉〜8世紀初頭","7th century [Late] - 8th century [Initial]"
"17世紀","17th century"
"高蔵〜見晴台式","Takakura - Miharashidai"
"朝日町式","Asahicho"
"桜井式","Sakurai"
"樫王式","Kashiou"
"ATより上位","Above AT"
"瓜郷上層第3様式","Upper Urigou 3rd Style"
"青山式","Aoyama"
"王江式","Tamae"
"長床式","Nagatoko"
"14世紀後葉〜15世紀前半","14th century [Late] - 15th century [First Half]"
"6世紀末〜7世紀前半","6th century [Final] - 7th century [First Half]"
"8世紀〜12世紀","8th century - 12th century"
"1361年の正平(康安)地震に伴う?","Contemporary to the 1361 Shouhei (Kouan) earthquake? "
"AT降灰前後","AT Tephra [ca.]"
"兼久式土器　4世紀中頃","Kaneku (4th century [Middle ca.])
"
"兼久式土器5世紀前半〜6世紀中頃","Kaneku (first half 5th century - middle 6th century)"
"兼久式土器6世紀中頃〜7世紀前半","Kaneku (middle 6th century -first half of 7th century)"
"兼久式土器6世紀前半〜7世紀前半","Kaneku (first half of 6th century -first half of 7th century)"
"兼久式土器6世紀中頃〜6世紀末","Kaneku (middle 6th century -end of 6th century)"
"平栫式土器","Hiragakoi"
"成川式土器","Narikawa"
"縄文時代早期土器","Incipient Jomon"
"早期土器","Early "
"塞ノ神Bｄ式","Sainokami Bd"
"笹貫式･須恵Ⅱ式(6世紀代)","Sasanuki / Sue II (6th century ca.)"
"神野牧系･轟式","Shinnomaki Type / Todoroki"
"中期条痕文土器","Middle Jomon Jokonmon"
"石坂式土器","Ishizaka"
"楕円押型文土器","Daenoshigatamon"
"後葉条痕文土器","Late Jokonmon"
"格子目押型文土器","Koushimemon Oshigatamon"
"加栗山式土器","Kakuriyama"
"曽畑式土器","Sobata "
"瀬戸内系撚糸文土器","Yoriitomon (Seto Inner sea type)"
"中期尖底条痕文土器","Middle Jomon Senteijokonmon"
"春日式土器","Kasuga"
"船元式土器","Funamoto"
"隆帯文土器","Ryutaimon"
"縄文土器","Jomon"
"岩本式･関東地方撚糸文式土器","Iwamoto / Kanto Area Yoriitomon"
"隆線文土器","Ryuusenmon"
"指宿式土器","Ibusuki "
"深浦式土器","Fukaura "
"入佐式土器","Irisa"
"西之薗式","Nishinosono"
"石坂Ⅰ･Ⅱ式","Ishizaka I / Ishizaka II"
"加栗山式？","Kakuriyama?"
"細石器文化期〜縄文時代草創期","Saisekki Culture - Incipient Jomon"
"条痕文土器","Joukonmon "
"岩本式土器","Iwamoto"
"中岳式土器","Nakadake"
"1世紀前半","1st century [First Half]"
"1471年(文明ボラ降下)直前ごろ","Immediately before Bunmei Bora in 1471 AD [ca.] "
"縄文晩期浅鉢","Final Jomon Asabachi"
"姶良火砕流時ナイフ形石器",NA
"紀元前8世紀前半〜紀元前6世紀後半鉢形土器",NA
"中津野式土器","Nakatsuno"
"15世紀後半〜17世紀半ば","15th century [Second Half] - 17th century [Middle]"
"指宿式土器･堀之内1式段階","Ibusuki / Horiuchinai 1 Stage "
"船元Ⅱ式","Funamoto II"
"春日式","Kasuga"
"深浦式日木山一般","Fukaura Hikiyama General "
"永野タイプ","Nagano Type"
"岩本タイプ","Iwamoto Type"
"紀元前9世紀初頭〜8世紀初頭","BC 9th century [Initial] - 8th century [Initial]"
"8世紀前半〜9世紀後半","8th century [First Half] - 9th century [Second Half]"
"紀元前4世紀中頃〜2世紀後半","BC 4th century [Middle] - 2nd century [Second Half]"
"14〜17世紀","14th century - 17th century"
"11世紀後半〜12世紀中葉頃","11th century [Second Half] - 12th century [Middle ca.]"
"17世紀後半頃と18世紀後葉頃","17th century [Second Half ca.] and 18th century [Late ca.]"
"11世紀〜12世紀前半","11th century - 12th century [First Half]"
"9世紀末〜10世紀","9th century [Final] - 10th century"
"16世紀〜17世紀","16th century - 17th century"
"刻目突帯文土器","Kizamimetottaimon"
"8世紀後半〜10世紀中頃","8th century [Second Half] - 10th century [Middle ca.]"
"貝殻条痕文土器","Kaigarajoukonmon"
"15世紀末〜17世紀前葉　",NA
"16世紀前半〜17世紀前半","16th century [First Half] - 17th century [First Half]"
"4世紀前半〜5世紀前半","4th century [First Half] - 5th century [First Half]"
"3世紀中頃〜4世紀後半","3rd century [Middle] - 4th century [Second Half]"
"2世紀前半〜3世紀前半","2nd century [First Half] - 3rd century [First Half]"
"5世紀初頭〜6世紀前半","5th century [Initial] - 6th century [First Half]"
"紀元前2世紀後半〜紀元後1世紀初頭","BC 2nd century [Second Half] - AD 1st century [Initial]"
"紀元前1世紀中頃〜紀元後1世紀中頃","BC 1st century [Middle ca.] - AD 1st century [Middle ca.]"
"3世紀中頃〜4世紀末","3rd century [Middle] - 4th century [Final]"
"15世紀中頃〜15世紀末","15th century [Middle ca. - Final]"
"3世紀前半〜4世紀中頃","3rd century [First Half] - 4th century [Middle ca.]"
"市来式土器","Ichiku "
"丸尾式土器","Maruo"
"西平式土器","Nishidaira"
"入来式土器","Iriki"
"一条突帯文土器","Ichijotottaimon"
"孔列文のある二条刻目突帯文土器　",NA
"中岳Ⅱ式土器","Nakadake II"
"入来Ⅰ式　甕形土器",NA
"5世紀前半〜6世紀前半","5th century [First Half] - 6th century [First Half]"
"7世紀中頃","7th century [Middle ca.]"
"16世紀中頃〜17世紀中頃","16th century [Middle ca.] - 17th century [Middle ca.]"
"岩崎式土器","Iwasaki "
"7世紀後半〜9世紀後半","7th century [Second Half] - 9th century [Second Half]"
"6世紀後半〜7世紀中頃","6th century [Second Half] - 7th century [Middle ca.]"
"5世紀中葉〜6世紀前半","5th century [Middle] - 6th century [First Half]"
"5世紀前葉〜6世紀前葉","5th century [Early] - 6th century [Early]"
"6世紀中葉〜後葉","6th century [Middle - Late]"
"2世紀中葉〜4世紀前葉","2nd century [Middle] - 4th century [Early]"
"4世紀後半〜5世紀前葉","4th century [Second Half] - 5th century [Early]"
"3世紀中葉〜4世紀前葉","3rd century [Middle] - 4th century [Early]"
"　",NA
"嘉徳式土器","Katoku"
"7世紀中葉〜8世紀後半","7th century [Middle] - 8th century [Second Half]"
"13世紀後半〜14世紀初頭","13th century [Second Half] - 14th century [Initial]"
"兼久式","Kaneku"
"9世紀後半(紫コラ)","9th century [Second Half] (Purple Kora Layer) "
"成川式","Narikawa"
"御領式･上加世田期","Goryou / Uekaseda"
"上加世田式","Uekaseda"
"8世紀後半〜10世紀後半","8th century [Second Half] - 10th century [Second Half]"
"10世紀〜11世紀","10th century - 11th century"
"11世紀後半〜12世紀","11th century [Second Half] - 12th century"
"17世紀中頃〜20世紀中頃","17th century [Middle ca.] - 20th century [Middle ca.]"
"11世紀〜12世紀","11th century - 12th century"
"11世紀前半〜12世紀中頃","11th century [First Half] - 12th century [Middle ca.]"
"11世紀中頃〜13世紀前半","11th century [ca.] - 13th century [First Half]"
"10世紀前半〜11世紀前半","10th century [First Half] - 11th century [First Half]"
"13世紀後葉","13th century [Late]"
"14世紀中頃〜後半","14th century [Middle - Second Half]"
"8世紀後半〜9世紀後半","8th century [Second Half] - 9th century [Second Half]"
"7世紀後半〜8世紀後半","7th century [Second Half] - 8th century [Second Half]"
"12世紀後半〜13世紀半ば","12th century [Second Half] - 13th century [Middle]"
"11世紀前半〜12世紀半ば","11th century [First Half] - 12th century [Middle]"
"11世紀半ば〜12世紀後半","11th century [First Half] - 12th century [Second Half]"
"11世紀後半〜13世紀初頭","11th century [Second Half] - 13th century [Initial]"
"突帯紋土器","Tottaimon"
"ナイフ型石器文化期","Knife-shaped stone culture"
"細石刃文化期","Saisekijin Culture "
"I群5類東海系北裏CⅡ式","Group 1 - 5 Tokai Type Kitaura CII "
"笹貫段階","Sasanuki Stage "
"粗製浅鉢土器","Asabachi (Coarse-ware)"
"笹貫式土器","Sasanuki"
"６〜7世紀","6th century - 7th century"
"市来式､伊佐式、黒川式土器","Ichiku, Isa, Kurokawa"
"中津野〜上能野式土器","Nakatsuno - Kamiyokino"
"入来Ⅱ式土器","Iriki II"
"黒川式土器","Kurokawa"
"轟B式土器","Todoroki B"
"東原式土器","Agaribaru"
"布留式土器","Furu"
"六ツ木火砕流","Mutsgi pyroclastic flow "
"夜臼式土器","Yuusu "
"板付Ⅰ･Ⅱ式土器","Itatsuke I / II"
"板付Ⅰ式土器","Itatsuke I"
"黒川式土器･松添式土器","Kurokawa / Matsuzoe "
"御領式土器","Goryou"
"南福寺式土器","Nanpukuji"
"阿高式土器","Adaka"
"阿高式(系)？","Adaka (type)?"
"阿高式(系)？･中津式土器","Adaka (type)? / Nakatsu "
"阿高式系？","Adaka type?"
"越高式土器","Koshidaka"
"塞ノ神式土器","Sainokami"
"轟式土器","Todoroki"
"13〜17世紀","13th century - 17th century "
"曽畑式土器･轟B式系土器","Sobata / Todoroki B Type"
"AT降灰以前","Before AT Tephra"
"AT降灰後","After AT Tephra"
"組織痕土器","Soshikikon"
"須玖Ⅰ式末","Sugu I [Final]"
"田村式(早水台Ⅱ期)","Tamura (Souzudai II)"
"4世紀末〜5世紀中頃","4th century [Final] - 5th century [Middle ca.]"
"山ノ寺式","Yamanotera"
"夜臼式単純","Yuusu "
"夜臼式","Yuusu"
"夜臼･板付I式共伴","Yuusu / Itatsuke I"
"第2･3群土器","2nd / 3rd Group"
"第1群土器","1st Group "
"突帯文甕","Tottaimon kame pot"
"三万田式前後？","Sanmanda [ca.]?"
"塞ノ神B式","Sainokami B"
"塞ノ神B式土器","Sainokami B"
"刺突文土器","Shitotsumon"
"15〜16世紀代","15th century - 16th century [ca.]"
"太郎迫式","Tarozako"
"御領式","Goryou"
"粗製土器(鐘崎式？)","Coarse-ware (Kanezaki?)"
"粗製土器","Coarse-ware"
"坂の下式","Sakanoshita"
"塞ノ神式","Sainokami"
"轟式系土器","Todoroki type"
"轟A","Todoroki A"
"苦浜？","Kubama? "
"塞ノ神B","Sainokami B"
"轟系？","Todoroki type?"
"三万田式期","Sanmanda"
"12世紀、15世紀後半〜16世紀","12th century, 15th century [Second Half] - 16th century"
"8世紀前後","8th century [ca.]"
"須玖Ⅱ併行","Sugu II [Parallel to]"
"須玖Ⅱ","Sugu II "
"須玖Ⅰ新","Sugu I [Late]   "
"須玖Ⅱ中〜後","Sugu II [Middle - Late]"
"16世紀前葉〜17世紀初頭","16th century [Early] - 17th century [Initial]"
"布留Ⅰ〜Ⅱ式土器","Furu I-II"
"布留1式","Furu1"
"布留1〜2式","Furu1-2"
"御手洗A式","Mitarai A"
"城ノ越式期","Jonokoshi"
"6世紀中頃","6th century [Middle ca.]"
"福田C式･船元式","Fukuda C / Funamoto"
"14〜16世紀","14th century - 16th century"
"7世紀前後","7th century [ca.]"
"古式土師器","Hajiki [Old]"
"土師器･7世紀","Hajiki / 7th century"
"土師器","Hajiki"
"6世紀〜13世紀","6th century - 13th century "
"1143年金堂焼失","1143 AD [Kondo burned down]"
"高三瀦","Takamizuma"
"9世紀中頃〜後半","9th century [Middle - Second Half]"
"6世紀後半〜末","6th century [Second Half - Final] "
"4世紀代","4th century [ca.]"
"6世紀代か","6th century ?"
"6世紀初頭","6th century [Initial]"
"8世紀か","8th century ?"
"須恵器･土師器･6世紀半","Sueki / Hajiki / 6th century [Middle]"
"16世紀中頃前後","16th century [Middle ca.]"
"12世紀代","12th century [ca.]"
"柏原式土器","Kashiwara"
"稲荷山式","Inariyama"
"轟5式","Todoroki 5"
"轟4式","Todoroki 4"
"12〜14世紀","12th century - 14th century "
"土師器･須恵器","Hajiki / Sueki"
"中世陶磁器？須恵器甕片","Medieval ceramics? Sueki-kame piece "
"板付Ⅰ式Aタイプ","Itatsuke I A type"
"板付Ⅱb式併行かやや下る時期","Itatsuke IIb or earlier "
"板付Ⅱc式併行","Itatsuke IIc [Parallel to]"
"7世紀末〜9世紀初頭","7th century [Final] - 9th century [Initial]"
"指宿式､三万田式","Ibusuki, Sanmanda"
"霧島御池テフラ","Kirishima Miike Tephra "
"17世紀前半〜後半･肥前陶磁器他","17th century [First Half - Second Half ] / Bizen Ware etc. "
"17世紀前半〜19世紀代･肥前陶磁器","17th century [First Half] - 19th century [ca.] / Bizen Ware "
"安国寺式袋状口縁壺","Ankokuji (Fukurojoukouen Jar)"
"須恵器","Sueki"
"19〜20世紀･染付椀･青磁椀他","19th century - 20th century / Sometsuke ware / Celadon-wan etc. "
"12〜13世紀･土師器･須恵器","12th century - 13th century [Hajiki / Sueki]"
"瀨戸内系土器","Setouchi type"
"17世紀後半","17th century [Second Half]"
"無文土器(工具ミガキ)","Mumon (Kogu Migaki) "
"納曽3式","Nouso 3"
"土師器･須恵器･製塩土器･9世紀後半〜11世紀","Hajiki / Sueki / Seien / 9th century [Second Half] - 11th century"
"土師器･須恵器･黒色土器A類･墨書土器･製塩土器･越州窯青磁(第Ⅱ類)･緑釉陶器(洛西型9世紀第3四半期)･9世紀後半〜11世紀)","Hajiki / Sueki / Kokushoku A / Bokusho / Seien / Esshu Seiji (II) / Ryokuyu (Rakusei type 9th century [3rd quarter] / 9th century [Second Half] - 11th century"
"須恵器･土師器窯","Sueki / Hajiki  "
"隆帯文期","Ryutaimon"
"9世紀末〜10世紀初頭･越州窯系青磁の椀Ⅰ類･須恵器甕","9th century [Final] - 10th century [Initial] / Esshuyou type Seiji-wan  I / Sue kame"
"14世紀後葉以降･龍泉窯系青磁椀","After 14th century / Longquan celadon type bowl"
"山ノ口式","Yamanokuchi   "
"中溝式","Nakamizo"
"免田式長頸壺","Menda Choukeiko Jar"
"6C後半〜7C初頭･須恵器杯身","6th century [Second Half] - 7th century [Initial] / Sue Pottery"
"9世紀土器","9th century pottery "
"須恵器･須志器","Sueki / "
"弥生土器","Yayoi"
"平栫式","Hiragakoi"
"平栫式･塞ノ神式","Hiragakoi / Senokan"
"押型文系土器","Oshigatamon"
"K-Ah降灰以降","After K-Ah [Tephra?]"
"松永5･6期","Matsunaga 5 - Matsunaga 6"
"松永4･5期","Matsunaga 4 - Matsunaga 5"
"松永3･4期","Matsunaga 3 - Matsunaga 4"
"4世紀中頃〜6世紀初頭","4th century [Middle ca.] - 6th century [Initial]"
"17C末以降","After 17th century [Final]"
"17C後半以降","After 17th century [Second Half]"
"8世紀中頃","8th century [Middle ca.]"
"6世紀末〜7世紀初頭","6th century [Final] - 7th century [Initial]"
"5世紀中頃〜後半","5th century [Middle - Second Half]"
"無文･押型文","Mumon / Oshigatamon"
"押型文･隆帯文","Oshigaramon / Ryutaimon"
"14世紀後半〜16世紀後半","14th century [Second Half] - 16th century [Second Half]"
"15世紀中葉〜16世紀初頭","15th century [Middle] - 16th century [Initial]"
"無刻目突帯文土器(黒川式新)","Mukizamimetottaimon (Kurokwa [Late])"
"知覧式土器","Chiran"
"アカホヤ火山灰の下位","Below Akahoya Tephra"
"15世紀後半〜16世紀初め頃･備前焼壺","15th century [Second Half] - 16th century [Initial ca.] / Bizenware jar"
"16世紀後半･白磁･輸入磁器等","16th century [Second Half] / Dehua porcelain / Imported pottery etc. "
"貝殻円筒形土器(下剥峯式土器)","Kaigaraentokei (Shimohagimine)"
"7世紀代･須恵器","7th century [ca.] / Sue pottery"
"早期末条痕文土器","Early [Final] Joukonmon"
"隆帯文土器2類","Ryutaimon 2 "
"5世紀頃","5th century [ca.]"
"9世紀後半･越州窯青磁水注","9th century [Second Half] / Esshuyou Seijisuichu pottery"
"11世紀前半以降","After 11th century [First Half]"
"10世紀末〜11世紀前半","10th century [Final] - 11th century [First Half]"
"鐘崎式土器･市来式土器","Kanezaki / Ichiku"
"押型文土器･撚糸文土器","Oshigatamon / Yoriitomon "
"9世紀代前半･土師器","9th century [First Half] / Haji ware"
"墨書土器","Bokusho"
"8世紀代後半〜9世紀代前半","8th century [Second Half] - 9th century [FIrst Half]"
"磨消縄文土器","Surikeshi Jomon"
"土師器､須恵器、瓦質土器、青磁、白磁、近世陶磁器","Hajiki / Sueki / Gashitsu / Seiji / Hakuji / Early modern pottery "
"5〜6世紀","5th century - 6th century "
"阿髙式土器","Adaka   "
"黒色磨研土器様式･三万田式並行期","Kokushokumaken type / Sanmanda [Parallel to]"
"黒色磨研土器様式の古閑式以降","Kokushokumaken type / After Koga "
"縄文土器･須恵器","Jomon / Sueki"
"5〜6世紀中頃","5th century - 6th century [Middle]"
"板付Ⅰ式古〜板付Ⅱa式","Itatsuke I [Early] - Itatsuke IIa"
"須玖Ⅰ式　","Sugu I"
"須玖Ⅰ式古段階","Sugu I [Early]"
"須玖Ⅰ式土器","Sugu I   "
"須恵器壺･土師器坏","Sueki / Hajiki "
"並木式･阿髙式","Namiki / Adaka"
"台形様石器","Trapezoid stone tool"
"6〜8世紀","6th century - 8th century "
"隆起文(無紋)","Ryuukimon (Mumon)"
"隆起文","Ryuukimon "
"兼久式土器","Kaneku"
"刻目凸帯付土器･板付式類似丹塗磨研壺","Kizamime tottaitsuki / Ninurimaken jar similar to Itatsuke type"
"磨研壺","Maken-ko"
"カヤウチバンタ式類似土器","Similar to Kayauchi Banda type ceramic "
"宇宿上層式･喜念Ⅰ式･条痕文土器･研磨土器","Upper Ushuku / Kinen I / Jokonmon / Kenma "
"面縄西洞式","Omonawaseido"
"嘉徳Ⅰ･Ⅱ式","Katoku I / II"
"3〜5世紀","3rd century - 5th century "
"7世紀前葉前後、6〜8世紀･兼久式土器","7th century [Early ca.], 6th century - 8th century / Kaneku pottery"
"本野タイプ","Honno Type"
"上水流タイプ","Kamizuru Type"
"亀ノ甲式","Kamenoko"
"須恵器･8〜9世紀","Sueki / 8th century - 9th century"
"須恵器･8〜10世紀","Sueki/ 8th century - 10th century"
"弥生後期土器","Late Yayoi"
"手捏土器･土師器･須恵器","Tezukune / Hajiki / Sueki "
"5世紀後半〜末","5th century [Second Half - Final]"
"5世紀前半〜中葉","5th century [First Half - Middle]"
"4世紀末〜5世紀前葉","4th century [Final] - 5th century [Early]"
"土師器･5世紀前半〜中葉","Hajiki / 5th century [First Half - Middle]"
"大畑G式併行","Oohata G [Parallel to]"
"縄文条痕文土器","Jomon Jokonmon"
"花積下層式併行","Lower Hamazumi [Parallel to]"
"糸条痕文土器","Itojyoukonmon"
"花積下層式併行期","Lower Hamazumi [Parallel to]"
"日向前B式","Hinatamae B"
"北前式","Kitamae"
"早期末葉","Early [Final]"
"前期後半","Early [Second Half]"
"常世1世","Tokoyo 1st generation"
"薄手無文土器","Usudemumon"
"田戸下層式","Lower Tado"
"常世1世式","Tokoyo 1st generation"
"常世2世式","Tokoyo 2nd generation"
"野島式・槻木1式","Nojima / Tsukinoki 1"
"野島式・槻木2式","Nojima / Tsukinoki 2"
"早期後葉","Early [Late]"
"早期後葉~末葉","Early [Late - Final]"
"大木1式","Daigi 1"
"大木1式併行","Daigi 1 [Parallel to]"
"常世2式(32に同じ)","Tokoyo 2nd generation (same as 32)"
"大木7b式~8a式","Daigi 7b - Daigi 8a"
"大木7ｂ式","Daigi 7b"
"大木7ｂ式期","Daigi 7b"
"大木5式期","Daigi 5"
"大木7b式期","Daigi 7b"
"古墳時代前期初頭","Early Kofun [Initial]"
"古墳前期後葉","Early Kofun [Late]"
"弥生後期末葉","Late Yayoi [Final]"
"弥生後期後葉","Late Yayoi [Late]"
"弥生後期前葉","Late Yayoi [Early]"
"弥生中期末葉","Middle Yayoi [Final]"
"弥生中期中葉","Middle Yayoi [Middle]"
"弥生中期前葉","Middle Yayoi [Early]"
"縄文晩期中葉","Final Jomon [Middle]"
"縄文晩期後葉","Final Jomon [Late]"
"弥生前期","Early Yayoi"
"縄文晩期末葉","Final Jomon [Final]"
"後北C1式期","Kouhoku C1"
"刻文系","Kokubun type"
"沈線文系","Chinsenmon type"
"貼付文系（藤本e群）","Haritsukemon type (Fujimoto e group)"
"貼付文系（藤本d群）","Haritsukemon type (Fujimoto d group)"
"十和田式","Towada"
"トビニタイⅡ","Tobinitai II"
"宇田川後期","Udagawa [Late]"
"貼付文系","Haritsukemon type"
"宇津内Ⅱa式","Utsunai IIa"
"刻文～貼付文系","Kokubun - Haritsukemon"
"宇津内Ⅱa式・Ⅱb式","Utsunai IIa, Utsunai IIb"
"宇津内Ⅱa式・後北A式","Utsunai IIa, Kouhoku A"
"宇津内Ⅱb式","Utsunai IIb"
"貼付文系（藤本dないしe群）","Haritsukemon type (Fujimoto d or Fujimoto e group)"
"弊舞式～興津式","Nusamai - Okitsu"
"弊舞式・聖山式","Nusamai - Seizan"
"弊舞式","Nusamai"
"宇田川前期","Udagawa [Early]"
"後北C2・D式","Kouhoku C2, Kouhoku D"
"宇田川中期～後期","Udagawa [Middle - Late]"
"貼付文系？","Haritsukemon type"
"宇津内Ⅱb式？","Utsunai IIb?"
"宇津内Ⅱb式～後北C1式","Utsunai IIb - Kouchoku C1"
"沈線文系並行","Chinsenmon type equivalent"
"元町2式","Motomachi 2"
"宇田川晩期","Udagawa [Final]"
"幣舞式？","Nusamai?"
"二枚橋式並行","Nimaibashi [Parallel to]"
"大洞A'式並行","Oobora A' [Parallel to]"
"御殿山式並行？","Gotenyama [Parallel to?]"
"北大Ⅲ式","Hokudai III"
"後北C2-D式","Kouhoku C2-D"
"後北C2-D式（新）","Kouhoku C2-D [Late]"
"後北A式まで","before Kouhoku A"
"大洞C2式-A1式並行","Oobora C2 - Oobora A1 [Parallel to]"
"H37丘珠（古）","H37Okadama [Early]"
"H37丘珠（中）","H37Okadama [Middle]"
"H37丘珠（中）～H317（古）（時期","H37Okadama - H317 [Early]"
"H37丘珠（中）～H317（古）",""
"H317（古）","H317 [Early]"
"H317（古）～H37栄町","H317 [Early] - H37 Sakaemachi "
"H37栄町（新）","H37Sakaemachi [Late]"
"江別太1-アヨロ2b","Ebetsubuto 1 - Ayoro 2b"
"江別太1-アヨロ2b～","Ebetsubuto 1 - Ayoro 2b -"
"H37栄町（新）～江別太1-アヨロ","H37Sakaemachi [Late] - Ebetsubuto1 - Ayoro"
"江別太1-アヨロ2ｂ～","Ebetsubuto 1 - Ayoro 2b -"
"大洞A'式並行在地系","Local type parallel to Oobora A'"
"大洞A式併行（括弧文＋条痕）","Oobora A [Parallel to] (Kakkomon + Joukon)"
"大洞A式併行（乱れた括弧文）","Oobora A [Parallel to] (Kakkomon in disorder)"
"大洞A式併行（縄文のみ）","Oobora A [Parallel to] (only Jomon)"
"大洞A式併行（縄線文＋貼付帯）","Oobora A [Parallel to] (Josenmon + Harituketai)"
"大洞A式併行（括弧文）","Oobora A [Parallel to]  (Kakkomon)"
"大洞C2式併行（大型鉢、垂下屈曲文）","Oobora C2 [Parallel to] (Oogatabachi, Suikakukkyokumon)"
"大洞C2式併行（平行沈線）","Oobora C2 [Parallel to] (Heikouchinsen)"
"円形・刺突文土器群","Enkei, Shitotsumon group"
"御殿山式","Gotenyama"
"後北A式・宇津内ⅡB式","Kouhoku A, Utsunai IIB"
"後北C1式","Kouhoku"
"伊達山式直前ないし伊達山式の頃","Immediately before or at Datesan [ca]"
"十和田式？","Towada?"
"十和田式～刻文系","Towada - Kokubun"
"恵山式","Esan I"
"1600年頃","1600 [ca.]"
"13世紀末頃","13th century [Final ca.]"
"17世紀初めから半ばまで","17th century [Initial - Middle]"
"円筒土器下層式期","Lower Ento"
"恵山１式？","Esan I?"
"上ノ国式（大洞B-C式並行）","Kaminokuni (Parallel to Ooboro B - Ooboro C)"
"在地系（大洞C2式古段階並行）","Local type (Parallel to Oobora C2 [Early Stage])"
"𩸽澗式","Hokkema"
"Ma-b（摩周b）の可能性が高い","Ma-b (likely to be Mashu b) "
"KpⅥ再堆積","KpVI redeposition"
"11世紀後半～13世紀代","11th century [Second Half] - 13th century [ca.]"
"貼付文期","Haritsukemon"
"Kc-4テフラ","Kc-4 Tephra"
"十和田期","Towada "
"～鈴谷期","- Susuya period "
"刻文期","Kokubun"
"刻文～沈線文期","Kokubun - Chinsenmon"
"東釧路Ⅴ式","Higashikushiro V"
"Ma-k","Ma-k"
"トコロ６類","Toroko 6 type"
"摩周lテフラ(Ma-l)直下","Immediately before Mashu I Tephra"
"摩周b火山灰","Mashu b Tephra"
"緑ヶ岡式","Midorigaoka"
"興津式",NA
"Ta-aとKo-c2の間","Between Ta-a and Ko-c2"
"先土器期","Sendoki"
"先土器Ⅱ期","Sendoki II"
"石刃鏃文化,十勝縄文Ⅰd期","Sekijinzoku culture, Tokachijomon Id"
"暁式（十勝縄文Ⅰa期）","Akatsuki (Tokachi Jomon Ia)"
"繊維尖底丸底土器（十勝縄文Ⅲa・b期）","Senisenteimaruzoko (Tokachi Jomon IIIa, Tokachi Jomon IIIb)"
"東釧路Ⅱ・Ⅲ式相当（十勝縄文Ⅱa・b期）","Higashikushiro II, Higashikushiro III (Tokachi Jomon IIa, IIb)"
"コッタロ・東茶路式相当（十勝縄文Ⅱa・b期）","Kottaro, Higashicharo equivalent (Tokachi Jomon IIa, IIb)"
"東釧路Ⅳ式相当（十勝縄文Ⅱc期）","Higashikushiro IV equivalent (Tokachi Jomon IIc)"
"Ta-d降灰後に形成","After Ta-d"
"屈斜路カルデラの火砕流（約3万年前）と関連がある可能性","Possibly relating to pyroclastic flow of Kssharo Caldera (approx. 30,000 years ago)"
"10万年位前？","100,000 years ago? "
"モコト式","Mokoto"
"モコト式以降","After Mokoto"
"タプコプ式","Tapukopu"
"後北C2・D式期","Kouhoku C2, Kouhoku D"
"円筒土器上層式期","Upper Ento"
"天神山式期","Tenjinyama"
"北筒式期","Hokutou"
"9世紀後半から10世紀初頭頃","9th century [Second Half] - 10th century [Initial ca.]"
"B-Tmテフラ（10世紀初頭）","B-Tm Tephra (10th century [Initial]) "
"11～12世紀","11th century - 12th century "
"北大期","Hokudai"
"北大式期","Hokudai"
"恵山式併行","Esan [Parallel to?]"
"大狩部期併行","Ookaribe [Parallel to]"
"東釧路Ⅳ式期","Higashikushiro IV"
"柏木川式期","Kashiwagigawa"
"大津式期","Ootsu"
"タプコプ式期","Tapukopu"
"北筒式","Hokutou"
"1739年前後","1739 [ca.]"
"1739年以降","After 1739"
"5世紀より古い","Before 5th century "
"後北B式期","Kouhoku B "
"後北B式～Ｃ1式","Kouhoku B - KOuchoku C1  "
"10世紀か","10th century [?]"
"大麻Ⅴ式","Ooasa V"
"コッタロ式","Kottaro, Higashicharo equivalent (Tokachi Jomon IIa, IIb)"
"堂林式～𩸽澗式","Dorin - Hokkema"
"円筒土器上層式、サイベ沢Ⅶ式、萩ヶ岡1・2式とそれらに併行する押型文土器","Upper Ento , Sibesawa VII, Hagigaoka 1, Hagigaoka 2 and Oshigatamon parallel to thereof"
"柏木川式","Kashiwagigawa"
"入江式","Irie "
"堂林式・三ツ谷式・御殿山式に相当","Dorin, Mitsuya, Godenyama equivalent"
"煉瓦台式","Rengadai"
"東釧路Ⅱ式・Ⅲ式、コッタロ式、中茶路式、東釧路Ⅳ式に相当","Higashikushiro II, Hiashikushiro III, Kottaro, Nakacharo, Higashikushiro IV equivalent"
"細石刃石器群前半期","Saisekijinsekki group [First half]"
"忍路子型細石刃石器群","Oshorokko type Saisekijinsekki group"
"手稲式、𩸽間式に相当","Teine, Hokkema equivalent"
"大洞A式、大洞A'式に相当","Oobora A, Oobora A equivalent "
"東釧路Ⅲ式","Higashikushiro III"
"後北B式（古）？","Kouhoku B (Early?)"
"後北B式","Kouhoku B "
"東釧路Ⅱ式","Higashikushiro II"
"8世紀後半～9世紀初頭","8th century [Second Half] - 9th century [Initial]"
"8世紀後半～9世紀中葉","8th century [Second Half] - 9th century [Middle]"
"9世紀初頭～9世紀中葉","9th century [Initial] - 9th century [Middle]"
"9世紀前半期","9th century [First Half]"
"14世紀よりも古い","Before 14th century"
"静内中野式相当","Shizunainakano [Parallel to]"
"静内中野式併行","Shizunainakano [Parallel to]"
"円筒下層a・b式併行","Lower Ento a, Lower Ento b [Parallel to]"
"Ⅱ期（1640年駒ケ岳噴火～1663年有珠山噴火）","II (Komagadake eruption in 1640 - Usuzan eruption in 1663)"
"Ⅰ期（1663年有珠山噴火以降）","I (After Ususan eruption in 1663) "
"Ⅲ期（1640年駒ケ岳噴火以前）","III (Before Komagadake eruption in 1640)"
"1663年以前","Before 1663"
"中茶路式相当","Nakacharo [Parallel to]"
"B-Tm降下以降","After B-Rm Tephra"
"貝殻条痕文系平底土器群","Kaigarajoukonmon type heitei pottery group"
"中茶路式","Nakacharo"
"タプコプ式？","Tapukopu?"
"円筒土器下層a式","Lower Ento a"
"円筒上層式、余市式","Upper Ento, Yoichi"
"細石刃石器群","Saisekijinsekki group"
"煉瓦台式、天祐寺式","Rengadai, Tenyuji"
"煉瓦台式、涌元式","Rengadai, Wakimoto"
"涌元式、螢沢式に相当","Wakimoto, Hotarusawa equivalent"
"大澗式","Ooma"
"中茶路式あるいは東釧路Ⅳ式","Nakacharo or Higashikushiro IV"
"桔梗野式","Kikyouno"
"東釧路Ⅳ式","Higashikushiro IV"
"サイベ沢Ⅴ式","Saibesawa V"
"サイベ沢Ⅶ式","Saibesawa VIIb"
"榎林式相当","Enokibayashi equivalent"
"サイベ沢Ⅶb式期","Saibesawa VIIb"
"見晴町式","Miharashicho"
"サイベ沢Ⅶb式","Saibesawa VIIb"
"湧元式","Wakimoto"
"トリサキ式","Torisaki"
"手稲式","Teine"
"大津式","Ootsu"
"大洞B式併行","Oobora B [Parallel to]"
"大木系","Daigi Type"
"アルトリ式","Arutori-type"
"住吉町式","Sumiyoshicho "
"大安在B式相当","Ooanzai B equivalent"
"大安在B式、ノダップⅡ式、煉瓦台式に相当","Ooanzai B, Nodappu II, Rengadai equivalent"
"天祐式、涌元式","Tenyuji, Okemoto"
"サイベ沢Ⅶ、見晴町式","Saibesawa VII, Miharashicho"
"大木8a式に比定","Daigi 8a "
"円筒土器下層c式（古段階）","Lower Ento c [Early Stage]"
"円筒土器下層b式（新段階）","Lower Ento b [Late Stage]"
"円筒土器下層式","Lower Ento"
"サイベ沢Ⅶ～見晴町式","Saibesawa VII - Miharashicho"
"サイベ沢Ⅶ式（古段階）","Saibesawa VII [Early Stage]"
"サイベ沢Ⅶ式（新段階）～見晴町式","Saibesawa VII [Late Stage] - Miharashicho"
"サイベ沢Ⅶ式（新段階）","Saibesawa VII [Late Stage]"
"サイベ沢Ⅶ式古段階","Saibesawa VII [Early Stage]"
"サイベ沢Ⅶ式新段階","Saibesawa VII [Late Stage]"
"鳥崎式","Torizaki"
"天祐寺式、涌元式、鳥崎式、大津Ⅶ群、白坂３式、十腰内Ⅰ式に相当ないしは並行","Tenyuji, Okemoto, Torisaki, Otsu VII group, Shirasaka, Tokoshinai I equivalent or parallel"
"サイベ沢Ⅶ式古手","Saibesawa VII [Early]"
"見晴町式？","Miharashicho?"
"サイベ沢Ⅵ～Ⅶa式","Saibesawa VI - VIIa"
"天祐寺、涌元、トリサキ式、大津式、白坂３式に相当、十腰内Ⅰ式に並行","Tenyuji, Okemoto, Torisaki, Otsu, Shirasaka 3 equivalent,  Tokoashinai I [Parallel to]"
"円筒上層式並行","Upper Ento [Parallel to]"
"駒ヶ岳テフラ","Komagadake Tephra"
"天祐式～涌元式","Tenyuji - Okemoto"
"大津式かそれ以降","Ootsu or after Ootsu"
"サイベ沢Ⅶ式相当～見晴町式相当","Saibesawa VII equivalent - Miarashicho equivalent"
"堂林式、三ツ谷式、湯の里３式に相当","Dorin, Mitsuya, Yunosato 3 equivalent"
"白坂３式","Shirasaka 3"
"天祐寺式","Tenyuji"
"後北B～C1式頃","Kouhoku B - Kouchoku C1 [ca.]"
"後北C1式頃","Kouhoku C1 [ca.]"
"円筒系、古武井式が相当（上層a）","Ento type, Kobui equivalent (Upper a)"
"榎林式の古いタイプ","Enokibayashi [Early]"
"大安在B式第二段階の新しいタイプ","Ooanzai B 2nd Stage [new type]"
"大安在B式第二段階","Ooanzai B 2nd Stage "
"大安在B式第一段階","Ooanzai B 1st Stage"
"ウサクマイC・船泊上層・手稲・ホッケマ式に相当","Usakumai C, Upper Funadomari, Teine, Hokkema type equivalent"
"Ta-c降下前","Before Ta-c"
"堂林式～御殿山式","Dorin - Godenyama"
"虎杖浜式","Kojouhama"
"テンネル暁式","Tennel Akatsuki"
"萩ヶ岡1式","Hagigaoka 1"
"余市式～入江式・大津式","Yoichi - Irie, Otsu"
"1739年以前","Before 1739"
"鈴木（2003）の円形・刺突文土器","Enkei, Shitotsumon of Suzuki (2003)"
"円筒下層c式またはd式","Lower Ento c or Lower Ento d"
"円筒土器下層d2式","Lower Ento d2"
"榎林式、大安在B式、ノダップⅡ式などに相当","Enokibayashi, Ooanzai B, Nodappu II etc. equivalent"
"9世紀前葉","9th century [Early]"
"8世紀末頃の可能性","Possibly 8th century [Final ca.]"
"円筒土器下層式に相当","Lower Ento equivalent"
"円筒土器上層式、サイベ沢Ⅶ式、見晴町式に相当","Upper Ento, Saibe VII, Himarashicho equivalent "
"天祐寺式、涌元式、トリサキ式、大津式、白坂３式に相当","Tenyuji, Okemoto, Torisaki, Otsu, Shirasaka 3 equivalent  "
"円筒土器下層b式","Lower Ento b"
"大安在B式～ノダップⅡ式時期の重複","Ooanzai B - Nodappu II [duplication]"
"大安在B式（新手）","Ooanzai B (New)"
"ノダップⅡ式","Nodappu II"
"サイベ沢Ⅶ式～見晴町式","Saibesawa VII - Miharashicho"
"サイベ沢Ⅶ式前後","Saibesawa VII [ca.]"
"サイベ沢Ⅶ式～見晴町式期","Saibesawa VII - Miharashicho"
"大安在B式期","Ooanzai B"
"大安在B式～ノダップⅡ式","Ooanzai B - Nodappu II"
"天祐寺式、涌元式、トリサキ式、大津式、白坂3式に相当する（床面出土土器）","Tenyuji, Okemoto, Torisaki, Otsu, Shirasaka 3 equivalent  (Yukamenshutsudo Pottery)"
"天祐寺式、涌元式、トリサキ式、大津式、白坂3式に相当する","Tenyuji, Okemoto, Torisaki, Otsu, Shirasaka 3 equivalent  "
"大洞C1式、大洞C2式とこれに並行する在地の土器群","Oobora C1, Oobora C2 and Local pottery group parallel thereof"
"円筒土器下層d1～d2式に相当","Lower Ento d1 - Lower Ento d2 equivalent"
"円筒土器下層b～c式に相当","Lower Ento b - Lower Ento c equivalent"
"円筒土器下層b式に相当","Lower Ento b equivalent"
"天祐寺式、涌元Ⅰ・Ⅱ式、トリサキ式、入江式、白坂３式に相当","Tenyuji, Okemoto I, Okemoto II, Torisaki, Irie, Shirasaka 3 equivalent "
"櫛目文土器（熊谷第3段階）","Kushimemon (Kubatani 3rd Stage)"
"16世紀末～17世紀前半","16th century [Final] - 17th century [First Half]"
"萩ヶ岡１式","Hagigaoka 2"
"北筒Ⅱ式","Hokutou II"
"北筒Ⅱ～Ⅲ式","Hokutou II - Hokutou III"
"𩸽間式～堂林式期","Hokkema - Dorin"
"北筒Ⅱ～Ⅲ式期","Hokutou II - Hokutou III"
"中茶路式期","Nakacharo"
"𩸽間式期","Hokkema"
"北筒Ⅱ式期","Hokutou II"
"（中期後半～後期初頭の可能性も否定できない）","(Possibly Second half of Middle - Initial of Late"
"東釧路Ⅱ～Ⅲ式期","Higashikushiro II, Higashikushiro III "
"貝殻文期","Kaigaramon"
"白滝Ⅰ群に共伴","Shirataki I [together with]"
"広郷型細石器刃核石器群に共伴","Hirosato type Saisekijinkakusekki group [together with]"
"服部台型もしくは広郷型の石器群に共伴の可能性","Possibly together with Hattori daikei or Hirosato type sekki group"
"有舌尖頭器石器群以前（広郷型細石刃核石器群との関連性は不明）","Before Yuzetsusentouki (unsure about the relationship with Hirosato type saisekijinkaku sekki group)"
"服部台型石刃石器群もしくは広郷型細石刃核石器群に共伴の可能性","Possibly together with Hattori daikei sekijin sekki group or Hirosato type sekki group"
"広郷型細石刃核石器群に共伴の可能性","Possibly Hirosato type Saisekijinkakusekki group"
"有舌尖頭器石器群に共伴の可能性？","Possibly together with Yuzetsusentouki sekki group?"
"広郷型細石刃核石器群に関連の可能性？","Possibly Hirosato type Saisekijinkakusekki group?"
"17世紀末～18世紀初め","17th century [Final] - 18th century [Initial]"
"17世紀前葉～後葉","17th century [Early - Late]"
"厚真1式","Atsuma 1"
"突瘤文","Tsukikobumon"
"円筒土器下層c式ないしその直前","Lower Ento c or immediately before"
"円筒土器下層d1式～上層b式期","Lower Ento d1 - Upper Ento b"
"円筒土器下層d式","Lower Ento d"
"涌元式、大津式","Wakimoto, Ootsu"
"円筒土器下層d2式期","Lower Ento d2"
"緑ヶ岡式古段階","Midorigaoka [Early stage]"
"多重横位沈線の擦文深鉢頚部","Satsumon"
"押型文尖底土器","Oshigatamonsentei"
"貼付文土器","Haritsukemon"
"押型文尖底土器期","Oshigatamonsentei"
"摩周テフラ","Mashu Tephra"
"後北C2-D","Kouhoku C2-D"
"大柿様相Ⅳ段階･6世紀後半〜末","Oogaki style Stage IV, 6th Century [Second half - final]"
"大柿様相Ⅱ段階･5世紀末〜6世紀初頭","Oogaki  style Stage II, 5th century [final] - 6th century [Middle ca.]"
"大柿様相Ⅲ段階･6世紀中頃","Oogaki style Stage III, 6th century [Middle ca.]"
"畿内第Ⅰ様式新段階併行","Kinai I Style [Late] [Parallel to]"
"13世紀後半以降","After 13th century [Second Half]"
"宮滝式深鉢","Miyataki Fukabachi"
"16世紀末〜17世紀初め","16th century [Final] - 17th century [Initial]"
"17世紀以降","After 17th century"
"19世紀中葉〜後葉","19th century [Middle - Late]"
"7世紀第1四半期頃","7th century [First Quarter ca.]"
"12世紀後半〜15世紀前半","12th century [Second Half] - 15th century [First Half]"
"8世紀初頭から前葉","8th century [Initial - Early]"
"真鍋編年Ⅴ-4期","Manabehennen V-4"
"羽鳥下層式･三連刺突文･D字形爪形文･船元Ⅱ式･里木Ⅱ･Ⅲ式",NA
"縄紋時代晩期突帯文土器","Jomon [Final] Tottaiomn"
"舟津原式の新しい時期〜谷尻式",NA
"黒色研磨土器","Kokushokumaken"
"5世紀前後","5th century [ca.]"
"大洞式土器","Oobora"
"倉岡式(突帯文)","Kuraoka (Tottaimon)"
"突帯文or弥生","Tottaimon or Yayoi"
"晩期突帯文系･粗形甕","Tottaimon [Final] Type, Coarse ware"
"沢田式湾曲1条","Sawada type Wankyoku 1 jo"
"沢田式粗製　グラ","Sawada type Coarse-ware  gura"
"沢田式砲弾1条","Sawada type Hougan 1 jo"
"無刻目突帯文土器","Mukizamimetottaimon"
"紀元前１世紀初頭～紀元後1世紀中頃",NA
"8世紀末～9世紀中頃",NA
"1～3世紀",NA
"紀元前2世紀末～1世紀中頃",NA
"11世紀前半～12世紀中頃",NA
"7世紀前半～中頃",NA
"９世紀後半～１０世紀後半",NA
"8世紀後半～9世紀後半",NA
"8世紀後半～9世紀後半と10世紀前半～10世紀中頃",NA
"15世紀後半～17世紀前半",NA
"9世紀前半～後半",NA
"11世紀～12世紀頃",NA
"市田2期～3期",NA
"市田2期",NA
"大歳山式、鷹島式",NA
"AT火山灰降灰直後",NA
"庄内式古相",NA
"庄内式新相",NA
"784～794年頃",NA
"14世紀前半～16世紀後半",NA
"15世紀中葉以降",NA
"14世紀前～中葉以降",NA
"布留0～1式",NA
"布留0式古相",NA
"布留0式新相",NA
"布留0式？",NA
"庄内3式？",NA
"庄内3式",NA
"布留1式古",NA
"6～7世紀",NA
"滋賀里式",NA
"庄内式期？",NA
"9世紀末頃～10世紀代？",NA
"10世紀～11世紀",NA
"6世紀末～7世紀初頭頃？",NA
"12～13世紀",NA
"12世紀前半頃",NA
"1102年頃？",NA
"北白川上層3",NA
"凸帯文3",NA
"大和第Ⅰ様式？",NA
"布留式古・中",NA
"布留式古",NA
"布留式古？",NA
"畿内三",NA
"畿内一",NA
"畿内一新",NA
"凸帯文2-3",NA
"庄内期",NA
"藤原宮期",NA
"14世紀中頃～後半（大和H1型羽釜の蔵骨器）",NA
"14世紀末～15世紀初頭",NA
"篠原式ないしそれ以前",NA
"～庄内期",NA
"同像の年輪年代は813年（照合年輪数が100層に満たないため「年輪年代の判断には慎重を期すべき」）",NA
"7世紀末～8世紀初頭",NA
"神宮寺式（古段階）",NA
"飛鳥Ⅱ新段階",NA
"7世紀中ごろ～後半",NA
"6世紀後半～末",NA
"庄内式～布留式",NA
"5～6世紀",NA
"土壌形成中にK-Ah降灰？（テフラ分析）",NA
"庄内式後半～布留式初め頃",NA
"北白川上層式",NA
"TK47～MT15型式",NA
"ＭＴ15～TK10型式",NA
"TK23～TK10型式",NA
"布留",NA
"古い年代と予想",NA
"河内Ⅱ-2・3期",NA
"一乗寺K式～元住吉山Ⅰ式",NA
"13～14世紀",NA
"北白川上層",NA
"8世紀末～9世紀初頭",NA
"豊臣前期以前",NA
"13世紀前葉～中葉",NA
"河内Ⅰ-2～3式",NA
"滋賀里Ⅰ式～Ⅲ式",NA
"滋賀里Ⅰ式",NA
"～14世紀初頭",NA
"15世紀中頃～16世紀中頃",NA
"7世紀末～8世紀中頃",NA
"8世紀から9世紀、もしくは13世紀前半の可能性",NA
"6世紀中頃～7世紀前半頃",NA
"6世紀前半頃～7世紀初頭頃",NA
"縄文時代早期後葉～前期中葉頃",NA
"北裏Ｃ式",NA
"上ノ山Ｚ式",NA
"凸帯文土器Ⅳ期",NA
"凸帯文土器Ⅴ期",NA
"福田KⅡ式",NA
"7世紀初頭",NA
"7世紀中ごろ～9世紀初頭",NA
"7世紀中頃～後半",NA
"7世紀代二四半期頃",NA
"畿内第Ⅳ期-1～2（前葉）",NA
"畿内第Ⅲ期",NA
"畿内第Ⅳ期-3～4（中葉）～5（後葉）",NA
"畿内第Ⅲ期～第Ⅳ期",NA
"12世紀末～13世紀初頭",NA
"庄内式古段階末頃",NA
"3世紀後葉",NA
"1550年頃",NA
"突帯文または弥生時代前期",NA
"畿内第Ⅳ様式",NA
"器内第Ⅱ様式初頭",NA
"6世紀前半～後半",NA
"第Ⅴ期",NA
"第Ⅳ期",NA
"第Ⅶ期",NA
"16世紀頃",NA
"12世紀～19世紀",NA
"11世紀後半～12世紀前半",NA
"12～14世紀",NA
"8世紀後半以降？",NA
"５世紀前葉",NA
"15～17世紀",NA
"16～17世紀",NA
"13世紀末～15世紀",NA
"6世紀前葉以前",NA
