"SiteName","Furigana","ToCheck"
"鹿乗川遺跡群","かのりがわりゅういきいせきぐん",TRUE
"朝日遺跡","あさひいせき",FALSE
"朝日遺跡第14次","あさひいせき",TRUE
"西側北遺跡","なかごうにしいせき　にしがわきたいせき",TRUE
"馬見塚遺跡","たけいうまみつかいせき",TRUE
"炉畑遺跡","ろばたいせき",FALSE
"桐野遺跡","きりのいせき　など",TRUE
"滋賀公園遺跡",NA,TRUE
"平手町遺跡","ひらてちょういせき",FALSE
"猫島遺跡","ねこじまいせき",FALSE
"松河戸遺跡","まつかわどいせき",FALSE
"山中遺跡","やまなかいせき",FALSE
"牛牧遺跡","うしまきいせき",FALSE
"南山畑遺跡","みなみやまはたいせき",FALSE
"秋田県仁賀保町",NA,TRUE
"物見坂Ⅲ遺跡","ものみざかさんいせき",FALSE
"古館堤頭Ⅱ遺跡",NA,TRUE
"柏子所Ⅱ遺跡",NA,TRUE
"砕渕遺跡","じゃきぶちいせき",FALSE
"ヲフキ遺跡","をふき",TRUE
"虫内Ⅰ遺跡",NA,TRUE
"戸平川遺跡","とびらかわ",TRUE
"岱Ⅱ遺跡","たいにいせき",FALSE
"奥椿岱遺跡","おくつばきたいいせき",FALSE
"日廻岱B遺跡","ひまわしたいびーいせき",FALSE
"向様田A遺跡","むかいさまだえいいせき",FALSE
"向様田D遺跡","むかいさまだでーいせき",FALSE
"中屋敷Ⅱ遺跡",NA,TRUE
"雨宮古墳",NA,TRUE
"近野遺跡","ちかのいせき",FALSE
"是川中居遺跡","これかわなかいいせき",TRUE
"風張(1)遺跡",NA,TRUE
"一王寺遺跡","いちおうじいせき",FALSE
"砂沢遺跡","すなざわいせき",FALSE
"田向冷水遺跡","たむかいひやみずいせき",TRUE
"史跡垂柳遺跡",NA,TRUE
"高樋（3）遺跡","たかひかっこさんいせき",FALSE
"東道ノ上（3）遺跡","ひがしみちのかみかっこさんいせき",FALSE
"米山(2)遺跡",NA,TRUE
"三内沢部(3)遺跡",NA,TRUE
"楢館遺跡","ならだていせき",FALSE
"川原平(1)遺跡",NA,TRUE
"三内丸山(9)遺跡",NA,TRUE
"潟野遺跡","かたのいせき",FALSE
"富ノ沢(2)遺跡",NA,TRUE
"新田遺跡","しんでんいせき",FALSE
"田代遺跡","たしろいせき",FALSE
"三内丸山遺跡","さんないまるやまいせき",FALSE
"根井沼(3)遺跡",NA,TRUE
"羽黒館グランド遺跡",NA,TRUE
"森ケ沢遺跡",NA,TRUE
"玉ノ井遺跡","たまのいいせき",FALSE
"取掛西貝塚(5)",NA,TRUE
"宮内井戸作遺跡","みやうちいどさくいせき",FALSE
"志摩城跡","しまじょうあと",FALSE
"米倉・大境遺跡",NA,TRUE
"加曽利貝塚","かそりかいづか",FALSE
"道免き谷津遺跡","どうめきやついせきだい3ちてん(2)･(3)",TRUE
"三直貝塚","みのうかいづか",FALSE
"間見穴遺跡","まみあないせき",FALSE
"荒海貝塚",NA,TRUE
"野田貝塚",NA,TRUE
"六崎外出遺跡","むつざききそとでいせき",FALSE
"大坪貝塚",NA,TRUE
"太田長作遺跡","おおたながさくいせき",FALSE
"西根遺跡","にしねいせき",FALSE
"粟島台遺跡","あわしまだいいせき",FALSE
"古込Ⅴ遺跡",NA,TRUE
"船ヶ谷遺跡","ふながたにいせき",TRUE
"阿方遺跡","あがたいせき",FALSE
"阿方遺跡2次","あがたなかやいせき",TRUE
"阿方遺跡7次","あがたなかやいせき",TRUE
"阿方遺跡(試掘調査)",NA,TRUE
"阿方遺跡4次","あがたなかやいせき",TRUE
"上黒岩遺跡",NA,TRUE
"上黒岩周辺",NA,TRUE
"大渕遺跡","おおぶちいせき",FALSE
"古照遺跡","こでらいせき",TRUE
"吉野ヶ里遺跡","よしのがりいせき",FALSE
"礫石B遺跡",NA,TRUE
"葛川遺跡","くずかわいせき",FALSE
"下稗田遺跡","しもひえだいせき",FALSE
"貫川西遺跡",NA,TRUE
"貫川遺跡","ぬきがわいせき",FALSE
"曰佐遺跡1次","おさいせき",TRUE
"板付遺跡34次（板付会館）","いたづけいせき",TRUE
"雀居遺跡","ささいいせき",FALSE
"那珂君休遺跡4次",NA,TRUE
"高畑遺跡18次",NA,TRUE
"屏風谷遺跡",NA,TRUE
"居徳遺跡","いとくいせきぐん",TRUE
"貫川5遺跡",NA,TRUE
"貫川2遺跡",NA,TRUE
"貫川7遺跡",NA,TRUE
"貫川10遺跡",NA,TRUE
"屋敷遺跡","おおやしきいせき２",TRUE
"石田遺跡","いしだいせき",FALSE
"大肥条里遺跡地区","おおひじょうりよしたけちく",TRUE
"石木中高遺跡","いしきなかたかいせき",FALSE
"比恵遺跡","ひえいせきぐん",TRUE
"菜畑遺跡",NA,TRUE
"権現脇遺跡",NA,TRUE
"玉沢地区条里跡遺跡第7次調査","たまざわちくじょうりあと",TRUE
"大分川採集資料",NA,TRUE
"黒丸遺跡","くろまるいせき",FALSE
"深堀貝塚","ふかほりかいづか",FALSE
"門前遺跡","もんぜんいせき",FALSE
"里田原遺跡","さとたばるいせき",FALSE
"原の辻遺跡","はるのつじいせき",FALSE
"八ノ坪遺跡","はちのつぼいせき",TRUE
"上小田宮の前遺跡","かみおだみやのまえいせき",FALSE
"玉名平野条里跡遺跡",NA,TRUE
"上北島塚ノ本遺跡","かみきたじまつかのもといせき",FALSE
"古島榎崎遺跡","こじまえのきざきいせき",TRUE
"井尻B遺跡","いじりびーいせき",TRUE
"黄幡1号遺跡","おうばんいちごういせき",FALSE
"上之塚古墳",NA,TRUE
"府中石田遺跡","ふちゅういしだいせき",FALSE
"鳥浜貝塚","とりはまかいづか",FALSE
"雀居遺跡4次","ささいいせき",TRUE
"福重稲木2次",NA,TRUE
"免",NA,TRUE
"力武内畑遺跡7次",NA,TRUE
"大原D遺跡",NA,TRUE
"松木田遺跡","まつきだいいせき",TRUE
"橋本一丁田遺跡","はしもといっちょうだいせき",TRUE
"横隈山遺跡","よこくまやまいせき　に",TRUE
"有田遺跡","ありたいせきぐん",TRUE
"寺地川遺跡",NA,TRUE
"戸入村平遺跡","とにゅうむらだいらいせき",FALSE
"富田清友遺跡",NA,TRUE
"東千町遺跡","ひがしちまちいせき",FALSE
"小御所遺跡","おごそいせき",FALSE
"花ノ湖遺跡",NA,TRUE
"大草遺跡",NA,TRUE
"松原遺跡","まつばらいせき",FALSE
"唐堀遺跡","からほりいせき",FALSE
"五反田遺跡","すえのごたんだいせき",TRUE
"モヨロ貝塚",NA,TRUE
"有珠4遺跡","うすよんいせき",FALSE
"戸井貝塚","といかいづか",FALSE
"伊達市有珠4遺跡",NA,TRUE
"高砂貝塚",NA,TRUE
"有珠ポンマ遺跡",NA,TRUE
"浜中2遺跡","はまなかにいせき",FALSE
"天寧1遺跡",NA,TRUE
"臼尻小学校遺跡","うすじりしょうがっこういせき",FALSE
"生渕2遺跡","なまぶちにいせき",FALSE
"対雁2遺跡","ついしかりにいせき",FALSE
"大正7遺跡","たいしょうなないせき",FALSE
"大正3遺跡","たいしょうさんいせき",FALSE
"K36遺跡","けいさんじゅうろくいせき",FALSE
"C504遺跡","しいごひゃくよんいせき",FALSE
"H519遺跡","えっちごひゃくじゅうきゅういせき",FALSE
"K435遺跡","けいよんひゃくさんじゅうごいせき",FALSE
"K135遺跡","けいひゃくさんじゅうごいせき",FALSE
"K113遺跡","けいひゃくじゅうさんいせき",FALSE
"来運1遺跡","らいうんいちいせき",FALSE
"馬場小路遺跡","ばばこうじいせき",FALSE
"妙音寺遺跡","みょうおんじいせき",FALSE
"上台遺跡","かみだいいせき",FALSE
"下谷ヶ地平C遺跡",NA,TRUE
"岩下A1次遺跡",NA,TRUE
"羽白C1次遺跡",NA,TRUE
"神奈川県足柄下郡箱根町",NA,TRUE
"浦尻貝塚","うらじりかいづか",FALSE
"安芸国分寺跡",NA,TRUE
"武庫庄遺跡","むこのしょういせき",FALSE
"口酒井遺跡","くちさかいいせき",TRUE
"上沢遺跡","かみさわいせき",FALSE
"本山遺跡",NA,TRUE
"戎町遺跡","えびすちょういせき",FALSE
"新方遺跡","しんぽういせき",FALSE
"垂水日向遺跡",NA,TRUE
"大開遺跡","だいかいいせき",FALSE
"塩田北山東古墳","しおたきたやまひがしこふん",FALSE
"岩屋遺跡",NA,TRUE
"玉津田中遺跡","たまつたなかいせき",FALSE
"美乃利遺跡","みのりいせき",FALSE
"東武庫遺跡",NA,TRUE
"長砂渚遺跡","ながすななぎさいせき",FALSE
"花室川",NA,TRUE
"村松白根遺跡","むらまつしらねいせき",FALSE
"小松貝塚",NA,TRUE
"六十原A遺跡","ろくじゅうはらAいせき",FALSE
"滝ノ沢遺跡","たきのさわいせき",FALSE
"丸子館遺跡",NA,TRUE
"牡丹畑遺跡","ぼたんばたけいせき",FALSE
"九年橋遺跡","くねんばしいせき",FALSE
"飯島遺跡","いいじまいせき",FALSE
"中屋サワ遺跡","なかやさわいせき",FALSE
"八日市地方遺跡","ようかいちじかたいせき",FALSE
"大友西遺跡","おおともにしいせき",FALSE
"吉崎・次場遺跡","よしさき　すばいせき",FALSE
"三引遺跡","みびきいせき",FALSE
"大長野A遺跡",NA,TRUE
"乾A遺跡",NA,TRUE
"御経塚シンデン遺跡","おきょうづかしんでんいせき、おきょうづかしんでんこふんぐん",TRUE
"御経塚遺跡(デト地区)","おきょうづかいせき",TRUE
"御経塚遺跡(ブナラシ地区)","おきょうづかいせき",TRUE
"真脇遺跡","まわきいせき",FALSE
"力持遺跡","ちからもちいせき",FALSE
"御所野遺跡","ごしょのいせき",FALSE
"田中遺跡","たなかいせき",FALSE
"山井遺跡","やまいいせき",FALSE
"長谷堂遺跡",NA,TRUE
"上台Ⅰ遺跡","うわだいいⅠいせき",FALSE
"金附遺跡","かねつきいせき",FALSE
"大橋遺跡","おおはしいせき",FALSE
"大新町遺跡","だいしんちょういせき",FALSE
"湯舟沢遺跡",NA,TRUE
"薬師堂の古墳",NA,TRUE
"上中段遺跡","かみなかだんいせき",FALSE
"小倉前遺跡","おぐらまえいせき",FALSE
"広田遺跡2005年調査","まつぎひろたいせき",TRUE
"縄文杉",NA,TRUE
"上土棚南遺跡","かみつちだなみなみいせき",FALSE
"三角山Ⅰ遺跡","さんかくやまいちいせき",FALSE
"仁田尾遺跡","にたおいせき",FALSE
"一湊松山遺跡","いっそうまつやまいせき",FALSE
"中ノ原遺跡","なかのはらいせき",TRUE
"中尾田遺跡","なかおたいせき",FALSE
"市ノ原遺跡第5地点","いちのはらいせきだいごちてん",TRUE
"榎木原遺跡Ⅲ","えのきばるいせき",TRUE
"市ノ原遺跡第3地点","いちのはらいせきだい3ちてん",TRUE
"王子遺跡","おうじいせき",FALSE
"成川遺跡","なりかわいせき",FALSE
"干迫遺跡","ほしざこいせき",FALSE
"山ノ中遺跡","やまのなかいせき",FALSE
"前原遺跡","まえはらいせき",FALSE
"芝原遺跡","しばはらいせき",FALSE
"桐木耳取遺跡","きりきみみとりいせき",FALSE
"加栗山遺跡","かくりやまいせき　ほか",TRUE
"万福寺No.1遺跡",NA,TRUE
"風呂ノ口遺跡","ふろのくちいせき",FALSE
"屋久島",NA,TRUE
"上ノ村遺跡３地点","かみのむらいせき",TRUE
"仁井田遺跡","にいだいせき",TRUE
"美良布遺跡","びらふいせき",FALSE
"刈谷我野遺跡","かりやがのいせき",TRUE
"湯屋原遺跡",NA,TRUE
"林・坊城遺跡","はやし・ぼうじろいせき",FALSE
"龍川四条遺跡","たつかわしじょういせき",FALSE
"川津下樋遺跡","かわつしもといいせき",FALSE
"前田東・中村遺跡","まえだひがしなかむらいせき",FALSE
"鴨部・川田遺跡","かべ・かわたいせき",FALSE
"鬼ヶ野遺跡","おにがのいせき",FALSE
"屋久川遺跡",NA,TRUE
"奥ノ仁田遺跡","おくのにたいせき",FALSE
"三本松遺跡","さんぼんまついせき",FALSE
"居石遺跡","おりいしいせき",FALSE
"東中筋遺跡","ひがしなかすじいせき",FALSE
"長浜貝塚",NA,TRUE
"礼田崎貝塚",NA,TRUE
"原口遺跡","はるぐちいせき",TRUE
"稲荷山貝塚","いなりやまかいづか",FALSE
"笠抜遺跡","かさぬきいせき",TRUE
"平沢同明遺跡",NA,TRUE
"真田・北金目遺跡群","さなだ　きたかなめいせきぐん",TRUE
"赤坂遺跡",NA,TRUE
"篠原大原遺跡","しのはらおおはらいせき",FALSE
"羽根尾貝塚",NA,TRUE
"藩校集成館",NA,TRUE
"小田原城下本町遺跡","おだわらじょうかほんちょうだいいちちてん",TRUE
"杉田貝塚",NA,TRUE
"中屋敷遺跡","なかなかやしきいせき",TRUE
"山王遺跡1次",NA,TRUE
"御幸木部遺跡群","みゆききべいせきぐん",FALSE
"岩倉忠在地遺跡","いわくらちゅうざいちいせき",FALSE
"上里遺跡","うわざといせき",FALSE
"北白川追分町遺跡","きょうとだいがくほくぶこうないいせき",TRUE
"宇治市街遺跡","うじしがいいせき",FALSE
"川上中縄手遺跡A地区","かわかみなかなわていせき　えいちく",TRUE
"鴻ノ木遺跡","こうのきいせき",FALSE
"十三塚遺跡",NA,TRUE
"原遺跡","上野原遺跡",TRUE
"北台遺跡","きただいいせき",FALSE
"中在家南遺跡",NA,TRUE
"高田B遺跡",NA,TRUE
"三輪野山遺跡","みわのやまきたうらいせき",TRUE
"カラカミ遺跡","からかみいせき",FALSE
"泉福寺洞窟",NA,TRUE
"出雲崎漁港",NA,TRUE
"吹上遺跡","ふきあげいせき",FALSE
"釜蓋遺跡","かまぶたいせき",FALSE
"滝寺古窯跡群","たきでらこようせきぐん",FALSE
"養海山遺跡",NA,TRUE
"青田遺跡","あおたいせき",FALSE
"大曲遺跡","にしおおまがりいせき",TRUE
"分谷地A遺跡","わけやちえいいせき",FALSE
"美女遺跡","びじょういせき",FALSE
"長野県飯田市畑ノ沢地区",NA,TRUE
"仲町遺跡","なかまち",TRUE
"力石条里遺跡群","ちからいしじょうりいせきぐん",FALSE
"東畑遺跡","ひがしばたいせき",FALSE
"遠山川河床",NA,TRUE
"女鳥羽川遺跡",NA,TRUE
"石行遺跡","いしぎょういせき",FALSE
"川西開田遺跡","かわにしかいでんいせき",FALSE
"目切遺跡",NA,TRUE
"篠ノ井遺跡群高速道地点",NA,TRUE
"星光山荘B遺跡","せいこうさんそうびーいせき",FALSE
"新田原遺跡","なりますしんでんばらいせき",TRUE
"刈谷原遺跡",NA,TRUE
"曲川遺跡","まがりかわいせき",FALSE
"京奈和自動車道関係遺跡観音寺・本間地区",NA,TRUE
"箸墓古墳",NA,TRUE
"別所辻堂遺跡","べっしょしつじどういせき",FALSE
"東田大塚古墳",NA,TRUE
"矢塚古墳",NA,TRUE
"纏向遺跡",NA,TRUE
"大福遺跡","だいふくいせきにしのみやくろだちく",TRUE
"纏向石塚墳丘墓",NA,TRUE
"唐古=鍵遺跡",NA,TRUE
"清水風遺跡","からこかぎいせきしみずかぜいせき",TRUE
"道尻手遺跡","どうじっていせき",FALSE
"道下遺跡","どうげいせき",FALSE
"黒姫洞窟",NA,TRUE
"高添土木園A区遺跡",NA,TRUE
"四日市遺跡","よっかいちいせき",FALSE
"若宮宮ノ前遺跡",NA,TRUE
"深町遺跡","ふかまちいせき",FALSE
"政所遺跡","まんどころいせき",FALSE
"釘野千軒遺跡",NA,TRUE
"浦久保遺跡","ほうちぼうよこあなぼぐん　ふるぞのうらくぼいせき",TRUE
"菅無田遺跡","すがむたいせき",FALSE
"生野遺跡","かみいくのいせき",TRUE
"内河野遺跡","うちかわのいせき",FALSE
"小城原遺跡","こじょうばるいせき",FALSE
"米竹遺跡","よねたけいせき",FALSE
"大道遺跡７次",NA,TRUE
"玉沢地区条里跡遺跡第3次調査","たまざわちくじょうりあと",TRUE
"下郡遺跡","しもごおりいせき",FALSE
"脇遺跡",NA,TRUE
"大道遺跡５次",NA,TRUE
"大道遺跡15次",NA,TRUE
"二日市洞穴","ふつかいちどうけつ",FALSE
"大道遺跡24次",NA,TRUE
"大道遺跡20次",NA,TRUE
"大道遺跡23次",NA,TRUE
"神ノ原遺跡",NA,TRUE
"彦崎貝塚","ひこざきかいづか",FALSE
"犬島貝塚",NA,TRUE
"鬼ノ城遺跡","きのじょう",TRUE
"涼松遺跡",NA,TRUE
"南方前池遺跡",NA,TRUE
"南方(済生会)遺跡",NA,TRUE
"川入Ⅱ遺跡",NA,TRUE
"東山遺跡","ひがしやまいせき",FALSE
"上伊福遺跡","かみいふくいせき",FALSE
"南方釜田遺跡",NA,TRUE
"百間川原尾島遺跡","ひゃっけんがわはらおじまいせき",FALSE
"百間川原尾島4遺跡",NA,TRUE
"高松田中遺跡","たかまつたなかいせき",FALSE
"百間川沢田3遺跡",NA,TRUE
"領家遺跡","りょうけいせき",FALSE
"樋ヶ鼻遺跡","といがはないせき",FALSE
"伊福定国前遺跡","いふくさだくにまえいせき",FALSE
"今帰仁城跡","なきじんじょうせき",FALSE
"黄島貝塚",NA,TRUE
"南溝手遺跡","みなみみぞていせき",FALSE
"津堅貝塚","つけんかいづか",FALSE
"前原貝塚","めーばるかいづか",FALSE
"大堂原貝塚","うふどうばるかいづか",FALSE
"百按司墓木棺",NA,TRUE
"西田H遺跡",NA,TRUE
"牟礼遺跡","たけむれいせき",TRUE
"池島・福万寺遺跡",NA,TRUE
"若江北遺跡","わかえきたいせき",FALSE
"山賀遺跡","やまがいせき",FALSE
"美園遺跡","みそのいせき",FALSE
"亀井遺跡","かめいいせき",FALSE
"新上小阪遺跡","しんかみこさかいせき",FALSE
"私部南遺跡","きさべみなみいせき",FALSE
"上の山遺跡",NA,TRUE
"八尾南遺跡","やおみなみいせき",FALSE
"讃良郡条里遺跡",NA,TRUE
"宮ノ下遺跡","みやのしたいせき",FALSE
"水走遺跡","みずはいいせき",FALSE
"瓜生堂遺跡","うりゅうどういせき",FALSE
"木の本遺跡","きのもといせき",FALSE
"久宝寺遺跡","きゅうほうじいせき",FALSE
"瓜破遺跡","うりわりいせき",FALSE
"安満遺跡",NA,TRUE
"芝生遺跡","しいがまる～ しぼういせき",TRUE
"今城塚古墳",NA,TRUE
"南太閤山Ⅰ遺跡",NA,TRUE
"野尻遺跡","かみのじりいせき",TRUE
"坂長第7遺跡",NA,TRUE
"国府関遺跡","こうせきいせき",FALSE
"南割・西久保遺跡","みなみわり　にしくぼいせき",TRUE
"大江前遺跡","おおえまえいせき",FALSE
"中原遺跡","なかはらいせき",FALSE
"水子貝塚",NA,TRUE
"寿能遺跡",NA,TRUE
"新開遺跡","しんかいいせき",FALSE
"西原大塚遺跡","にしはらおおつかいせき",FALSE
"SFC（湘南藤沢キャンパス内）遺跡",NA,TRUE
"粟津湖底遺跡第3貝塚","あわつこていいせき",TRUE
"琵琶湖",NA,TRUE
"竜ヶ崎A遺跡","りゅうがさきえいいせき",FALSE
"赤野井浜遺跡","あかのいはまいせき",FALSE
"入江内湖遺跡","いりえないこいせき",FALSE
"下之郷遺跡","しものごういせき",FALSE
"二ノ畦・横枕遺跡","にのあぜ　よこまくらいせき",TRUE
"経田遺跡","たいさんじきょうでんいせき",TRUE
"播磨田城遺跡","はりまだじょういせき",FALSE
"出持遺跡","いずもちいせき",FALSE
"島根大学構内遺跡","しまねだいがくこうないいせき",FALSE
"築山遺跡","つきやまいせき",FALSE
"矢野遺跡","やのいせき",FALSE
"万場Ⅰ遺跡","ばんばいちいせき",FALSE
"堀部第1遺跡","ほりべだいいちいせき",FALSE
"貝谷遺跡","かいたにいせき",FALSE
"西川津遺跡","にしかわついせき",FALSE
"中野清水遺跡","なかのしみずいせき",FALSE
"山持遺跡","",FALSE
"神原神社古墳","かんばらじんじゃこふん",FALSE
"青木遺跡","あおきいせき",FALSE
"板屋Ⅲ遺跡",NA,TRUE
"下山遺跡",NA,TRUE
"田和山遺跡","たわやま いせき",FALSE
"山津遺跡","ぬやまづいせき",TRUE
"大津町北遺跡","おおつまちきたいせき",FALSE
"山持遺跡6区",NA,TRUE
"山持遺跡IV","",TRUE
"清水天王山遺跡",NA,TRUE
"後谷遺跡","せごだにいせき（だいよんじちょうさ）",TRUE
"梶子遺跡","かじこいせき",FALSE
"蜆塚貝塚",NA,TRUE
"平沼吹上遺跡",NA,TRUE
"寺野東遺跡","てらのひがしいせき",FALSE
"薬師寺稲荷台遺跡","やくしじいなりだいいせき",FALSE
"南広間地遺跡","みなみひろまちいせき",FALSE
"庄・蔵本６次",NA,TRUE
"庄・蔵本06西病棟",NA,TRUE
"古屋岩陰",NA,TRUE
"江古田2遺跡",NA,TRUE
"北江古田遺跡",NA,TRUE
"庄遺跡","にしのしょういせき",TRUE
"矢野遺跡Ⅱ","やのいせき",TRUE
"武蔵国分寺跡","むさしこくぶんじあと",FALSE
"田端遺跡","たばたいせき",FALSE
"神明上遺跡","しんめいうえいせき",FALSE
"下宅部遺跡","しもやけべいせき",FALSE
"下野谷遺跡","したのやいせき",FALSE
"御殿山遺跡","ごてんやまいせき",FALSE
"忠生遺跡",NA,TRUE
"新井三丁目遺跡","あらいさんちょうめいせき",FALSE
"遠藤山遺跡","えんどうやまいせき",FALSE
"駒形遺跡","こまがたいせき",FALSE
"梅白遺跡","うめじろいせき",FALSE
"宮の前遺跡","みやのまえいせき",FALSE
"生石2遺跡","おいしにいせき",FALSE
"北柳１遺跡",NA,TRUE
"高瀬山遺跡","たかせやまいせき",FALSE
"小山崎遺跡","こやまざきいせき",FALSE
"高瀬山1期遺跡",NA,TRUE
"砂子田遺跡","すなごだいせき",TRUE
"西向遺跡","にしむかいいせき",FALSE
"小田島城遺跡",NA,TRUE
"小反遺跡","こぞりいせき",FALSE
"山形西高敷地内遺跡","やまがたにしこうしきちないいせき",FALSE
"寺前遺跡","てらまえいせき",FALSE
"銚子塚古墳",NA,TRUE
"石之坪遺跡","いしのつぼいせき　ひがしちく",TRUE
"京原遺跡",NA,TRUE
"塚越遺跡","つかこしいせき",FALSE
"向原遺跡","むかいはらいせき",FALSE
"天神堂遺跡","てんじんどういせき",FALSE
"高畑遺跡","たかばたけいせき",FALSE
"原町農道改良遺跡",NA,TRUE
"茨野遺跡","ばらのいせき",FALSE
"漆下遺跡","うるししたいせき",FALSE
"野辺地蟹田(10)遺跡",NA,TRUE
"畑内遺跡","はたないいせき",FALSE
"市子林遺跡","いちこばやしいせき",TRUE
"田向遺跡","たむかいいせき",FALSE
"笹の沢(3)遺跡",NA,TRUE
"青谷上寺地遺跡","あおやかみじちいせき",FALSE
"馬場前遺跡","ばばまえいせき",FALSE
"井野長割遺跡","いのながわりいせき",TRUE
"南作遺跡","みなみさくいせき",FALSE
"墨古沢南Ⅰ遺跡",NA,TRUE
"上野原遺跡","上野原遺跡",FALSE
"古市遺跡","ふるいちいせき",FALSE
"魚見ケ原遺跡",NA,TRUE
"諏訪牟田遺跡（旧農業センター遺跡）","すわむたいせき",TRUE
"吉田遺跡",NA,TRUE
"姪浜遺跡3次",NA,TRUE
"藤崎遺跡32次","ふじさきいせき",TRUE
"東畑瀬遺跡","ひがしはたぜいせき6Gく（しゅうげんいんあと）",TRUE
"大野遺跡","おおのいせき",FALSE
"栃川遺跡",NA,TRUE
"常安遺跡","つねやすおうじんのもりいせき",TRUE
"東峰遺跡","ひがしみねいせきだいに・よんちてん",TRUE
"塚奥山遺跡","つかおくやまいせき",FALSE
"旭久保C遺跡",NA,TRUE
"陣場遺跡","きよさとじんばいせい",TRUE
"天神原遺跡","てんじんばるいせき",FALSE
"道前久保遺跡",NA,TRUE
"上ノ久保遺跡","かみのくぼいせき",FALSE
"武井遺跡",NA,TRUE
"稲干場遺跡","いなほしばいせき",FALSE
"石畑遺跡","いしはたいせき",FALSE
"町B遺跡","さかえまちびいいせき",TRUE
"割田A遺跡","わりたえーいせき",FALSE
"栗木内遺跡","くりきうちいせき",FALSE
"南倉沢遺跡","なぐらさわいせき",FALSE
"横町遺跡","よこまちいせき",FALSE
"上安原遺跡","かみやすはらいせき",FALSE
"伊勢山遺跡","おいせやまいせき",TRUE
"江ノ島遺跡",NA,TRUE
"下ノ根遺跡",NA,TRUE
"油壺遺跡",NA,TRUE
"一尾貝塚",NA,TRUE
"タチバナ遺跡","たちばないせき",FALSE
"中里遺跡",NA,TRUE
"仲内遺跡","なかうちいせき",FALSE
"上野2遺跡","うえのにいせき",FALSE
"港北ニュータウン内高山遺跡",NA,TRUE
"港北ニュータウン内新崎町遺跡",NA,TRUE
"港北ニュータウン内二の丸遺跡",NA,TRUE
"室谷洞窟",NA,TRUE
"前山A遺跡",NA,TRUE
"長峯遺跡",NA,TRUE
"聖石遺跡",NA,TRUE
"高木遺跡","たかぎいせき",FALSE
"堂平遺跡","どうだいらいせき",FALSE
"下モ原Ⅲ遺跡",NA,TRUE
"正面ヶ原A遺跡",NA,TRUE
"荒城遺跡","あらじょういせき",FALSE
"郷ノ沢遺跡",NA,TRUE
"鬼塚遺跡","おにづかいせき",FALSE
"浅間山古墳","せんげんやまこふん",FALSE
"長者屋敷遺跡","ちょうじゃやしきいせき",FALSE
"ハマナス野遺跡","はまなすのいせき",FALSE
"御井戸遺跡","おいどえいいせき",TRUE
"八幡遺跡",NA,TRUE
"十勝太若月遺跡",NA,TRUE
"大麻(AO2-3）遺跡",NA,TRUE
"サクシュコトニ川遺跡","",TRUE
"金場遺跡","かなばいせき",FALSE
"大川遺跡","おおかわいせき",FALSE
"イマヨイ6遺跡",NA,TRUE
"ナガラバル東遺跡",NA,TRUE
"ウガンヒラー北方遺跡",NA,TRUE
"シショツカ古墳",NA,TRUE
"川原田遺跡","かわらだいせき",FALSE
"赤沢B遺跡","あかさわびーいせき",FALSE
"中小前田2遺跡","なかおまえだにいせき",FALSE
"猿田Ⅱ遺跡",NA,TRUE
"原東遺跡","はらひがしいせき",FALSE
"川尻中村遺跡","かわしりなかむらいせき",FALSE
"大鹿窪遺跡","おおしかくぼいせき",FALSE
"三矢田遺跡","みやたいせき",FALSE
"西ヶ原貝塚","にしがはらかいづか",FALSE
"多摩ニュータウンNo.243遺跡","たまにゅーたうんなんばーにひゃくよんじゅうさん・にひゃくよんじゅうよんいせき",TRUE
"多摩ニュータウンNo.520遺跡","たまにゅーたうんなんばーごひゃくにじゅういせき",FALSE
"忍岡遺跡","うえのしのぶおかいせきぐん　とうきょうこくりつぶんかざいけんきゅうじょしんえいよていちちてん",TRUE
"極楽寺遺跡","ごくらくじいせき",FALSE
"開ヶ丘狐谷Ⅲ遺跡","ひらきがおかきつねだにさんいせき",FALSE
"卯ノ木遺跡","うのきいせき",FALSE
"桑森遺跡",NA,TRUE
"梅之木遺跡","うめのきいせき",FALSE
"石之坪西遺跡",NA,TRUE
"桂野遺跡","かつらのいせき",FALSE
"おんだし遺跡",NA,TRUE
"羽黒山遺跡","はぐろやまいせき",FALSE
"下河原崎谷中台遺跡","しもかわらざきやなかだいいせき",FALSE
"下土師東遺跡","しもはじひがしいせき",FALSE
"廻り地A遺跡","まわりりちえいいせき",FALSE
"境松遺跡",NA,TRUE
"橋元遺跡","はしもといせき",FALSE
"橋爪遺跡","はしづめいせき",FALSE
"根鹿北遺跡","ねじかきたいせき",FALSE
"山川古墳群",NA,TRUE
"十王堂遺跡","じゅうおうどういせき",FALSE
"上境旭台貝塚",NA,TRUE
"常陸真崎古墳群","ひたちまさきこふんぐん",FALSE
"真壁城跡","まかべじょうあと",FALSE
"泉坂下遺跡","いずみさかしたいせき",FALSE
"大谷貝塚","おおやかいづか",FALSE
"谷ッ道遺跡",NA,TRUE
"長者山遺跡","ちょうじゃやまいせき",FALSE
"東中根遺跡","ひがしなかねいせきぐん",TRUE
"南三島遺跡","みなみみしまいせき １・２く",TRUE
"猫松遺跡","ねこまついせき",FALSE
"馬渡埴輪製作遺跡","まわたりはにわせいさくいせき",FALSE
"豊岡宮前遺跡","とよおかみやまえいせき",TRUE
"武田遺跡","たけだ・いしだかいせき",TRUE
"武田石高遺跡","たけだ・いしだかいせき",FALSE
"三反田上河原遺跡",NA,TRUE
"大田房貝塚",NA,TRUE
"三反田遺跡",NA,TRUE
"武田西塙遺跡","たけだにしはなわいせき",FALSE
"薬師入遺跡","やくしいりいせき",FALSE
"陸平貝塚","おかだいらかいづか",FALSE
"狢谷津遺跡","むじなやついせき",FALSE
"御新田遺跡","ごしんでんいせき",FALSE
"山崎北遺跡","やまざききたいせき",FALSE
"鹿沼流通業務団地内遺跡","かぬまりゅうつうぎょうむだんちないいせき",FALSE
"鹿島脇遺跡","かしまわきいせき",FALSE
"春日遺跡","かすがいせき",TRUE
"祗園城跡",NA,TRUE
"佐貫洞穴遺跡",NA,TRUE
"ハッケトンヤ遺跡","はっけとんやいせき",FALSE
"磯岡遺跡","いそおかいせき",FALSE
"下陰遺跡Ⅱ","しもかげいせき",TRUE
"樺崎渡戸古窯跡","かばさきわたどこようあと",FALSE
"曲田遺跡","まがったにいせき",FALSE
"権現山遺跡 SG5区","ごんげんやまいせき",TRUE
"権現山遺跡2区","ごんげんやまいせき",TRUE
"権現山遺跡4区","ごんげんやまいせき",TRUE
"権現山遺跡SG1区","ごんげんやまいせきえすじいいちく",FALSE
"御霊前遺跡Ⅰ",NA,TRUE
"砂田遺跡","すなだいせき",FALSE
"四十八塚古墳群","しじゅうはちづかこふんぐん",FALSE
"寺野東遺跡Ⅲ",NA,TRUE
"上金枝Ⅰ遺跡",NA,TRUE
"上林遺跡","かんばやしいせき",FALSE
"新郭遺跡","しんくるわいせき",FALSE
"神鳥谷曲輪跡",NA,TRUE
"神田城南遺跡","かんだじょうみなみいせき",FALSE
"神畑遺跡","かんばたけいせき",FALSE
"杉村遺跡","すぎむらいせき",FALSE
"星ノ宮遺跡","すけごろううちいせき・ほしのみやいせき",TRUE
"星野遺跡","ほしのいせき",TRUE
"清六Ⅲ遺跡",NA,TRUE
"西物井遺跡","にしものいいせき",FALSE
"台畑・谷向遺跡(壬生総合公園遺跡）",NA,TRUE
"長者ヶ平遺跡","ちょうじゃがだいらいせき",FALSE
"辻の内遺跡",NA,TRUE
"下都賀郡大平町西山田佐明地",NA,TRUE
"栃平B遺跡","とちだいらびーいせき",FALSE
"板倉中妻居館跡","いたくらなかづまきょかんあと",FALSE
"彦七新田遺跡","ひこしちしんでんいせき",FALSE
"彦谷西山遺跡","ひこやにしやまいせき",TRUE
"品川台遺跡",NA,TRUE
"野沢遺跡","のざわいせき",FALSE
"立野遺跡","たちのいせき",FALSE
"和田遺跡","こわだいせき",TRUE
"大谷寺洞穴遺跡",NA,TRUE
"稲荷屋敷遺跡",NA,TRUE
"金山城跡","かなやまじょうせき",FALSE
"下宿遺跡","しもじゅくいせき",FALSE
"下田遺跡",NA,TRUE
"下大久保Ⅱ遺跡",NA,TRUE
"岩津保洞窟遺跡",NA,TRUE
"五目牛南組遺跡","ごめうしみなみぐみ",FALSE
"三和工業団地Ⅱ遺跡",NA,TRUE
"三和工業団地Ⅲ遺跡",NA,TRUE
"三和工業団地Ⅳ遺跡",NA,TRUE
"女堀",NA,TRUE
"小暮東新山遺跡","こぐれひがしあらやまいせき",FALSE
"新堀東源ヶ原遺跡",NA,TRUE
"横川大林遺跡","よこかわおおばやしいせき　うえのだいらいせき",TRUE
"五料野ヶ久保遺跡",NA,TRUE
"上強戸古墳群","かみごうどこふんぐん",FALSE
"天良七堂遺跡","てんらしちどういせき",FALSE
"新保田中村前遺跡Ⅲ",NA,TRUE
"人見中の條遺跡",NA,TRUE
"人見正寺田遺跡",NA,TRUE
"西坂脇遺跡","にしさかわきいせき",FALSE
"西鹿田中島遺跡","さいしかだなかじま遺跡",FALSE
"樽舟戸遺跡","たるふなといせき",FALSE
"中高瀬観音山遺跡","なかだかせかんのんやまいせき",FALSE
"中棚遺跡","なかだないせき",FALSE
"北浦地区",NA,TRUE
"細田遺跡","ほそだいせき",FALSE
"天神山古墳外堀","てんじんやまこふんそとぼり",FALSE
"砂押Ⅲ遺跡",NA,TRUE
"上明戸地区",NA,TRUE
"天神林遺跡","おおむらてんじんばやしいせき",TRUE
"向原Ⅱ遺跡","しもたかいむかいはらにいせき",TRUE
"上野国新田郡庁跡",NA,TRUE
"田ノ保遺跡","たのほいせき　さん",TRUE
"田場Ⅰ遺跡",NA,TRUE
"道訓前遺跡","どうくんまえいせき",TRUE
"二ノ宮千足遺跡",NA,TRUE
"日高遺跡","ひだかいせき",FALSE
"白倉下原遺跡","しらくらしもはらいせき",FALSE
"分郷八崎遺跡","ぶんごうはっさきいせき",FALSE
"矢島三ツ俣遺跡",NA,TRUE
"横手早稲田遺跡","よこてわせだいせき",FALSE
"下芝上田屋遺跡","しもしばかみたや",TRUE
"下植木壱町田遺跡","しもうえきいっちょうだいせき",FALSE
"下増田越渡遺跡","しもますだこえといせき",FALSE
"下東西清水上遺跡","しもとうざいしみずうえいせき",FALSE
"甘楽条里遺跡","かんらじょうりいせき",FALSE
"亀泉坂上遺跡","かめいずみさかうえいせき",FALSE
"久々戸遺跡","ながのはらくくどいせき",TRUE
"権田関谷遺跡",NA,TRUE
"元総社寺田遺跡Ⅲ",NA,TRUE
"元総社西川・塚田中原遺跡",NA,TRUE
"元総社明神遺跡Ⅷ",NA,TRUE
"公田東遺跡","くでんひがしいせき",FALSE
"向山遺跡","むこうやま",TRUE
"向矢部遺跡","むかいやべいせき",FALSE
"荒砥前田Ⅱ遺跡",NA,TRUE
"荒砥北原Ⅱ遺跡",NA,TRUE
"荒砥北三木堂Ⅱ遺跡",NA,TRUE
"行幸田山遺跡","みゆきだやま",FALSE
"高井桃ノ木遺跡","たかいもものきいせき",FALSE
"高崎城遺跡","たかさきじょういせき",FALSE
"高崎情報団地Ⅱ遺跡",NA,TRUE
"高林三入遺跡","ぐんまけんおおたしたかはやしきたまち、いわせがわまち、ふくざわまち",FALSE
"今井見切塚遺跡","いまいみきりづかいせき",FALSE
"三ツ木皿沼遺跡","みつぎさらぬまいせき",FALSE
"三ノ倉落合遺跡","さんのくらおちあいいせき",FALSE
"三和工業団地Ⅰ遺跡",NA,TRUE
"寺尾中城遺跡","てらおちゅうじょういせき",FALSE
"上ノ台遺跡","うえのだいせき",FALSE
"上強戸遺跡","かみごうどいせきぐん",TRUE
"上郷岡原遺跡","かみごうおかのはらいせき",FALSE
"上高田稲葉上遺跡",NA,TRUE
"上高田熊野上遺跡","かみたかたくまのうえいせき",FALSE
"上細井蝉山遺跡","かみほそいせみやまいせき",FALSE
"上西根遺跡","かみにしねいせき",FALSE
"上白井西伊熊遺跡","かみしろいにしいくまいせき",FALSE
"富田宮下遺跡","とみだみやしたいせき",FALSE
"富田西原遺跡","とみだにしはらいせき",FALSE
"富田下大日遺跡","とみたしもだいにちいせき",FALSE
"新井大田関遺跡","あらいおおたぜきいせき",FALSE
"新保町遺跡",NA,TRUE
"神田叺谷戸B遺跡","じんだかますがいとびいいせき",FALSE
"神田中道遺跡","じんだなかみちいせき",FALSE
"神田中道C遺跡","じんだなかみちしいいせき",FALSE
"吹屋遺跡","ふきやいせき",FALSE
"吹屋三角遺跡","ふきやみかどいせき",FALSE
"中郷田尻遺跡","なかごうたじりいせき",TRUE
"菅谷石塚遺跡","すがやいしづかいせき",FALSE
"成塚向山古墳群","なりづかむけやまこふんぐん",FALSE
"西野原遺跡","にしのはらいせき",FALSE
"青柳宿上遺跡","あおやぎしゅくうえいせき（まえばしし0013）",TRUE
"千駄木遺跡","せんだぎいせき",FALSE
"前田遺跡",NA,TRUE
"多比良追部野遺跡","たいらおっぺのいせき",FALSE
"大泉町間之原遺跡","おおいずみまちあいのはらいせき",FALSE
"大沢遺跡","おおさわいせき",FALSE
"大道西遺跡","おおみちにしいせき",FALSE
"滝遺跡","たきいせき",FALSE
"谷地遺跡","こやちいせき",TRUE
"中郷遺跡",NA,TRUE
"中西原遺跡","なかにしはらいせき",FALSE
"中内村前遺跡","なかうちむらまえいせき(はち・きゅうく)",TRUE
"中里見中川遺跡","なかさとみなかがわいせき",FALSE
"中里見根岸遺跡","なかさとみねぎしいせき",FALSE
"朝倉伊勢西No.2遺跡",NA,TRUE
"長野原一本松遺跡","ながのはらいっぽんまついせき",FALSE
"坪井遺跡",NA,TRUE
"田口下田尻遺跡","たぐちしもたじりいせき",FALSE
"田口上田尻遺跡","たぐちかみたじりいせき",FALSE
"東長岡戸井口遺跡","ひがしながおかといぐちいせき",FALSE
"東峰須川雷電遺跡","ひがしみねすかわらいでんいせき",FALSE
"藤岡北山Ｂ遺跡",NA,TRUE
"徳丸仲田遺跡","とくまるなかだいせき",FALSE
"波志江西屋敷遺跡","はしえにしやしきいせき",FALSE
"波志江中屋敷西遺跡","はしえなかやしきにしいせき",FALSE
"波志江中屋敷東遺跡","はしえなかやしきひがしいせき",FALSE
"波志江中宿遺跡","はしえなかじゅく",TRUE
"萩原･沖中遺跡",NA,TRUE
"柏倉芳見沢遺跡","かしわくらよしみざわいせき　かしわくらおちあいいせき",TRUE
"白井十二遺跡","しろいじゅうにいせき",FALSE
"東宮遺跡","とうぐういせき",FALSE
"花畑遺跡","はなばたけいせき",FALSE
"八崎日影山遺跡・分郷八崎上浅ヶ原遺跡",NA,TRUE
"福島稲荷木Ⅳ遺跡",NA,TRUE
"峯山遺跡","みねやまいせき",FALSE
"北滝ノ入Ⅱ遺跡",NA,TRUE
"矢瀬遺跡","やぜいせき",FALSE
"立馬Ⅲ遺跡",NA,TRUE
"上原Ⅰ遺跡Ⅱ",NA,TRUE
"上原Ⅲ遺跡",NA,TRUE
"上原Ⅳ遺跡Ⅳ",NA,TRUE
"林中原Ⅰ遺跡",NA,TRUE
"冷水村東遺跡","ひやみずむらひがしいせき",FALSE
"笂井中屋敷遺跡","うつぼいなかやしきいせき",FALSE
"A-214号遺跡",NA,TRUE
"お伊勢山遺跡",NA,TRUE
"お寺山遺跡","おてらやまいせき",FALSE
"サガヤマ遺跡","さがやまいせきだいいちちてん",TRUE
"江川南遺跡","えがわみなみいせき",FALSE
"駒林遺跡","ごんげんやまいせき　こまはやしいせき",TRUE
"浄禅寺跡遺跡","じょうぜんじあといせき",TRUE
"松山遺跡","まつやまいせき",FALSE
"神明後遺跡","しんめいうしろいせき",TRUE
"鶴ヶ岡外遺跡","つるがおかそといせき",TRUE
"下野二子堂塚古墳",NA,TRUE
"伊佐島遺跡","いさじまいせき",TRUE
"伊奈氏屋敷跡","いなしやしきあと",FALSE
"井沼方遺跡","いぬまかたいせき",FALSE
"稲荷台遺跡","いなりだいいせき",FALSE
"猿貝北遺跡","さるがいきたいせき",FALSE
"岡･向山遺跡",NA,TRUE
"沖山西遺跡","おきやまにしいせき（だいいちちてん）",TRUE
"下野田稲荷原遺跡","しものだいなりはらいせき",FALSE
"下野田本村遺跡","しものだほんむらいせき",FALSE
"花小路遺跡","はなこうじいせき",FALSE
"如来堂D遺跡",NA,TRUE
"亀居遺跡","かめいいせき",FALSE
"本村遺跡",NA,TRUE
"吉岡遺跡","よしおかいせき",FALSE
"宮廻館跡","みやまわりかんせき",FALSE
"宮前遺跡","みやまえいせき",FALSE
"俣埜遺跡","またのいせきけーちてん",TRUE
"金原前遺跡",NA,TRUE
"金原遺跡","しらがねばるいせき",TRUE
"源長寺前遺跡",NA,TRUE
"古凍根岸裏遺跡","ふるごおりねぎしうらいせき",FALSE
"天神前遺跡","きべてんじんまえいせき",TRUE
"宿下遺跡","しゅくしもいせき",FALSE
"炭釜屋敷貝塚",NA,TRUE
"関山貝塚","せきやまかいづか",FALSE
"黒浜貝塚","くろはまかいづか",FALSE
"根切遺跡","ねぎりいせき",FALSE
"皿沼西遺跡","さらぬまにしいせき",FALSE
"山遺跡",NA,TRUE
"山崎遺跡","やまざきいせき",FALSE
"山崎山遺跡","やまざきやまいせき",FALSE
"四本竹遺跡","しほんだけ",TRUE
"市場峡・市場上遺跡","いちばはけ　いちばうえいせき",TRUE
"寺前平方遺跡","てらまえひらかたいせき",TRUE
"慈恩寺原南遺跡","じおんじばらみなみいせき　だいさんじ",TRUE
"寿能泥炭層遺跡","じゅのうでいたんそういせき",FALSE
"宿･源太山遺跡",NA,TRUE
"小沼耕地遺跡","こぬまごうちいせき",FALSE
"小谷場貝塚遺跡","こやばかいづかいせき",FALSE
"小林八束遺跡","おばやしはっそく１いせき",TRUE
"上手遺跡","うわでいせき",FALSE
"上小笠原遺跡","かみおがさわらいせき（だいいちちてん）",TRUE
"城敷遺跡","しろしきいせき",FALSE
"森下遺跡　","もりしたいせき",TRUE
"真福寺貝塚",NA,TRUE
"神明貝塚","しんめいかいづか",FALSE
"西ノ原遺跡","にしのはらいせき",FALSE
"浅見山Ⅰ遺跡",NA,TRUE
"赤山陣屋遺跡",NA,TRUE
"銭塚遺跡","ぜにづかいせき",FALSE
"前田字前田第1遺跡","まえだあざまえだだいいちいせき",FALSE
"村後遺跡","ばばむらごいせき",TRUE
"太田窪貝塚",NA,TRUE
"大河原遺跡","おおがわらいせき　ごく　おおがわらこふんぐん",TRUE
"大久保条里遺跡","おおくぼじょうりいせき",TRUE
"大崎北久保遺跡","おおさききたくぼいせき",FALSE
"玄蕃新田本田遺跡","げんばしんでんほんでんいせき",TRUE
"大崎東新井遺跡","おおさきひがしあらいいせき",FALSE
"大山遺跡","おおやまいせき",FALSE
"大道東遺跡","おおみちひがしいせき",FALSE
"池守･池上遺跡",NA,TRUE
"中屋舗遺跡","なかやしきいせき　だいにじ",TRUE
"中耕遺跡","なかこういせき",FALSE
"中小前田遺跡","なかおまえだにいせき",TRUE
"中東遺跡","なかひがしいせき",FALSE
"中道･中道下遺跡",NA,TRUE
"中矢下遺跡","なかやしもいせきＢく",TRUE
"町道遺跡","まちみちいせき",FALSE
"長竹遺跡","ながたけいせき",FALSE
"釣上高岡南遺跡","かぎあげたかおかみなみいせき",TRUE
"鶴ヶ島中学西遺跡","つるがしまちゅうがくにしいせき",FALSE
"田島遺跡","たじまいせき",FALSE
"土呂陣屋跡","とろじんやあと",FALSE
"東台製鉄遺跡",NA,TRUE
"東野遺跡","ひがしのいせき",FALSE
"藤久保東遺跡","ふじくぼひがしいせき",FALSE
"藤久保東第三遺跡","ふじくぼひがしだいさんいせき",FALSE
"道仏北遺跡","どうぶつきたいせき",FALSE
"南鴻沼遺跡","みなみこうぬまいせき",FALSE
"南台遺跡","みなみだいいせき",FALSE
"日向北遺跡","ひなたきたいせき",FALSE
"馬場小室山遺跡","ばんばおむろやまいせき",FALSE
"白子宿上遺跡","しらこしゅくうえいせき",TRUE
"白幡上ノ台遺跡","しらはたうえのだいいせき",TRUE
"幡羅遺跡","はらいせき",FALSE
"八重塚遺跡","やえづかいせき",FALSE
"八木上遺跡","ばちぎうえいせき",FALSE
"反町遺跡","そりまちいせき",FALSE
"風早遺跡","かざはやいせき",FALSE
"仏ノ木遺跡","ほとけのきいせき",TRUE
"平沼一丁田遺跡","ひらぬまいっちょうだいせき",FALSE
"坊荒句遺跡","ぼうあらくいせき　だいにじ",TRUE
"坊荒句北遺跡","ぼうあらくきたいせき",FALSE
"北久米遺跡","きたくめいせき",TRUE
"北権現遺跡","きたごんげんいせき",FALSE
"北宿遺跡","きたじゅくいせき",FALSE
"北堀新田前遺跡","きたぼりしんでんまえいせき",FALSE
"卜伝遺跡",NA,TRUE
"大井氏館跡遺跡","おおいしかんせきいせき",TRUE
"妙音寺洞穴遺跡","みょうおんじどうけついせき",FALSE
"明花向遺跡","みょうばなむかいいせきAく",TRUE
"薬師堂根遺跡","やくしどうね",TRUE
"里字屋敷添第3遺跡","さとあざやしきぞえだいさんいせき",FALSE
"里字深町第2遺跡",NA,TRUE
"里字屋敷添第2遺跡",NA,TRUE
"里字屋敷添第4遺跡","さとあざやしきぞえだいよんいせき",FALSE
"立正大学校地内遺跡",NA,TRUE
"林光寺遺跡","りんこうじいせき",FALSE
"うならすず遺跡","うならすずいせき",FALSE
"愛生遺跡","あいおいいせき",FALSE
"安房神社洞窟遺跡",NA,TRUE
"佐野洞穴",NA,TRUE
"姥山貝塚",NA,TRUE
"沖ノ島遺跡","おきのしまいせき",FALSE
"加曾利南貝塚",NA,TRUE
"加曽利北貝塚",NA,TRUE
"貝の花貝塚",NA,TRUE
"外原遺跡","そとばるいせき",FALSE
"外箕輪遺跡Ⅱ","そとみのわいせき",TRUE
"浅井小向釜神遺跡",NA,TRUE
"関台遺跡","せきだいいせき",FALSE
"岩富漆谷津遺跡",NA,TRUE
"江原台第1遺跡","えばらだいだい1いせき",FALSE
"長作台遺跡",NA,TRUE
"栗山川流域遺跡群","くりやまがわりゅういきいせきぐんたこまちやつなかち",TRUE
"桑納川遺跡群","かんのうがわいせきぐん",FALSE
"戸ノ内貝塚",NA,TRUE
"江戸川台第Ⅰ遺跡",NA,TRUE
"荒屋敷貝塚","あらやしきかいづか",FALSE
"荒海川表遺跡","あらみかわおもていせき",FALSE
"宝田八反田貝塚",NA,TRUE
"国府台遺跡","こうのだいいせき",TRUE
"三直中郷遺跡","みのうなかごういせき",FALSE
"山田水呑遺跡","やまだみずのみいせき",FALSE
"四宝塚遺跡","しほうづかいせき",FALSE
"市川砂州",NA,TRUE
"杉ノ木台貝塚",NA,TRUE
"美濃輪台貝塚",NA,TRUE
"向台貝塚",NA,TRUE
"東新山貝塚",NA,TRUE
"東山王貝塚",NA,TRUE
"今島田貝塚",NA,TRUE
"八反割西貝塚",NA,TRUE
"奉免貝塚",NA,TRUE
"曽谷貝塚",NA,TRUE
"道免き谷津貝塚",NA,TRUE
"大柏川調整池",NA,TRUE
"堀之内貝塚",NA,TRUE
"中島遺跡","なかじまいせき（1952-2ちてん）",TRUE
"取掛西貝塚",NA,TRUE
"出野尾洞穴遺跡",NA,TRUE
"小金沢貝塚","こがねさわかいづか",FALSE
"小金沢貝塚周辺？",NA,TRUE
"小室台遺跡","こむろだいいせきいち",TRUE
"国分谷",NA,TRUE
"城の腰遺跡","しろのこしいせき",TRUE
"常代遺跡","とこしろいせき",FALSE
"神門遺跡","ごうどいせき",FALSE
"諏訪原遺跡","すわばるいせき",FALSE
"水神下遺跡","すいじんしたいせき",FALSE
"菅生遺跡","すごういせき",FALSE
"西原遺跡","のしおにしはらいせき",TRUE
"西野遺跡","にしのいせき",FALSE
NA,NA,TRUE
"大膳野南貝塚","だいぜんのみなみかいづか",FALSE
"大道遺跡","よこだいどういせき",TRUE
"沢之台遺跡","さわのだいいせき",TRUE
"谷津遺跡","やついせき",FALSE
"谷津貝塚","やつかいづか",FALSE
"池向遺跡","いけむかいいせき",FALSE
"南青野遺跡","みなみあおのいせき",FALSE
"馬屋敷遺跡","ばやしきいせき",FALSE
"八栄北遺跡",NA,TRUE
"尾崎第八遺跡",NA,TRUE
"浜野川遺跡","はまのがわいせきぐん",TRUE
"浜野川神門遺跡","はまのがわごうどいせき",FALSE
"駒込遺跡","こまごめいせき",FALSE
"一ノ台遺跡",NA,TRUE
"北谷津第Ⅱ遺跡",NA,TRUE
"北下遺跡","きたしたいせき",FALSE
"土宇遺跡",NA,TRUE
"イゴ塚貝塚",NA,TRUE
"内野第1遺跡","うちのだいいちいせき",FALSE
"木戸前Ⅱ遺跡",NA,TRUE
"矢作貝塚","やはぎかいづか",FALSE
"No.68遺跡",NA,TRUE
"ココマ遺跡",NA,TRUE
"なすな原近隣遺跡",NA,TRUE
"阿波徳島藩蜂須賀家上屋敷跡",NA,TRUE
"愛宕下遺跡","あたごしたいせき",FALSE
"伊皿子貝塚",NA,TRUE
"砂沼遺跡","いなすなぬまいせき",TRUE
"井の頭池遺跡群C地点","いのかしらいけいせきぐん",TRUE
"宇津木台遺跡群","うつきだいいせきぐん　いいく",TRUE
"烏森遺跡","からすもりいせき",FALSE
"羽根沢台遺跡","はねさわだいいせき",FALSE
"雨間地区遺跡","あめまちくいせきぐん",TRUE
"横川一丁目遺跡","よこかわいっちょうめいせき",FALSE
"岡本前耕地遺跡","おかもとまえこうちいせき",FALSE
"下原･富士見町遺跡",NA,TRUE
"下原B遺跡","しもはらびいいせき",FALSE
"下戸塚遺跡","しもとつかいせき",FALSE
"下高洞遺跡",NA,TRUE
"加藤塚","かとうづか",FALSE
"葛西城跡",NA,TRUE
"瓦谷戸窯跡群","かわらやとようしぐん",FALSE
"丸山B遺跡","まるやまびいいせき",FALSE
"鬼塚･鬼塚遺跡",NA,TRUE
"吉原遺跡","よしはらいせき",FALSE
"久原小学校内遺跡","くがはらしょうがっこうないいせき",FALSE
"宮ヶ谷戸遺跡",NA,TRUE
"宮掘北遺跡",NA,TRUE
"橋場遺跡","はしばいせき",FALSE
"桐ヶ丘遺跡","きりがおかいせき",FALSE
"錦糸四丁目遺跡","きんしよんちょうめいせき",FALSE
"九段南一丁目遺跡",NA,TRUE
"栗山遺跡",NA,TRUE
"原山遺跡",NA,TRUE
"原小宮地区遺跡群",NA,TRUE
"原町東遺跡","はらまちひがしいせき",FALSE
"古録天遺跡","ころくてんいせき",FALSE
"戸山遺跡","いどやまいせき",TRUE
"五段田遺跡","ごたんだいせき",FALSE
"後楽二丁目南遺跡","こうらくにちょうめみなみいせき",FALSE
"御塔坂横穴墓群",NA,TRUE
"向郷遺跡","むかいごういせき",FALSE
"広町遺跡Ⅱ","ひろまちかまあとぐん",TRUE
"江古田遺跡","えごたいせき",TRUE
"江東橋二丁目遺跡","こうとうばしにちょうめいせき",FALSE
"港区No.10・11-2遺跡(赤坂一丁目遺跡)",NA,TRUE
"行元寺跡","ぎょうがんじあと",FALSE
"高井戸東遺跡",NA,TRUE
"合羽橋通り遺跡","かっぱばしどおりいせき",FALSE
"坂町遺跡","かみくるまざかちょういせき　ひがしうえのよんちょうめはちばんちちてん",TRUE
"三吉野遺跡群井戸端地区","みよしのいせきぐんいどばたちく　あきのいせき",TRUE
"南足下田遺跡",NA,TRUE
"三吉野遺跡群桜木地区","みよしのいせきぐんはけうえ・しももはらちく",TRUE
"山王遺跡","さんのういせき",FALSE
"山王上遺跡","さんのううえいせき",FALSE
"四谷一丁目遺跡","よつやいっちょうめいせき",FALSE
"四葉地区遺跡","よつばちくいせき",FALSE
"市谷加賀町二丁目遺跡","いちがやかがちょうにちょうめいせき",FALSE
"市谷御門外橋詰･御掘端",NA,TRUE
"市谷左内町遺跡","いちがやさないちょういせき",TRUE
"市谷仲之町遺跡","いちがやなかのちょういせき",FALSE
"市谷田町一丁目遺跡","いちがやたまちいっちょうめいせき",FALSE
"市谷田町三丁目遺跡",NA,TRUE
"市谷柳町遺跡","いちがややなぎちょういせき",FALSE
"市谷薬王寺町遺跡","いちがややくおうじちょういせき",TRUE
"志村遺跡","しむらいせき　だいはちちてん",TRUE
"志村坂上遺跡","しむらさかうえいせき",FALSE
"汐留遺跡","しおどめいせき",FALSE
"柴又帝釈天遺跡","しばまたたいしゃくてんいせき",FALSE
"芝崎三丁目遺跡",NA,TRUE
"舎人遺跡","とねりいせき",FALSE
"若宮八幡神社遺跡","わかみやはちまんじんじゃいせき",FALSE
"若松町遺跡","わかまつちょういせき",FALSE
"若葉三丁目遺跡",NA,TRUE
"舟渡遺跡","ふなどいせき",FALSE
"住吉町南遺跡","すみよしちょうみなみいせき",FALSE
"十内入東遺跡","かわぐちまちとうないりひがしいせき",TRUE
"春日町(小石川後楽園)遺跡",NA,TRUE
"春日町遺跡","かすがちょういせき",FALSE
"石野遺跡","にしくろいしのいせき",TRUE
"駕篭町遺跡","かごまちいせき",FALSE
"小石川牛天神下",NA,TRUE
"松が丘遺跡",NA,TRUE
"松海道遺跡","まつかいどういせき",FALSE
"上野忍岡遺跡群　国立国会図書館支部上野図書館地点","うえのしのぶがおかいせきぐん　こくりつこっかいとしょかんしぶうえのとしょかんちてん",TRUE
"上野忍岡遺跡群　上野動物園ゾウ舎地点","うえのしのぶがおかいせきぐん",TRUE
"新宿六丁目遺跡","しんじゅくろくちょうめいせき",FALSE
"真光寺･広袴遺跡群",NA,TRUE
"真砂町遺跡","まさごちょういせき",FALSE
"諏訪台･日暮里延命院貝塚",NA,TRUE
"水草木･東原遺跡",NA,TRUE
"水草木遺跡","みずくさきいせき",FALSE
"水道二丁目遺跡",NA,TRUE
"杉並区No.182遺跡","すぎなみくなんばーひゃくはちじゅうにいせき",FALSE
"菅原神社台地上遺跡","すがわらじんじゃだいちうえいせき",FALSE
"清水が丘遺跡","しみずがおかいせき（むさしこくふかんれんいせき）",TRUE
"西ヶ原遺跡群地下鉄7号線西ヶ原駅(仮称)地区","にしがはらいせき",TRUE
"西台後藤田遺跡","にしだいごとうだいせき",FALSE
"西之台遺跡",NA,TRUE
"西龍ヶ崎遺跡","にしりゅうがさきいせき",FALSE
"石川天野遺跡","いしかわあまのいせき",FALSE
"赤根遺跡","みやまちょうあかねいせき",TRUE
"赤塚篠ヶ谷戸遺跡",NA,TRUE
"赤塚城跡遺跡","あかつかしろあといせき",FALSE
"千駄木三丁目南遺跡",NA,TRUE
"学習院周辺遺跡千登世橋中学校地区","がくしゅういんしゅうへんいせき",TRUE
"川北遺跡",NA,TRUE
"浅草寺遺跡","せんそうじいせき",FALSE
"染地遺跡","そめちいせき　だいはちちく",TRUE
"前野田向遺跡","まえのたむかいいせき　だいよんちてん",TRUE
"早稲田大学東伏見総合グラウンド遺跡",NA,TRUE
"新河岸三丁目早瀬前遺跡",NA,TRUE
"草花遺跡･草花古墳群","くさばないせき・くさばなこふんぐん",TRUE
"多摩ニュータウンNo.3遺跡","たまにゅーたうんなんばーさんいせき",FALSE
"多摩ニュータウンNo.116遺跡","たまにゅーたうんなんばーひゃくじゅうろくいせき",FALSE
"多摩ニュータウンNo.197遺跡","たまにゅーたうんなんばーひゃくきゅうじゅうなないせき",FALSE
"多摩ニュータウンNo.200遺跡","たまにゅーたうんなんばーにひゃくいせき",FALSE
"多摩ニュータウンNo.248遺跡","たまにゅーたうんなんばーにひゃくよんじゅうはちいせき",FALSE
"多摩ニュータウンNo.380遺跡","たまにゅーたうんなんばーさんびゃくはちじゅういせき",FALSE
"多摩ニュータウンNo.383遺跡","たまにゅーたうんなんばーさんびゃくはちじゅうさんいせき",FALSE
"多摩ニュータウンNo.386遺跡","たまにゅーたうんなんばーさんびゃくはちじゅうろくいせき",FALSE
"多摩ニュータウンNo.446遺跡","たまにゅーたうんなんばーよんひゃくよんじゅうろくいせき",FALSE
"多摩ニュータウンNo.471遺跡","たまにゅーたうんなんばーよんひゃくななじゅういちいせき",FALSE
"多摩ニュータウンNo.475遺跡","たまにゅーたうんなんばーよんひゃくななじゅうご・よんひゃくななじゅうろくいせき",TRUE
"多摩ニュータウン　No.520遺跡",NA,TRUE
"多摩ニュータウンNo.661遺跡","たまにゅーたうんなんばーろっぴゃくろくじゅういちいせき",FALSE
"多摩ニュータウンNo.740遺跡","たまにゅーたうんなんばーななひゃくよんじゅういせき",FALSE
"多摩ニュータウンNo.796遺跡","たまにゅーたうんなんばーななひゃくきゅうじゅうろくいせき",FALSE
"多摩ニュータウンNo.872遺跡","たまにゅーたうんなんばーはっぴゃくななじゅうにいせき",FALSE
"太子堂下本村遺跡","たいしどうしもほんむらいせき",FALSE
"太平一丁目遺跡","たいへいいっちょうめいせき",FALSE
"太平四丁目遺跡","たいへいようちょうめいせき",FALSE
"袋低地遺跡","ふくろていちいせき",FALSE
"代継･富士見台遺跡",NA,TRUE
"大手町一丁目遺跡","おおてまちいっちょうめいせき",FALSE
"大塚遺跡","おおつかいせき",FALSE
"大塚町遺跡","おおつかまちいせき",TRUE
"滝坂遺跡","たきさかいせき",FALSE
"池之端七軒町遺跡","いけのはたしちけんちょういせき",FALSE
"筑前秋月藩黒田家屋敷跡遺跡",NA,TRUE
"筑土八幡町遺跡","つくどはちまんちょういせき",FALSE
"中高瀬遺跡","なかたかせいせき",FALSE
"中根岸遺跡",NA,TRUE
"中台三丁目南の丘遺跡","なかだいさんちょうめみなみのおかいせき",FALSE
"中田遺跡","たかたいせき",FALSE
"中里貝塚","なかざとかいづか",FALSE
"中里峽上遺跡","なかざとはけうえいせき",FALSE
"仲宿遺跡",NA,TRUE
"町屋四丁目実揚遺跡","まちやよんちょうめみあがりいせき",TRUE
"長戸長府藩毛利家屋敷跡遺跡",NA,TRUE
"塚場遺跡","つかばいせき",FALSE
"鶴舞遺跡","つるまいいせき",FALSE
"堤方権現台遺跡",NA,TRUE
"天文台構内遺跡","てんもんだいこうないいせき",FALSE
"伝通院裏貝塚",NA,TRUE
"田園調布南遺跡",NA,TRUE
"田端西台通遺跡","たばたにしだいどおりいせき",FALSE
"田無南町遺跡","たなしみなみちょういせき",TRUE
"土器塚遺跡","かわらけづかいせき",TRUE
"島屋敷遺跡","しまやしきいせき",FALSE
"東京駅八重洲北口遺跡","とうきょうえきやえすきたぐちいせき",FALSE
"東京外かく環状道路練馬地区遺跡",NA,TRUE
"東京大学本郷校内の遺跡　浅野地区",NA,TRUE
"東山貝塚遺跡","ひがしやまかいづかいせき",FALSE
"東早淵遺跡","ひがしはやぶちいせきこうえんない",TRUE
"東池袋遺跡","ひがしいけぶくろいせき　",TRUE
"湯浜遺跡",NA,TRUE
"動坂遺跡","たばたふどうさかいせき",TRUE
"堂ヶ谷戸遺跡","どうがやといせき",FALSE
"道合遺跡","みちあいいせき",FALSE
"徳丸原大橋遺跡",NA,TRUE
"南元町遺跡",NA,TRUE
"日影山遺跡東山道武蔵路","むさしこくぶんじあとほっぽうちく　ひかげやまいせき　とうさんどうむさしみち",TRUE
"日南田遺跡","ひなたいせき",FALSE
"日暮里延命院貝塚",NA,TRUE
"日本橋一丁目遺跡","にほんばしいっちょうめいせき",FALSE
"日野市No.16遺跡","ひのしなんばーじゅうろくいせき",FALSE
"入間町城山遺跡","いりまちょうしろやまいせき",FALSE
"波牛登り口遺跡",NA,TRUE
"白金館址遺跡",NA,TRUE
"八重根遺跡",NA,TRUE
"鉢山町遺跡",NA,TRUE
"飯田町遺跡","いいだまちいせき",FALSE
"肥前平戸新田藩松浦家下屋敷跡",NA,TRUE
"尾崎遺跡","おざきいせき",FALSE
"尾張徳川家下屋敷跡","おわりとくがわけしもやしきあと",FALSE
"百人町三丁目遺跡","ひゃくにんちょうさんちょうめいせき",FALSE
"氷川遺跡","ひかわいせき",FALSE
"富士見台遺跡","ふじみだいいせきろく",TRUE
"富士見町遺跡","ふじみちょういせき",FALSE
"武蔵国府関連遺跡本宿町遺跡　御嶽塚古墳群","むさしこくふかんれんいせき",TRUE
"武蔵国府関連遺跡","むさしこくふかんれんいせき",FALSE
"武蔵国府関連遺跡日吉町遺跡","むさしこくふかんれんいせき",TRUE
"武蔵国分寺跡遺跡北方地区","むさしこくぶんじあといせきほっぽうちく",FALSE
"武蔵国分寺跡関連遺跡","むさしこくぶんじあとかんれんいせき",FALSE
"武蔵国分寺跡関連遺跡･武蔵台遺跡","むさしこくぶんじあとかんれんいせき・むさしだいいせき",TRUE
"武蔵国分寺南西地区","むさしこくぶんじなんせいちく",FALSE
"武蔵台遺跡","むさしだいいせき",FALSE
"武蔵野公園低湿地遺跡",NA,TRUE
"福生不動尊遺跡",NA,TRUE
"平塚遺跡","ひらつかいせき",FALSE
"弁天池低湿地遺跡",NA,TRUE
"豊沢貝塚","",FALSE
"豊島馬場遺跡","としまばんばいせき",FALSE
"本郷遺跡","こしほんごういせき",TRUE
"本郷一丁目南遺跡",NA,TRUE
"本郷元町遺跡","ほんごうもとまちいせき",FALSE
"本所一丁目遺跡","ほんじょいっちょうめいせき",FALSE
"横綱一丁目遺跡",NA,TRUE
"妙正寺川No.1遺跡",NA,TRUE
"明治大学和泉校地遺跡",NA,TRUE
"伊興遺跡","いこういせき　ひがしいこういせき",TRUE
"木曽森野遺跡","きそもりのいせき",FALSE
"目黒不動遺跡","めぐろふどういせき",FALSE
"野川中州北遺跡",NA,TRUE
"有楽町一丁目遺跡","ゆうらくちょういっちょうめいせき",FALSE
"落合遺跡","おちあいいせき",FALSE
"落川･一の宮遺跡",NA,TRUE
"裏宿遺跡","うらじゅくいせき",FALSE
"陸奥弘前藩津軽家上屋敷跡",NA,TRUE
"明治大学西調布校地遺跡",NA,TRUE
"溜池遺跡","ためいけいせき",FALSE
"緑川東遺跡","みどりかわひがしいせき",FALSE
"鈴木遺跡","すずきいせき",FALSE
"椚谷遺跡","くぬぎやついせき",FALSE
"愛名宮地遺跡","あいなみやじいせき",FALSE
"一般国道246号地域内遺跡　第3地点東遺跡",NA,TRUE
"一般国道246号地域内遺跡　第1地点遺跡",NA,TRUE
"一般国道246号地域内遺跡　第3地点西遺跡",NA,TRUE
"下鶴間長堀遺跡","しもつるまながぼりいせき",FALSE
"臼久保遺跡","うすくぼいせき",FALSE
"猿島洞穴遺跡",NA,TRUE
"大塚西遺跡","おおつかにしいせき",FALSE
"大塚東遺跡","おおつかひがしいせき",FALSE
"下寺尾西方A遺跡","しもてらおにしかたえーいせき",FALSE
"下馬周辺遺跡","げばしゅうへんいせき",FALSE
"下北原遺跡","しもきたはらいせき",FALSE
"川崎市上麻生地内",NA,TRUE
"夏島貝塚",NA,TRUE
"河原口坊中遺跡","かわらぐちぼうじゅういせき",FALSE
"河村城跡","かわむらじょうあと",FALSE
"海老名本郷遺跡","えびなほんごういせき",TRUE
"葛原滝谷遺跡","くずはらたきやといせき",FALSE
"宇都宮辻子幕府跡","うつのみやずしばくふあと",FALSE
"三足谷遺跡","みたしやといせき",FALSE
"上吉井北遺跡","かみよしいきたいせき",FALSE
"吉井貝塚を中心とした遺跡","よしいかいづかをちゅうしんとしたいせき",FALSE
"吉岡遺跡群","よしおかいせきぐん",FALSE
"吉岡遺跡群B区","よしおかいせきぐんびーく",TRUE
"上原遺跡","うえはらいせき",FALSE
"北原遺跡",NA,TRUE
"久保ノ坂遺跡","くぼのさかいせきなんばーよん",TRUE
"旧相模川橋脚跡",NA,TRUE
"橋本遺跡","はしもといせき",FALSE
"芹沢配水池関連遺跡群",NA,TRUE
"苦久保遺跡",NA,TRUE
"月見野遺跡群上野遺跡","つきみのいせきぐんかみのいせき",FALSE
"戸田小柳遺跡","とだこやなぎいせきだい２ちてん",TRUE
"矢ノ津坂遺跡","やのつざかいせき",FALSE
"今田広町遺跡","いまだひろまちいせき",FALSE
"根下遺跡",NA,TRUE
"桜山うつき野遺跡","さくらやまうつきのいせき",FALSE
"三ツ沢貝塚",NA,TRUE
"三ノ宮･下木津根遺跡",NA,TRUE
"山ノ神遺跡",NA,TRUE
"山王山遺跡","さんのうやまいせき",FALSE
"子易･大坪遺跡",NA,TRUE
"秋葉山古墳群",NA,TRUE
"渋沢奈良郷遺跡","しぶさわならごういせきだい１ちてん",TRUE
"勝坂遺跡","かっさかいせき",TRUE
"岡田南河内遺跡","こいでがわかせんかいしゅうじぎょうかんれんいせきぐん１　さむかわまちおかだみなみこうちいせき",TRUE
"小出川遺跡群",NA,TRUE
"七堂伽藍跡","しちどうがらんあと",FALSE
"小倉原西遺跡","おぐらはらにしいせき",FALSE
"小田原城下　本町遺跡",NA,TRUE
"小田原城跡　八幡山遺構群",NA,TRUE
"湘南新道関連遺跡",NA,TRUE
"上ノ町遺跡","かみのまちいせき",FALSE
"上ノ入A遺跡",NA,TRUE
"上依知上谷戸遺跡","かみえちかみやといせき",FALSE
"上草柳遺跡群大和配水池内",NA,TRUE
"上粕屋･和田内遺跡",NA,TRUE
"上粕屋･香々久保遺跡",NA,TRUE
"真田城跡",NA,TRUE
"真田･北金目遺跡群",NA,TRUE
"神成松遺跡",NA,TRUE
"神庭遺跡",NA,TRUE
"神明若宮地区内遺跡","しんめいわかみやちくないいせき",TRUE
"杉久保内藤原遺跡","すぎくぼないとうはらいせき",FALSE
"杉久保蓮谷遺跡","すぎくぼはすやいせき",FALSE
"西富岡･向畑遺跡",NA,TRUE
"青根上野田遺跡","あおねうえんだ",FALSE
"跡堀遺跡","あとぼりいせき",FALSE
"折本西原遺跡",NA,TRUE
"川崎市多摩区No.61遺跡",NA,TRUE
"川尻遺跡","かわしりいせき",FALSE
"川尻石器時代遺跡",NA,TRUE
"早川天神森遺跡","はやかわてんじんもりいせき",FALSE
"相模原No.76遺跡",NA,TRUE
"打木原遺跡","うつぎばらいせき",FALSE
"代官山遺跡",NA,TRUE
"大塚戸遺跡",NA,TRUE
"大日野原遺跡",NA,TRUE
"大保戸遺跡","おおほどいせき",FALSE
"池子遺跡群","いけごいせきぐんなんばーいちえーちてん",TRUE
"池子遺跡","いけごいせき",FALSE
"中原上宿遺跡",NA,TRUE
"中耕地遺跡","なかこうちいせき",FALSE
"中野桜野遺跡","なかのさくらのいせき",FALSE
"長柄桜山古墳群第1号墳",NA,TRUE
"根小屋根本遺跡","ねごやねもといせき",FALSE
"津久井城跡(本城曲輪群地区)",NA,TRUE
"津久井城跡荒久地区",NA,TRUE
"津久井城跡馬込地区","つくいじょうあとまごめちく",FALSE
"鶴巻南遺跡群","つるまきみなみいせきぐん",FALSE
"伝福寺裏遺跡",NA,TRUE
"横須賀市神明町地先",NA,TRUE
"田中･万代遺跡",NA,TRUE
"田名稲荷山遺跡",NA,TRUE
"田名堀ノ内遺跡","たなほりのうちいせき",FALSE
"王子ノ台遺跡","おうじのだいいせき",FALSE
"東田原象ヶ谷戸遺跡","ひがしたわらぞうがやといせき",FALSE
"東富岡･西之窪遺跡",NA,TRUE
"東富岡･北三間遺跡",NA,TRUE
"当麻遺跡","たいまいせきだいいちちてん",TRUE
"青根馬渡No.3遺跡",NA,TRUE
"青根馬渡No.4遺跡",NA,TRUE
"青根馬渡No.5遺跡",NA,TRUE
"奈良地区遺跡群",NA,TRUE
"南鍛冶山遺跡","みなみかじやまいせき",FALSE
"日吉台遺跡群蝮谷地区",NA,TRUE
"馬場綿内谷遺跡","ばばわたうちやといせき",FALSE
"白幡浦島丘遺跡","しらはたうらしまおかいせき",FALSE
"畑久保西遺跡","はたくぼにしいせき",FALSE
"八幡神社遺跡","はちまんじんじゃいせき",FALSE
"半原屈中原遺跡","はんばらくっちゅうばらいせき",FALSE
"飯綱上遺跡","いいづなうえいせき",FALSE
"比々多遺跡群",NA,TRUE
"福田丙二ノ区遺跡","ふくだへいにのく",TRUE
"平和坂遺跡","へいわざかいせき",FALSE
"明神台北遺跡","みょうじんだいきたいせき",FALSE
"矢代遺跡","やだいいせき",FALSE
"矢頭遺跡","やがしらいせき",FALSE
"由比ガ浜中世集団墓地遺跡","ゆいがはまちゅうせいしゅうだんぼちいせき",FALSE
"用田大河内遺跡","ようだおおごうちいせき",FALSE
"用田鳥居前遺跡","ようだとりいまえいせき",FALSE
"用田南原遺跡","ようだみなみっぱらいせき",FALSE
"葉山島中平遺跡","はやまじまなかだいらいせき",FALSE
"鉞切遺跡",NA,TRUE
"小保戸遺跡","こほといせき",FALSE
"ふくべ(3)遺跡",NA,TRUE
"大石平(1)遺跡",NA,TRUE
"発茶沢(2)遺跡",NA,TRUE
"弥栄平(3)遺跡",NA,TRUE
"富ノ沢(1)遺跡",NA,TRUE
"芦沢(2)遺跡",NA,TRUE
"安田(2)遺跡",NA,TRUE
"一ノ渡遺跡","いちのわたりいせき",FALSE
"稲元遺跡","いなもといせき",FALSE
"稲山遺跡","いなやまいせき",FALSE
"隠川(11)遺跡",NA,TRUE
"隠川(12)遺跡",NA,TRUE
"右ェ門次郎窪遺跡","うえもんじろうくぼいせき",FALSE
"三合山遺跡","さんごうやまいせき",FALSE
"宇田野(2)遺跡",NA,TRUE
"雲谷山吹遺跡",NA,TRUE
"永野遺跡","ながのいせき",FALSE
"牡丹平南遺跡","ぼたんだいらみなみいせき",FALSE
"浅瀬石遺跡","あせいしいせき",FALSE
"下石川平野遺跡","しもいしかわひらのいせき",FALSE
"下石川平野遺跡　","しもいしかわひらのいせき",TRUE
"旭(1)遺跡",NA,TRUE
"旭(2)遺跡",NA,TRUE
"下天摩遺跡","しもてんまいせき",FALSE
"外馬屋前田(2)遺跡",NA,TRUE
"葛野(2)遺跡",NA,TRUE
"葛野(3)遺跡","くずのかっこさんいせき",FALSE
"鴨平(2)遺跡",NA,TRUE
"館向遺跡","たてむかいいせき",FALSE
"館平遺跡","たてひらいせき ",FALSE
"岩ノ沢平遺跡","いわのさわたいいせき",FALSE
"岩渡小谷(2)遺跡",NA,TRUE
"鬼川辺(1)遺跡",NA,TRUE
"鬼川辺(3)遺跡",NA,TRUE
"亀ヶ岡遺跡","かめがおかいせき",FALSE
"石郷(2)遺跡",NA,TRUE
"石郷(3)遺跡",NA,TRUE
"八幡崎(1)遺跡",NA,TRUE
"羽黒平(1)遺跡",NA,TRUE
"久米川遺跡","くめかわいせき",FALSE
"宮田館遺跡","みやただていせき",FALSE
"宮本(2)遺跡",NA,TRUE
"新沢(2)遺跡",NA,TRUE
"新沢(1)遺跡",NA,TRUE
"金沢街道沢(1)遺跡",NA,TRUE
"駒沢(6)遺跡",NA,TRUE
"駒沢(5)遺跡",NA,TRUE
"櫛引遺跡","くしびきいせき",FALSE
"堀端(1)遺跡",NA,TRUE
"上明戸遺跡",NA,TRUE
"熊ヶ平遺跡","くまがたいいせき",FALSE
"熊沢遺跡","くまのさわいせき",FALSE
"熊野堂遺跡","くまのどういせき",FALSE
"隈無(4)遺跡",NA,TRUE
"隈無(8)遺跡",NA,TRUE
"蛍沢遺跡","ほたるざわいせき",FALSE
"剣吉荒町遺跡","けんよしあらまちいせき",FALSE
"弥次郎窪遺跡","やじろうくぼいせき",FALSE
"古宮遺跡","ふるみやいせき",FALSE
"戸沢遺跡","とざわいせき",FALSE
"戸沢川代遺跡","とざわかわだいいせき",FALSE
"五川目(6)遺跡",NA,TRUE
"向山(4)遺跡",NA,TRUE
"向田(35)遺跡",NA,TRUE
"向田(36)遺跡",NA,TRUE
"幸畑(4)遺跡",NA,TRUE
"幸畑(1)遺跡",NA,TRUE
"幸畑(7)遺跡",NA,TRUE
"史跡津軽氏城跡(弘前城跡)",NA,TRUE
"江豚沢遺跡","ふぐさわいせき",FALSE
"梨ノ木平遺跡","なしのきだいらいせき",TRUE
"宿野部遺跡",NA,TRUE
"大川目遺跡","",FALSE
"糠塚小沢遺跡","ぬかづかこざわいせき",FALSE
"荒屋敷久保(1)遺跡",NA,TRUE
"荒屋敷久保(2)遺跡",NA,TRUE
"荒谷遺跡","あらやいせき",FALSE
"高屋敷館遺跡","たかやしきだていせき",FALSE
"高館遺跡","たかだていせき",FALSE
"高杉館遺跡","たかすぎだていせき",FALSE
"合子沢松森(2)遺跡",NA,TRUE
"黒坂遺跡","くろさかいせき",FALSE
"黒森下(1)遺跡",NA,TRUE
"根岸(2)遺跡",NA,TRUE
"根古橋遺跡","ねこはしいせき",FALSE
"根城跡岡前館第60地点",NA,TRUE
"砂子遺跡","すなこいせき",TRUE
"砂子瀬遺跡","すなこせいせき",FALSE
"水上(4)遺跡",NA,TRUE
"坂元(2)遺跡",NA,TRUE
"桜峯(2)遺跡",NA,TRUE
"桜峯(1)遺跡",NA,TRUE
"笹ノ沢(3)遺跡",NA,TRUE
"笹子(2)遺跡",NA,TRUE
"三内遺跡","さんないいせき",FALSE
"三内丸山(2)遺跡",NA,TRUE
"三内丸山(6)遺跡",NA,TRUE
"三内丸山(8)遺跡",NA,TRUE
"三内沢部遺跡",NA,TRUE
"山王坊遺跡","さんのうぼういせき",FALSE
"山屋敷平遺跡","やまやしきたいいせき",FALSE
"上平遺跡","うえたいらいせき",FALSE
"山下遺跡","やましたいせき",FALSE
"山館前遺跡","やまたてまえいせき",FALSE
"山元(1)遺跡",NA,TRUE
"山元(2)遺跡",NA,TRUE
"山元(3)遺跡",NA,TRUE
"山城溜池遺跡","やましろためいけいせき",FALSE
"山田(2)遺跡",NA,TRUE
"山田(4)遺跡",NA,TRUE
"四戸橋富田遺跡","しとばしとみたいせき",FALSE
"後潟(1)遺跡",NA,TRUE
"獅子神遺跡","ししがみいせき",FALSE
"寺屋敷平遺跡","てらやしきたいいせき",FALSE
"寺下遺跡","てらしたいせき",FALSE
"実吉遺跡","みよしいせき",FALSE
"十腰内(1)遺跡",NA,TRUE
"十三盛遺跡","じゅうさんもりいせき",FALSE
"十三湊遺跡","とさみなといせき",FALSE
"小栗山館遺跡","こぐりやまだていせき",FALSE
"小三内遺跡","こさんないいせき",FALSE
"小沢館跡","こざわたてあと",FALSE
"小田内沼(4)遺跡",NA,TRUE
"小田内沼(1)遺跡","おだないぬまかっこいちいせき",FALSE
"小板橋(2)遺跡",NA,TRUE
"小牧野遺跡","こまきのいせき",FALSE
"松ヶ崎遺跡","まつがさきいせき",FALSE
"松本遺跡","まつもといせき",FALSE
"上蛇沢(2)遺跡",NA,TRUE
"上新岡館","かみにいおかだて",FALSE
"薬師遺跡","やくしいせき",FALSE
"上尾駮(2)遺跡",NA,TRUE
"上野遺跡","うえのいせき",FALSE
"上野尻遺跡","かみのじりいせき",FALSE
"上野平(3)遺跡",NA,TRUE
"尻高(4)遺跡",NA,TRUE
"尻労安部洞窟",NA,TRUE
"新町野遺跡","しんまちのいせき",FALSE
"野木遺跡","のぎいせき",FALSE
"新田(1)遺跡",NA,TRUE
"新田(2)遺跡",NA,TRUE
"深沢(3)遺跡",NA,TRUE
"神原(2)遺跡",NA,TRUE
"垂柳遺跡","たれやなぎいせき",FALSE
"水吉遺跡","みずよしいせき",FALSE
"水木館遺跡","みずきだていせき",FALSE
"是川中田沢遺跡",NA,TRUE
"風張遺跡","かざはりいせき",FALSE
"聖寿寺館跡","しょうじゅじたてあと",FALSE
"西久根遺跡","にしくねいせき",FALSE
"西高校遺跡","にしこうこういせき",FALSE
"西山遺跡",NA,TRUE
"西張平遺跡","にしぱりたいいせき",FALSE
"西浜折曽の関遺跡","にしはまおりそのせきいせき",FALSE
"石江遺跡","いしえいせき",FALSE
"石江地区","いしえちく",FALSE
"新田(1)･(2)遺跡",NA,TRUE
"新城平岡(4)遺跡","しんじょうひらおかかっこよんいせき",FALSE
"新城平岡(2)遺跡","しんじょうひらおかかっこにいせき",FALSE
"高間(1)遺跡","たかまかっこいちいせき",FALSE
"赤平(3)遺跡",NA,TRUE
"切田前谷地(2)遺跡",NA,TRUE
"切田前谷地遺跡","きりだまえやちいせき",FALSE
"川原平(4)遺跡",NA,TRUE
"川原平(6)遺跡",NA,TRUE
"扇田(2)遺跡",NA,TRUE
"泉山遺跡","いずみやまいせき",FALSE
"泉田遺跡","いずみだいせき",FALSE
"前川遺跡","まえかわいせき",FALSE
"倉越(2)遺跡",NA,TRUE
"大池館遺跡","おおいけだていせき",FALSE
"早稲田遺跡","わせだいせき",FALSE
"太田野(2)遺跡",NA,TRUE
"太田野(3)遺跡",NA,TRUE
"北野(1)遺跡",NA,TRUE
"大久保平遺跡","おおくぼたいいせき",FALSE
"大石平遺跡","おおいしたいいせき",FALSE
"大川添(1)遺跡",NA,TRUE
"大川添(2)遺跡",NA,TRUE
"大川添(3)遺跡",NA,TRUE
"大川添(4)遺跡",NA,TRUE
"大畑家ノ上遺跡","おおはたいえのうえいせき",FALSE
"大平山元Ⅱ遺跡",NA,TRUE
"大平山元Ⅰ遺跡",NA,TRUE
"大坊頭遺跡","だいぼうがしらいせき",FALSE
"赤平(1)遺跡",NA,TRUE
"大和田遺跡","おおわだいせき",FALSE
"滝沢遺跡","たきざわいせき",FALSE
"滝端遺跡","たきはたいせき",FALSE
"沢ノ黒遺跡","さわのくろいせき",FALSE
"丹後谷地遺跡","たんごやちいせき",FALSE
"丹内遺跡","たんないいせき",FALSE
"中ノ沢西張遺跡","なかのさわにしはりいせき",FALSE
"中居林遺跡","なかいばやしいせき",FALSE
"中崎館遺跡","なかざきだていせき",FALSE
"中平遺跡","なかだいらいせき",FALSE
"中野館跡","なかのだてあと",FALSE
"中野平遺跡","なかのたいいせき",FALSE
"中里(2)遺跡",NA,TRUE
"朝日山(2)遺跡",NA,TRUE
"朝日山(3)遺跡",NA,TRUE
"朝日山(1)遺跡",NA,TRUE
"長久保(2)遺跡",NA,TRUE
"長七谷地貝塚遺跡","ちょうしちやちかいづかいせき",FALSE
"長谷遺跡","ながやいせき",FALSE
"津山遺跡","つやまいせき",FALSE
"槻ノ木(1)遺跡",NA,TRUE
"坪毛沢(1)遺跡",NA,TRUE
"坪毛沢(3)遺跡",NA,TRUE
"大鰐鶴ヶ鼻遺跡",NA,TRUE
"田ノ上遺跡","たのうえいせき",FALSE
"田面木遺跡","たものきいせき",TRUE
"島守館跡外",NA,TRUE
"東道ノ上(3)遺跡",NA,TRUE
"道仏鹿糠遺跡","どうぶつかぬかいせき",FALSE
"藤沢(2)遺跡",NA,TRUE
"縄文沼遺跡","じょうもんぬまいせき",FALSE
"南通遺跡","しもやまみなみどおりいせき",TRUE
"二股(2)遺跡",NA,TRUE
"乳井茶臼館","にゅういちゃうすだて",FALSE
"韮窪遺跡","にらくぼいせき",FALSE
"猫又(2)遺跡",NA,TRUE
"白座遺跡","はくざいせき",FALSE
"八重菊(1)遺跡",NA,TRUE
"千石屋敷遺跡","せんごくやしきいせき",FALSE
"発茶沢(1)遺跡",NA,TRUE
"発茶沢遺跡","はっちゃざわいせき",FALSE
"板子塚遺跡","いたこづかいせき",FALSE
"尾上山遺跡","おのえやまいせき",FALSE
"膝森遺跡","ひざもりかっこにいせき",TRUE
"表館(1)遺跡",NA,TRUE
"杉沢遺跡","すぎさわいせき",FALSE
"今津遺跡","いまづびーいせき",TRUE
"不備無遺跡","ふびなしいせき",FALSE
"富の沢(2)遺跡",NA,TRUE
"富山遺跡","とみやまいせき",FALSE
"永泉寺跡",NA,TRUE
"風穴遺跡","かざあないせき",FALSE
"福島城跡","ふくしまじょうあと",FALSE
"法師岡館遺跡","ほうしおかだていせき",FALSE
"蓬田大館遺跡",NA,TRUE
"堀越城跡",NA,TRUE
"堀切沢(2)遺跡",NA,TRUE
"堀切沢(3)遺跡",NA,TRUE
"明戸遺跡","あけどいせき",FALSE
"高屋遺跡","たかやいせき",FALSE
"明神沼遺跡","みょうじんぬまいせき",FALSE
"鳴戸(3)遺跡",NA,TRUE
"鳴沢遺跡","なるさわいせき",FALSE
"杢沢遺跡","もくさわいせき",FALSE
"餅ノ沢遺跡","もちのさわいせき",FALSE
"野場(5)遺跡",NA,TRUE
"野尻(1)遺跡",NA,TRUE
"野尻(2)遺跡",NA,TRUE
"野尻(3)遺跡",NA,TRUE
"野尻(4)遺跡",NA,TRUE
"野尻館遺跡","のじりだていせき",FALSE
"弥栄平(1)遺跡",NA,TRUE
"油伝(1)遺跡",NA,TRUE
"有戸鳥井平(7)遺跡",NA,TRUE
"酪農(1)遺跡",NA,TRUE
"林ノ前遺跡","はやしのまえいせき",FALSE
"鷲ノ巣(1)遺跡",NA,TRUE
"屏風山西遺跡","びょうぶざんにしいせき",FALSE
"鶉窪遺跡","うずらくぼいせき",FALSE
"愛宕山遺跡","あたごやまいせき",FALSE
"安俵6区Ⅲ遺跡",NA,TRUE
"安俵6区Ⅳ遺跡",NA,TRUE
"衣の関道遺跡","ころものせきみちいせき",TRUE
"一戸城",NA,TRUE
"沢田芋田Ⅳ遺跡",NA,TRUE
"隠里Ⅷ遺跡","かくれざと8いせき",FALSE
"北ノ越遺跡","きたのこしいせき",FALSE
"雨滝遺跡","あまたきいせき",FALSE
"鵜ノ木遺跡","うのきいせき",FALSE
"鵜ノ木南台地遺跡","うのきみなみだいちいせき",FALSE
"雲南遺跡","うんなんいせき",FALSE
"黄金堂遺跡","こがねどういせき",FALSE
"下屋敷遺跡","したやしきいせき",FALSE
"下中居Ⅰ･Ⅱ遺跡",NA,TRUE
"下尿前Ⅳ遺跡",NA,TRUE
"下嵐江Ⅰ･Ⅱ遺跡",NA,TRUE
"伽羅之御所跡",NA,TRUE
"河崎の柵擬定地","かわさきのさくぎていち",FALSE
"花館跡","はなだてあと",FALSE
"花泉遺跡",NA,TRUE
"海上Ⅱ遺跡",NA,TRUE
"外屋敷ⅩⅨ遺跡","そとやしき19いせき",FALSE
"割沢遺跡","わりさわいせき",FALSE
"間館Ⅰ遺跡",NA,TRUE
"石曽根遺跡","いしそねいせき",FALSE
"間木戸Ⅴ遺跡","まぎど5いせき",FALSE
"間木戸Ⅱ遺跡","まぎど2いせき",FALSE
"館遺跡","あざぶだていせき",TRUE
"館石野Ⅰ遺跡",NA,TRUE
"丸木橋遺跡","まるきばしいせき",FALSE
"岩崎城跡","いわさきじょうあと",FALSE
"岩洞堤遺跡","がんどうづつみいせき",FALSE
"机遺跡","つくえいせき",FALSE
"休場遺跡","やすみばいせき",FALSE
"宮沢原下遺跡","みやざわはらしたいせき",TRUE
"宮野貝塚","みやのかいづか",FALSE
"境遺跡","",TRUE
"曲田Ⅰ遺跡",NA,TRUE
"金取遺跡","かねどりいせき",FALSE
"小屋畑遺跡","こやはたいせき",FALSE
"金浜Ⅰ･Ⅱ遺跡",NA,TRUE
"九重沢遺跡","くじゅうさわいせき",FALSE
"駒坂遺跡",NA,TRUE
"五庵Ⅰ遺跡",NA,TRUE
"五輪堂遺跡","ごりんどういせき",FALSE
"向新田Ⅲ遺跡","むかいしんでん3いせき",FALSE
"向中野館遺跡","むかいなかのだていせき",TRUE
"江刺家Ⅳ･Ⅴ遺跡",NA,TRUE
"江刺家遺跡","えさしかいせき（かきのき1いせき）",TRUE
"江川鉄山跡","えがわてつざんあと",FALSE
"高玉遺跡","たかだまいせき",FALSE
"高瀬Ⅰ･Ⅱ遺跡",NA,TRUE
"蓬田遺跡","よもぎだいせき",FALSE
"高瀬Ⅰ遺跡",NA,TRUE
"高前壇Ⅱ遺跡",NA,TRUE
"高木中館遺跡","たかぎなかだていせき",FALSE
"下通遺跡","したどおりいせき",FALSE
"国分遺跡","こくぶいせき",FALSE
"獄Ⅱ遺跡",NA,TRUE
"腰廻館跡","こしめぐりたてあと",FALSE
"骨寺村荘園遺跡","ほねでらむらしょうえんいせき",FALSE
"梅木田遺跡","うめのきだいせき",FALSE
"平泉野遺跡",NA,TRUE
"根岸遺跡","ねぎしいせき",FALSE
"佐原Ⅱ遺跡","さばら2いせき",FALSE
"才津沢遺跡","さいつざわいせき",FALSE
"細谷地遺跡","ほそやちいせき",TRUE
"坂下遺跡","さかしたいせき",FALSE
"作屋敷遺跡","さくやしきいせき",FALSE
"山ノ内Ⅱ遺跡",NA,TRUE
"山口館跡","やまぐちだてあと",FALSE
"山根館跡","やまねだてあと",FALSE
"山脈地遺跡","さんみゃくちいせき",FALSE
"子飼沢Ⅰ遺跡","こがいさわ1いせき",FALSE
"子飼沢Ⅱ遺跡","こがいさわ2いせき",FALSE
"耳取Ⅰ遺跡B地区","みみとり1いせき",TRUE
"室浜遺跡","むろはまいせき",FALSE
"漆町遺跡","うるしまちいせき",FALSE
"篠館跡","しのだてあと",FALSE
"手代森遺跡","てしろもりいせき",FALSE
"宿内遺跡","しゅくないいせき",FALSE
"小井田Ⅲ遺跡",NA,TRUE
"小屋野遺跡","こやのいせき",FALSE
"小出館遺跡","こいでたていせき",FALSE
"小松Ⅰ遺跡","こまつ1いせき",FALSE
"小成Ⅱ遺跡","こなり2いせき",FALSE
"小日谷地ⅠB遺跡",NA,TRUE
"小白浜遺跡","こじらはまいせき",FALSE
"小林繁長遺跡","こばやししげながいせき",FALSE
"松磯遺跡","まついそいせき",FALSE
"松山館跡","まつやまたてあと",FALSE
"松山大地田沢遺跡","まつやまおおちたさわいせき",FALSE
"松本館跡","まつもとたてあと",FALSE
"沼久保遺跡","ぬまくぼいせき",FALSE
"焼山遺跡","やけやまいせき",FALSE
"上鬼柳Ⅳ遺跡",NA,TRUE
"上村遺跡","うえむらいせき",FALSE
"上斗内Ⅴ遺跡",NA,TRUE
"上斗内Ⅳ遺跡",NA,TRUE
"上野Ⅰ遺跡","うわの1いせき",FALSE
"浄法寺城",NA,TRUE
"新館遺跡","しんだていせき",FALSE
"新田Ⅱ遺跡","しんでん2いせき",FALSE
"新平遺跡","にっぺいいせき",FALSE
"仁田代遺跡","にたしろいせき",FALSE
"下ノ沢遺跡","しものさわいせき",FALSE
"四反田Ⅰ遺跡","したんだ1いせき",FALSE
"水尻遺跡",NA,TRUE
"古城方八丁遺跡","こじょうほうはっちょういせき",FALSE
"水神遺跡","すいじんいせき",FALSE
"杉の堂遺跡","すぎのどういせき",FALSE
"菅窪長屋構Ⅱ遺跡","すげのくぼながやかまえ2いせき",FALSE
"菅窪長屋構Ⅲ遺跡","すげのくぼながやかまえ3いせき",FALSE
"瀬原Ⅱ遺跡","せわら2いせき",TRUE
"清水ヶ野遺跡",NA,TRUE
"清水遺跡",NA,TRUE
"清田台遺跡","きよただいいせき",FALSE
"生母宿遺跡","せいぼしゅくいせき",FALSE
"宮沢遺跡","みやざわいせき",FALSE
"本宮熊堂B遺跡","もとみやくまどうびぃいせき",FALSE
"野古A遺跡","のっこえーいせき",TRUE
"台太郎遺跡","台太郎遺跡",TRUE
"飯岡才川遺跡","いいおかさいかわいせき",FALSE
"西部遺跡","せいぶいせき",FALSE
"青野滝北Ⅰ遺跡","あおのたききた1いせき",FALSE
"青野滝北Ⅱ遺跡","あおのたききた2いせき",FALSE
"斉羽場館跡","さいのはばたてあと",FALSE
"石応禅寺裏遺跡","せきおうぜんじうらいせき",FALSE
"石持Ⅰ遺跡","いしもちいちいせき",FALSE
"石田Ⅰ･Ⅱ遺跡",NA,TRUE
"赤前Ⅲ遺跡","あかまえ3いせき",FALSE
"千苅遺跡","せんがりいせき",FALSE
"千足南遺跡","せんぞくみなみいせき",FALSE
"川原遺跡",NA,TRUE
"川口Ⅱ遺跡",NA,TRUE
"川口Ⅰ遺跡","かわぐち1いせき",FALSE
"川目A遺跡","かわめえーいせき",TRUE
"倉町遺跡","いたくらちょういせき",TRUE
"早坂平遺跡","はやさかたいいせき",FALSE
"増沢東部遺跡群","ますざわとうぶいせきぐん",FALSE
"大芦赤空洞遺跡",NA,TRUE
"大宮北遺跡","おおみやきたいせき",FALSE
"大清水上遺跡","おおしみずかみいせき",FALSE
"大西遺跡","おおにしいせき",FALSE
"大渡Ⅱ遺跡",NA,TRUE
"大洞貝塚","おおほらかいづか",FALSE
"大日向Ⅱ遺跡","おおひなた２いせき",FALSE
"大畑Ⅲ遺跡","おおばたけ3いせき",FALSE
"大平野Ⅱ遺跡","おおだいらの2いせき",FALSE
"沢田Ⅰ遺跡","はまかわめさわだ1いせき",TRUE
"沢田遺跡","さわだいせき",FALSE
"丹内Ⅰ遺跡","たんないいちいせき",FALSE
"鍛冶沢遺跡","かじさわいせき",FALSE
"中村城跡","なかむらじょうあと",FALSE
"中沢浜貝塚","なかざわはまかいづか",FALSE
"中嶋遺跡","なかしまいせき",FALSE
"中半入遺跡","なかはんにゅういせき",FALSE
"中野遺跡","なかのいせき",TRUE
"張山遺跡","はりやまいせき",FALSE
"長倉Ⅳ遺跡",NA,TRUE
"長谷堂貝塚","はせどうかいづか",FALSE
"鳥海柵跡","とのみのさくあと",FALSE
"津軽石大森遺跡","つがるいしおおもりいせき",FALSE
"塚野Ⅱ遺跡",NA,TRUE
"鶴飼遺跡","つるかいいせき",FALSE
"堤遺跡","つつみいせき",FALSE
"泥這遺跡",NA,TRUE
"田の浜館跡","たのはまだてあと",FALSE
"田光遺跡","たこういせき",FALSE
"田高Ⅱ遺跡","たこう2遺跡",FALSE
"島越Ⅱ遺跡","しまのこし2いせき",FALSE
"島越ⅩⅣ遺跡","しまのこし14いせき",FALSE
"菅窪遺跡","すげのくぼいせき",FALSE
"島岡Ⅱ遺跡","しまおかにいせき",FALSE
"卯遠坂遺跡","うとうざかいせき",FALSE
"下羽場遺跡","しもはばいせき",FALSE
"上平沢新田遺跡","かみひらさわしんでんいせき",FALSE
"大明神遺跡","だいみょうじんいせき",FALSE
"柳田館遺跡","やなぎだたていせき",FALSE
"東裏遺跡","ひがしうらいせき",FALSE
"今泉遺跡","いまいずみいせき",FALSE
"栗田Ⅰ･Ⅱ遺跡",NA,TRUE
"成沢遺跡","なりさわいせき",FALSE
"杉ノ上Ⅰ遺跡","すぎのうえいち遺跡",FALSE
"湯の沢Ⅲ遺跡",NA,TRUE
"道上遺跡","みちうえいせき",FALSE
"道地Ⅲ遺跡",NA,TRUE
"峠山牧場Ⅰ遺跡A地区",NA,TRUE
"峠山牧場Ⅰ遺跡B地区",NA,TRUE
"栃洞遺跡","とちほらいせき",FALSE
"栃内野崎遺跡","とちないのざきいせき",FALSE
"南日詰小路口Ⅰ･Ⅱ遺跡",NA,TRUE
"南部工業団地内遺跡","なんぶこうぎょうだんちないいせき",FALSE
"二の台長根遺跡","にのだいながねいせき",FALSE
"二本木遺跡","にほんぎいせき",FALSE
"二又遺跡","ふたまたいせき",FALSE
"年呂部Ⅱ遺跡",NA,TRUE
"馬場野Ⅰ遺跡",NA,TRUE
"梅の木沢遺跡","うめのきさわいせき",FALSE
"伯済寺遺跡","はくさいじいせき",FALSE
"柏山館跡","かしやまたてあと",FALSE
"麦生Ⅸ遺跡",NA,TRUE
"古城林遺跡","こじょうはやしいせき",FALSE
"八反町遺跡","はったんちょういせき",FALSE
"中畑城跡","なかはたじょうあと",FALSE
"八木沢Ⅱ遺跡","やぎさわ2いせき",FALSE
"八木沢ラントノ沢Ⅱ遺跡","やぎさわらんとのさわ2いせき",FALSE
"八木沢駒込Ⅱ遺跡","やぎさわこまごめ2いせき",FALSE
"八木沢駒込Ⅰ遺跡","やぎさわこまごめ1いせき",FALSE
"八木沢野来遺跡","やぎさわのうらいいせき",FALSE
"賽の神遺跡","さいのかみいせき",FALSE
"板橋Ⅲ遺跡",NA,TRUE
"板子屋敷3遺跡","いたこやしき3いせき",FALSE
"板倉遺跡","いたくらいせき",FALSE
"館岡Ⅱ遺跡","たておか2いせき",FALSE
"彼岸田遺跡","ひがんだいせき",FALSE
"飛鳥台地Ⅰ遺跡",NA,TRUE
"尾肝要Ⅰ遺跡","おかんよう1いせき",FALSE
"姫松Ⅰ･Ⅱ遺跡",NA,TRUE
"鼻館跡","はなだてあと",FALSE
"浜岩泉Ⅲ遺跡","はまいわいずみ3いせき",FALSE
"払川Ⅱ遺跡","はらいかわ2いせき",FALSE
"払川Ⅲ遺跡","はらいかわ3いせき",FALSE
"花立Ⅰ遺跡","はなだて1いせき",TRUE
"中尊寺跡",NA,TRUE
"平田遺跡","ひらたいせき",FALSE
"平内Ⅱ遺跡",NA,TRUE
"宝性寺跡","ほうしょうじあと",FALSE
"宝禄Ⅱ遺跡","ほうろく2いせき",FALSE
"峯岸遺跡","みねぎしいせき",FALSE
"崩田遺跡","くずれだいせき",FALSE
"豊間根新田Ⅰ遺跡","とよまねしんでん1いせき",FALSE
"本町Ⅱ遺跡","もとまちにいせきだいにじ",TRUE
"本波Ⅷ遺跡","ほんなみ8いせき",FALSE
"無量光院跡","むりょうこういんあと",FALSE
"花立Ⅱ遺跡","はなだて2いせき",TRUE
"木戸井内Ⅳ遺跡","きどいない4いせき",FALSE
"隠里Ⅲ遺跡","かくれざと3いせき",FALSE
"磯鶏石崎遺跡","そけいいしざきいせき",FALSE
"野場Ⅰ遺跡","のば1いせき",FALSE
"野沢Ⅱ遺跡","のざわ2いせき",FALSE
"野田Ⅰ遺跡","のだ1いせき",FALSE
"野里上遺跡","のざとかみいせき",FALSE
"矢盛遺跡","やもりいせき",FALSE
"柳上遺跡","ようしゅういせき",FALSE
"柳沢館遺跡",NA,TRUE
"柳之御所遺跡","やなぎのごしょいせき",FALSE
"要害遺跡","ようがいじょうあと",FALSE
"里遺跡",NA,TRUE
"里館遺跡","さだていせき",TRUE
"里古屋遺跡","さとごやいせき",FALSE
"和野Ⅰ遺跡","わの1いせき",FALSE
"和野ソマナイ遺跡","わのそまないいせき",FALSE
"叺屋敷Ⅰb遺跡",NA,TRUE
"叺屋敷Ⅲ遺跡",NA,TRUE
"叺屋敷Ⅱ遺跡",NA,TRUE
"袰帯遺跡","ほろたいいせき",FALSE
"賽の神Ⅲ遺跡",NA,TRUE
"引込横穴墓群",NA,TRUE
"沓形遺跡","くつかたいせき",TRUE
"窪田遺跡","くぼたいせき",FALSE
"郡山遺跡","こおりやまいせき",FALSE
"硯沢窯跡","すずりさわかまあと",FALSE
"元袋遺跡",NA,TRUE
"荒井西地区",NA,TRUE
"荒井南遺跡","あらいみなみいせき",TRUE
"三神峯遺跡",NA,TRUE
"桜井館跡",NA,TRUE
"山居遺跡","さんきょいせき",FALSE
"山口遺跡","やまぐちいせき",FALSE
"山田上ノ台遺跡",NA,TRUE
"十郎田遺跡",NA,TRUE
"沼向遺跡","ぬまむかいいせき",FALSE
"沼津貝塚隣接地",NA,TRUE
"上ノ原A遺跡",NA,TRUE
"馬放島貝塚",NA,TRUE
"大代洞窟遺跡",NA,TRUE
"菅生田遺跡",NA,TRUE
"大木囲貝塚","だいぎがこいかいづか",FALSE
"宇ヶ崎貝塚",NA,TRUE
"多賀城跡","たがじょうあと",FALSE
"吉田浜貝塚",NA,TRUE
"梁瀬浦遺跡",NA,TRUE
"西石山原遺跡","にしいしやまはらいせき",FALSE
"内手遺跡","うしろうちでいせき",TRUE
"涌沢遺跡","わくさわいせき",FALSE
"上宮前北遺跡","かみみやまえきたいせき",FALSE
"影倉D遺跡","かげくらDいせき",FALSE
"新井田館跡","にいだたてあと",FALSE
"須江瓦山A窯跡",NA,TRUE
"西浦B遺跡",NA,TRUE
"西屋敷遺跡",NA,TRUE
"西台畑遺跡","にしだいばたけいせき",FALSE
"石森館跡","いしのもりたてあと",FALSE
"仙台城跡","せんだいじょうあと",FALSE
"仙台城跡二の丸北方武家屋敷地区","せんだいじょうあとにのまるほっぽうぶけやしきちく",FALSE
"船渡前遺跡",NA,TRUE
"前戸内遺跡",NA,TRUE
"大久保遺跡","おおくぼいせき",FALSE
"大境山遺跡",NA,TRUE
"谷原遺跡","たにはらいせき",FALSE
"青木畑遺跡",NA,TRUE
"中筋遺跡","なかすじいせき",FALSE
"中野高柳遺跡",NA,TRUE
"長原上遺跡","ながはらうえいせき",FALSE
"田柄貝塚",NA,TRUE
"馬場壇A遺跡",NA,TRUE
"馬牛沼遺跡",NA,TRUE
"高野遺跡","たかのいせき",FALSE
"荒井遺跡","あらいいせき",FALSE
"白鳥遺跡","しらとりいせき",FALSE
"八幡沖遺跡","はちまんおきいせき",FALSE
"富沢遺跡",NA,TRUE
"北経塚遺跡","きたきょうづかいせき",FALSE
"北小松遺跡","きたこまついせき",FALSE
"諏訪遺跡","すわいせき",FALSE
"宮沼遺跡","みやぬまいせき",FALSE
"北前遺跡",NA,TRUE
"梨野A遺跡",NA,TRUE
"沼原A遺跡",NA,TRUE
"嶺山C遺跡",NA,TRUE
"野川遺跡",NA,TRUE
"薬師堂東遺跡","やくしどうひがしいせき",FALSE
"薬莱原No.15遺跡","やくらいはらなんばーじゅうごいせき",FALSE
"与兵衛沼窯跡",NA,TRUE
"梨木畑貝塚",NA,TRUE
"里浜貝塚","さとはまかいづか",FALSE
"和尚堂遺跡",NA,TRUE
"からむし岱Ⅰ遺跡",NA,TRUE
"ハケノ下遺跡","はけのしたいせき",FALSE
"ムサ岱遺跡","むさだいいせき",FALSE
"阿部館遺跡",NA,TRUE
"案内Ⅳ遺跡",NA,TRUE
"案内Ⅵ遺跡",NA,TRUE
"伊勢堂岱遺跡","いせどうたいいせき",FALSE
"井戸尻台Ⅰ遺跡","いどじりだいいちいせき",FALSE
"烏野上岱遺跡","からすのうわだいいせき",FALSE
"臼館跡","うすだてあと",FALSE
"姥ヶ沢窯跡","うばがさわかまあと",FALSE
"越雄遺跡","こしおいせき",FALSE
"横山遺跡","よこやまいせき",FALSE
"横枕遺跡","よこまくらいせき",FALSE
"沖田遺跡","おきたいせき",FALSE
"沖田Ⅱ遺跡",NA,TRUE
"下堤遺跡","しもつつみいせき",FALSE
"下野Ⅱ遺跡",NA,TRUE
"家ノ浦Ⅱ遺跡",NA,TRUE
"家ノ浦遺跡","いえのうらいせき",FALSE
"家の下遺跡","いえのしたいせき",FALSE
"家ノ後遺跡","いえのうしろ",TRUE
"蝦夷塚古墳群","えぞづかこふんぐん",FALSE
"会塚田中B遺跡","あいづかたなかびいいせき",FALSE
"貝保遺跡","かいほいせき",FALSE
"鎌谷地沢遺跡","かまやちざわいせき",FALSE
"鴨子台遺跡","かものこだい",TRUE
"鴨巣Ⅰ･Ⅱ遺跡",NA,TRUE
"寒川Ⅰ遺跡",NA,TRUE
"寒川Ⅱ遺跡",NA,TRUE
"観音寺廃寺跡","かんのんじはいじあと",FALSE
"館堀城跡","たてぼりじょうあと",FALSE
"岩倉館跡","いわくらだてあと",FALSE
"宮田館跡","みやたやかたあと",FALSE
"橋場岱D遺跡","はしばたいでーいせき",FALSE
"橋場岱B遺跡","はしばたいびーいせき",FALSE
"桐内A遺跡","きりないえいいせき",FALSE
"桐内C遺跡","きりないC",TRUE
"桐内D遺跡","きりないでーいせき",FALSE
"芹川館跡","せりかわだてあと",FALSE
"金仏遺跡","かなぼとけいせき",FALSE
"繋沢遺跡","つなぎさわいせき",FALSE
"月見堂館跡","つきみどうたてあと",FALSE
"元木山根Ⅱ遺跡",NA,TRUE
"狐森遺跡","きつねもりいせき",FALSE
"胡桃館遺跡","くるみだていせき",FALSE
"後山遺跡","うしろやまいせき",FALSE
"御嶽公園館跡","みたけこうえんたてあと",FALSE
"向様田B遺跡","むかいさまだびいいせき",FALSE
"向様田C遺跡","むかいさまだしいいせき",FALSE
"向様田E遺跡","むかいさまだいいいせき",FALSE
"向様田F遺跡","むかいさまだえふいせき",FALSE
"江原嶋1遺跡","えばらじまいちいせき",FALSE
"高瀬館跡","たかせたてあと",FALSE
"上祭沢遺跡","かみまつりざわ",TRUE
"鳶ヶ長根Ⅱ遺跡",NA,TRUE
"鳶ヶ長根Ⅲ遺跡",NA,TRUE
"鳶ヶ長根Ⅳ遺跡",NA,TRUE
"萩峠遺跡","はぎとうげいせき",FALSE
"根下戸Ⅰ･Ⅱ･Ⅲ遺跡",NA,TRUE
"根下戸道下遺跡","ねげどみちしたいせき",FALSE
"塞ノ神遺跡","さいのかみいせき",FALSE
"坂ノ上遺跡","さかのうえいせき",FALSE
"坂下Ⅱ遺跡",NA,TRUE
"鹿来館跡","ろくらいだてあと",FALSE
"釈迦内中台Ⅰ遺跡",NA,TRUE
"手形山南遺跡","てがたやまみなみいせき",FALSE
"秋田城跡",NA,TRUE
"十二牲B遺跡","じゅうにしょうびーいせき",FALSE
"小勝田館跡","おがただてあと",FALSE
"小袋岱遺跡","こぶくろたいいせき",FALSE
"小谷地遺跡","こやちいせき",FALSE
"小鳥田Ⅰ遺跡",NA,TRUE
"小林遺跡","こばやしいせき",FALSE
"松館遺跡","まつだていせき",FALSE
"松木台Ⅲ遺跡",NA,TRUE
"菖蒲崎貝塚","しょうぶざきかいづか",FALSE
"上ノ山Ⅱ遺跡",NA,TRUE
"上ノ山Ⅰ遺跡","うえのやまⅠいせき",FALSE
"樋向Ⅰ遺跡",NA,TRUE
"樋向Ⅲ遺跡",NA,TRUE
"大沢Ⅰ遺跡",NA,TRUE
"大沢Ⅱ遺跡","つかごしおおさわにいせき",TRUE
"鹿渡渉Ⅱ遺跡",NA,TRUE
"上熊ノ沢遺跡","かみくまのさわ",TRUE
"上岱Ⅰ遺跡",NA,TRUE
"上大見内遺跡","かみおおみないいせき",FALSE
"上谷地遺跡","うわやちいせき",FALSE
"常野遺跡","じょうのいせき",FALSE
"新屋敷遺跡","しんやしきいせき",FALSE
"森吉家ノ前A遺跡","もりよしいえのまええーいせき",FALSE
"深渡A遺跡","ふかわたりえーいせき",FALSE
"深渡遺跡","ふかわたりいせき",FALSE
"諏訪岱Ⅱ遺跡",NA,TRUE
"長野岱Ⅲ遺跡",NA,TRUE
"諏訪台C遺跡","すわだいC",TRUE
"厨川谷地遺跡","くりやがわやちいせき",FALSE
"杉沢台遺跡","すぎさわだいいせき",FALSE
"清水尻Ⅱ遺跡",NA,TRUE
"西板戸遺跡","にしいたどいせき",FALSE
"石倉岱遺跡",NA,TRUE
"石鳥谷館跡","いしどりやたてあと",FALSE
"川口十三森遺跡","かわぐちじゅうさんもりいせき",FALSE
"扇田谷地遺跡","おうぎだやちいせき",FALSE
"扇田道下遺跡","おうぎたみちしたいせき",FALSE
"船戸遺跡","ふなといせき",FALSE
"前谷地遺跡","まえやちいせき",FALSE
"前通遺跡","まえどおりいせき",FALSE
"前田表Ⅱ遺跡",NA,TRUE
"前田表遺跡","まえだおもていせき",FALSE
"岱Ⅲ遺跡","たいさんいせき",FALSE
"大浦遺跡","おおうらいせき",FALSE
"大見内遺跡","おおみないいせき",FALSE
"大見内遺跡･館野遺跡","おおみないいせき",TRUE
"大松沢Ⅰ遺跡",NA,TRUE
"大沼沢A遺跡","おおぬまざわえいいせき",FALSE
"大川口館跡",NA,TRUE
"大川端道ノ上遺跡","おおかわばたみちのうえいせき",FALSE
"大沢倉下遺跡","おおさわくらしたいせき",FALSE
"大坪遺跡","おおつぼいせき",FALSE
"大湯環状列石","おおゆかんじょうれっせき",FALSE
"大平遺跡","おおひらいせき",FALSE
"地蔵岱遺跡","じぞうたいいせき",FALSE
"地蔵田遺跡","じぞうでんいせき",FALSE
"池内遺跡","いけないいせき",FALSE
"中の沢遺跡","なかのさわいせき",FALSE
"中山遺跡","なかやまいせき",FALSE
"中谷地遺跡","なかやちいせき",FALSE
"長戸呂遺跡","ながとろいせき",FALSE
"長野Ⅱ遺跡",NA,TRUE
"堤沢山遺跡","つつみさわやまいせき",FALSE
"天戸森遺跡","てんともりいせき",FALSE
"田ノ沢山遺跡","たのさわやまいせき",FALSE
"谷地中遺跡","やちなかいせき",FALSE
"土井遺跡","いいどいいせき",TRUE
"土飛山館跡","どびやまだてあと",FALSE
"東飛塚館跡","ひがしとびづかたてあと",FALSE
"石坂台遺跡","いしざかだいいせき",FALSE
"石坂台Ⅶ遺跡",NA,TRUE
"石坂台Ⅷ遺跡",NA,TRUE
"石坂台Ⅸ遺跡",NA,TRUE
"上野台遺跡","みやざきうえのだいいせき",TRUE
"手取清水遺跡","てとりしみず",TRUE
"小出Ⅰ遺跡","こいでⅠいせき",FALSE
"小出Ⅳ遺跡",NA,TRUE
"上猪岡遺跡","かみいのおか",TRUE
"竹原窯跡",NA,TRUE
"茂竹沢遺跡","しげたけざわ",TRUE
"古野遺跡","このいせき",FALSE
"小田Ⅳ遺跡",NA,TRUE
"蟹子沢遺跡","かにこざわいせき",FALSE
"小田Ⅴ遺跡",NA,TRUE
"岩瀬遺跡","いわせいせき",FALSE
"歌内遺跡","うたないいせき",FALSE
"飛鳥平遺跡","あすかたいいせき",FALSE
"北の林Ⅰ遺跡","きたのはやしⅠいせき",FALSE
"小豆沢館遺跡","あずきさわだていせき",FALSE
"北の林Ⅱ遺跡","きたのはやしⅡいせき",FALSE
"上葛岡Ⅳ遺跡","かみくずおかⅣいせき",FALSE
"案内Ⅱ遺跡","あんないⅡいせき",FALSE
"中の崎遺跡","なかのざきいせき",FALSE
"妻の神Ⅰ遺跡",NA,TRUE
"妻の神Ⅱ遺跡",NA,TRUE
"白長根館Ⅰ遺跡",NA,TRUE
"湯ノ沢岱遺跡","ゆのさわたいいせき",FALSE
"湯水沢遺跡","ゆみずさわいせき",FALSE
"湯瀬館跡",NA,TRUE
"藤株遺跡","ふじかぶいせき",FALSE
"堂の下遺跡","どうのしたいせき",FALSE
"二重鳥A遺跡","ふたえどりえーいせき",FALSE
"地蔵岱A遺跡","じぞうたいえーいせき",FALSE
"日廻岱A遺跡","ひまわしたいえいいせき",FALSE
"柏木岱Ⅱ遺跡",NA,TRUE
"白坂遺跡","しろざかいせき",FALSE
"八木遺跡","やぎいせき",FALSE
"盤若台遺跡","はんにゃだいいせき",FALSE
"樋ノ口遺跡","ひのくちいせき",FALSE
"樋向遺跡","とよむかいいせき",FALSE
"姫ヶ岱C遺跡","ひめがたいしーいせき",FALSE
"姫ヶ岱D遺跡","ひめがたいでーいせき",FALSE
"布田谷地遺跡","ぬのたやちいせき",FALSE
"福田遺跡","ふくだいせき",FALSE
"十二林遺跡","じゅうにばやしいせき",FALSE
"払田柵跡","ほったのさくあと",FALSE
"兵ヶ沢遺跡","ひょうがさわ",TRUE
"平右衛門田尻遺跡","へいうえもんたじりいせき",FALSE
"柄内遺跡",NA,TRUE
"片野Ⅰ遺跡",NA,TRUE
"峰吉川中村遺跡","みねよしかわなかむらいせき",FALSE
"北楢岡中野遺跡","きたならおかなかのいせき",FALSE
"堀量遺跡","ほうりょういせき",FALSE
"野崎遺跡","のざきいせき",FALSE
"竜毛沢館跡","りゅうげざわたてあと",FALSE
"龍門寺茶畑遺跡","りゅうもんじちゃばたけいせき",FALSE
"狼穴Ⅲ遺跡",NA,TRUE
"狼穴Ⅱ遺跡",NA,TRUE
"狼穴Ⅳ遺跡",NA,TRUE
"六日市遺跡","むいかいちいせき",FALSE
"脇神館跡","わきがみたてあと",FALSE
"脇本遺跡","わきもといせき",FALSE
"脇本城跡","わきもとじょうあと",FALSE
"茱萸ノ木遺跡","ぐみのきいせき",FALSE
"加代神館跡",NA,TRUE
"オサヤズ窯跡","おさやずかまあと",FALSE
"お仲間林遺跡","おなかまばやしいせき",FALSE
"梓山a遺跡","ずさやまaいせき",FALSE
"稲荷山館跡",NA,TRUE
"鵜の木館跡","うのきたてあと",FALSE
"永源寺跡遺跡","ようげんじあといせき",FALSE
"押出遺跡","おんだしいせき",FALSE
"下叶水遺跡","しもかのみずいせき",FALSE
"下大曽根遺跡","しもおおそねいせき",FALSE
"加藤屋敷遺跡","かとうやしきいせき",FALSE
"鎌倉上遺跡","かまくらかみいせき",TRUE
"舘山城跡","たてやまじょうし",FALSE
"米沢城跡","よねざわじょうあと",FALSE
"岩井沢遺跡","いわいさわいせき",FALSE
"岩崎遺跡","いわさきいせき",FALSE
"興屋川原遺跡","こうやがわらいせき",FALSE
"玉作2遺跡","たまつくり2いせき",FALSE
"元宿北遺跡","もとじゅくきたいせき",FALSE
"古屋敷遺跡","古屋敷遺跡Ａ区",TRUE
"向河原遺跡","むかいがわらいせき",FALSE
"庚申町遺跡","こうしんちょういせき",FALSE
"行司免遺跡","ぎょうじめんいせき",TRUE
"高瀬山(1期)遺跡",NA,TRUE
"高瀬山遺跡(2期)","たかせやまいせき",TRUE
"高瀬山遺跡(HO)3期","たかせやまいせき",TRUE
"高瀬山遺跡HO地区","たかせやまいせきHOちく",FALSE
"高倉山遺跡",NA,TRUE
"今塚遺跡","いまづかいせき",FALSE
"砂川A遺跡","すながわえいいせき",FALSE
"作野遺跡","さくのいせき",FALSE
"山形城三の丸跡","やまがたじょうさんのまるあと",FALSE
"山田遺跡","やまだいせき",FALSE
"市野々向原遺跡","いちののむかいはらいせき",FALSE
"出張坂城跡",NA,TRUE
"助作遺跡","すけづくりいせき",FALSE
"小山遺跡",NA,TRUE
"小平2遺跡","こだいら2いせき",FALSE
"沼袋遺跡","ぬまぶくろいせき",FALSE
"沼田2遺跡","ぬまた２いせき",FALSE
"上高田遺跡","かみたかだいせき",FALSE
"上敷免遺跡","じょうしきめんいせき",FALSE
"上野A遺跡","うわのえーいせき",FALSE
"森の原遺跡","もりのはらいせき",TRUE
"今宿大谷地遺跡","いましゅくおおやちいせき",FALSE
"水沢館跡","みずさわたてあと",FALSE
"清水西遺跡","しずにしいせき",FALSE
"西沼田遺跡","にしぬまたいせき",FALSE
"西谷地b遺跡","にしやちｂいせき",TRUE
"川前2遺跡",NA,TRUE
"川内袋遺跡","かわうちぶくろいせき",FALSE
"泉森南窯跡","いずみもりみなみかまあと",FALSE
"太夫小屋2遺跡","たゆうこや2いせき",FALSE
"達磨寺遺跡","だるまじいせき",FALSE
"地坂台遺跡","ちさかだいいせき",FALSE
"太郎水野1遺跡","たろうみずの1 いせき",FALSE
"下中田遺跡","もりしたなかだいせき",TRUE
"太郎水野2遺跡","たろうみずの２いせき",FALSE
"馳上遺跡･西谷地b遺跡",NA,TRUE
"中川原C遺跡","なかがわらCいせき",TRUE
"中落合遺跡","なかおちあいいせき",FALSE
"仲台遺跡","おおなかだいいせき",TRUE
"長畑遺跡","ながばたけいせき",FALSE
"鶴ヶ岡城跡","つるがおかじょうあと",FALSE
"堤屋敷遺跡","つつみやしきいせき",FALSE
"天王遺跡","てんのういせき",FALSE
"天矢場遺跡","てんやばいせき",FALSE
"田向2遺跡","たむかい２いせき",TRUE
"東畑A遺跡","ひがしはたえいいせき",FALSE
"道出遺跡","どうでいいせき",TRUE
"南田遺跡",NA,TRUE
"日向洞窟遺跡","ひなたどうくつ",TRUE
"馬洗場B遺跡","うまあらいばBいせき",FALSE
"梅野木前1遺跡","うめのきまえいちいせき",FALSE
"萩原遺跡","はぎわらいせき",FALSE
"白鳥館跡","しろとりたてあと",FALSE
"畑田遺跡","はたけだいせき",FALSE
"八ッ目久保遺跡",NA,TRUE
"八森遺跡","はちもりいせき",FALSE
"板橋1遺跡","いたばし1いせき",FALSE
"飯塚2遺跡",NA,TRUE
"飛泉寺跡遺跡","ひせんじあといせき",FALSE
"百刈田遺跡","さんびゃくかりたいせき　とよだじょういせき",TRUE
"服部遺跡･藤治屋敷遺跡","はっとりいせき",TRUE
"三軒屋物見台遺跡","さんけんやものみだいいせき",FALSE
"北原2遺跡","きたはら２いせき",TRUE
"北小屋屋敷遺跡","きたこややしきいせき",FALSE
"北島遺跡","きたじまいせき",FALSE
"北目長田遺跡","きためながたいせき",FALSE
"睦合館跡","むつあいたてあと",FALSE
"万治ヶ沢遺跡","まんじがさわいせき",FALSE
"木原遺跡","ほおのきはらいせき",TRUE
"蕨山遺跡","わらびやまいせき",FALSE
"矢馳A遺跡",NA,TRUE
"トロミ遺跡","とろみいせき（３じちょうさ）",TRUE
"阿津賀志山防塁","あつかしやまぼうるい",FALSE
"小豆畑遺跡","あずきばたけいせき",FALSE
"荻平遺跡","おぎだいら（いちじちょうさ）",TRUE
"小田原遺跡","おだばらいせき",FALSE
"井出上ノ原遺跡","いでうえのはらいせき",FALSE
"宇根尻B遺跡","うねじりびーいせき",FALSE
"越田和遺跡","こしたわいせき",FALSE
"横山B遺跡","よこやまびーいせき",FALSE
"屋敷前遺跡","やしきまえいせき",FALSE
"下高山遺跡","しもたかやまいせき",FALSE
"夏井廃寺跡","なついはじあと",FALSE
"家西遺跡","いえにしいせき",FALSE
"河股城跡","かわまたじょうあと",FALSE
"桜町遺跡",NA,TRUE
"沼ノ上遺跡","ぬまのうえいせき",FALSE
"西木流C遺跡","にしきながししいいせき",FALSE
"鶴沼B遺跡",NA,TRUE
"鶴沼C遺跡",NA,TRUE
"西坂才遺跡","にしさかさいいせき（1じ）",TRUE
"西木流D遺跡",NA,TRUE
"割田遺跡群","わりたいせき",TRUE
"割田C遺跡",NA,TRUE
"割田D遺跡",NA,TRUE
"割田E遺跡",NA,TRUE
"割田G遺跡",NA,TRUE
"割田H遺跡",NA,TRUE
"関林H遺跡　",NA,TRUE
"岸遺跡",NA,TRUE
"亀ヶ森古墳","かめがもりこふん",FALSE
"菊竹遺跡","きくたけいせき",FALSE
"久世原館･番匠地遺跡",NA,TRUE
"久之浜条里跡","ひさのはまじょうりあと",FALSE
"宮畑遺跡","みやはたいせき",FALSE
"奥州道中国見峠長坂跡",NA,TRUE
"橋屋遺跡","はしやいせき",TRUE
"栗木作遺跡","くりきさくいせき",FALSE
"郡山宿上桝形B遺跡",NA,TRUE
"慧日寺跡","えにちじあと",FALSE
"犬松沢遺跡","いぬまつざわいせき",FALSE
"原町西町遺跡","はらまちにしまちいせき",FALSE
"原田遺跡",NA,TRUE
"五畝田･犬這遺跡",NA,TRUE
"庚申向A遺跡",NA,TRUE
"荒屋敷遺跡","あらやしきいせき",FALSE
"行合堂B遺跡",NA,TRUE
"姥ヶ岩遺跡","うばがいわいせき",FALSE
"笹山原No.10遺跡","ささやまはらなんばーじゅういせき",FALSE
"三貫地遺跡","さんがんちいせき（はらぐちちく）",TRUE
"三春城跡","みはるじょうあと",FALSE
"七十苅遺跡","しちじゅうがりいせき",FALSE
"住吉館跡","すみよしたてあと",FALSE
"渋井館跡","しぶいたてあと",FALSE
"小高城跡","おだかじょうあと",FALSE
"小茶円遺跡","こちゃえんいせき",FALSE
"小田高原遺跡","おだこはらいせき（１じちょうさ）",TRUE
"上田郷Ⅵ遺跡",NA,TRUE
"上野内遺跡",NA,TRUE
"大猿田遺跡","おおさんだいせき（にじ）",TRUE
"折木遺跡","おりきいせき",FALSE
"鍛冶屋遺跡","かじやいせき",FALSE
"小山B遺跡","こやまびーいせき",FALSE
"大谷上ノ原遺跡","おおやうえのはらいせき",FALSE
"上本町G遺跡","かみもとまちじーいせき",FALSE
"上平A遺跡",NA,TRUE
"立ノ沢遺跡","たてのさわいせき",FALSE
"乱塔前遺跡",NA,TRUE
"上萩平D遺跡",NA,TRUE
"八房平B遺跡",NA,TRUE
"原B遺跡","おおはらびいいせき",TRUE
"北山下遺跡","きたやましたいせき",FALSE
"仲山B遺跡",NA,TRUE
"沢東B遺跡","さわひがしびいいせき",FALSE
"朴廹C遺跡",NA,TRUE
"小池田遺跡","こいけだいせき",FALSE
"戸鳥土遺跡","ととりどいせき",FALSE
"切付遺跡","きっつけいせき",FALSE
"広谷地遺跡","ひろやちいせき",FALSE
"朴廹D遺跡",NA,TRUE
"四ッ栗遺跡",NA,TRUE
"古堤遺跡","ふるつつみいせき",FALSE
"田子平遺跡","たごたいらいせき",FALSE
"君ヶ沢B遺跡","きみがさわBいせき",FALSE
"横大道遺跡","よこだいどういせき",FALSE
"中山C遺跡","なかやまCいせき",FALSE
"西内遺跡","にしうちいせき",FALSE
"菖蒲沢遺跡","しょうぶさわいせき",FALSE
"椴木沢B遺跡",NA,TRUE
"舘越遺跡","たてごしいせき",FALSE
"赤柴遺跡","あかしばいせき",FALSE
"鴻ノ巣遺跡",NA,TRUE
"赤柴前遺跡","こうのすいせき・あかしばまえいせき（１じちょうさ）",TRUE
"南萱倉遺跡","みなみかやくらいせき",FALSE
"払川遺跡","はらいがわいせき",FALSE
"大槻遺跡","おおつきいせき",FALSE
"北狼沢A遺跡",NA,TRUE
"南狼沢B遺跡",NA,TRUE
"沢入B遺跡",NA,TRUE
"鈴山遺跡","すずやまいせき",FALSE
"大清水B遺跡",NA,TRUE
"南狼沢A遺跡",NA,TRUE
"植田郷B遺跡","うえだごうびーいせき",FALSE
"新田舘跡",NA,TRUE
"陣が峯城跡","じんがみねじょうあと",FALSE
"清水内遺跡","しみずうちいせき",FALSE
"西舘館跡","にしたてたてあと",FALSE
"折返A遺跡","おりかえしエーいせき",FALSE
"菅俣B遺跡","すがまたびぃいせき",FALSE
"折返B遺跡",NA,TRUE
"仙台内前遺跡","せんだいうちまえいせき",FALSE
"泉廃寺跡","いずみはいじ",FALSE
"惣座遺跡","そうざいせき",FALSE
"相子島貝塚","あいこしまかいづか",FALSE
"大森A遺跡",NA,TRUE
"明神前B遺跡",NA,TRUE
"双子遺跡","ふたごいせき",FALSE
"大場C遺跡",NA,TRUE
"大平C遺跡","おおひらしいいせき",FALSE
"沢田B遺跡",NA,TRUE
"鹿島腰遺跡",NA,TRUE
"赤沼遺跡","あかぬまいせき",FALSE
"天化沢A遺跡",NA,TRUE
"東羽黒平遺跡","ひがしはぐろだいらいせき（１じちょうさ）",TRUE
"栗出舘跡",NA,TRUE
"盗人沢遺跡","ぬすっとざわいせき",FALSE
"堂ノ原遺跡","どうのはらいせき",FALSE
"堂田A遺跡",NA,TRUE
"二本松城址","にほんまつじょうし",FALSE
"二本松城跡","にほんまつじょうあと",FALSE
"荻原遺跡","おぎわらいせき",FALSE
"白土城跡","しらどじょうあと",FALSE
"薄磯大平遺跡","うすいそおおだいらいせき",FALSE
"麦地石遺跡","ばくちいしいせき",FALSE
"堂平G遺跡","どうだいらじぃいせき",FALSE
"宮ノ前A遺跡","みやのまええいいせき",FALSE
"仁井殿遺跡","にいどのいせき",FALSE
"中根舘跡",NA,TRUE
"畑中遺跡","はたなかいせき",FALSE
"蓬莱内舘跡",NA,TRUE
"青井沢J遺跡","あおいさわJいせき",FALSE
"草場A遺跡","くさばAいせき",FALSE
"空釜B遺跡",NA,TRUE
"煙石F遺跡","けむりいしFいせき",FALSE
"煙石A遺跡","けむりいしAいせき",FALSE
"北川前遺跡","きたかわまえいせき",FALSE
"本町遺跡","もとまちいせき",FALSE
"薬王寺遺跡","やくおうじいせき",FALSE
"油王田遺跡","ゆおうだいせき",FALSE
"油田遺跡","あぶらでんいせき",FALSE
"流廃寺跡","ながれはいじあと",FALSE
"連郷B遺跡",NA,TRUE
"連郷遺跡","れんごういせき",FALSE
"椚森遺跡",NA,TRUE
"デト山遺跡","でとやまいせき",FALSE
"羽茂条里遺跡","はもちじょうりいせき",FALSE
"浦廻遺跡","うらまわりいせき",FALSE
"浦反甫東遺跡","",FALSE
"円山遺跡","まるやまいせき",FALSE
"延命寺遺跡","えんめいじいせき",FALSE
"下クボ遺跡","したくぼいせき",FALSE
"樽口遺跡","たるくちいせき",FALSE
"アチヤ平遺跡","あちやだいらいせき",FALSE
"旧三面小中学校",NA,TRUE
"ガラハギ遺跡","がらはぎいせき",FALSE
"元屋敷遺跡","ながやもとやしきいせき",TRUE
"横マクリ遺跡","よこまくりいせき",FALSE
"横堀前遺跡","よこぼりまえいせき",FALSE
"沖ノ羽遺跡","おきのはいせき",FALSE
"沖ノ原遺跡","おきのはらいせき",FALSE
"屋敷島遺跡","やしきじまいせき",FALSE
"音無瀬遺跡","おとなせいせき",FALSE
"下沖北遺跡","しもおききたいせき",FALSE
"下割遺跡",NA,TRUE
"下境井遺跡",NA,TRUE
"下山屋敷遺跡","しもやまやしきいせき",FALSE
"下新田遺跡","しもしんでんいせき",FALSE
"下前川原遺跡","しもまえかわらいせき",FALSE
"加治天王前遺跡","かじてんのうまえいせき",FALSE
"古見道遺跡","こみどういせき",FALSE
"丸潟遺跡","まるがたいせき",FALSE
"加茂城跡","かもじょうあと",FALSE
"家ノ内遺跡","いえのうちいせき",FALSE
"貝野大道下遺跡","かいのおおみちしたいせき",FALSE
"角田遺跡","みつまたいせき",TRUE
"葛塚遺跡","くずつかいせき",FALSE
"刈羽大平遺跡","かりわおおだいらいせき",FALSE
"小丸山遺跡","こまるやまいせき",FALSE
"関川谷内遺跡","せきかわやちいせき",FALSE
"新通遺跡","しんどおりいせき",FALSE
"丸山A遺跡","まるやまえーいせき",FALSE
"岩原Ⅰ遺跡",NA,TRUE
"岩田原遺跡","いわたはらいせき",FALSE
"貴舟休場遺跡","きふねやすみばいせきに",TRUE
"吉ヶ沢遺跡B地点","よしがさわいせきびいちてん",FALSE
"萱場遺跡","のづけ　かやばいせき",TRUE
"戸口遺跡","とぐちいせき",FALSE
"吉沢遺跡","よしざわいせき",FALSE
"吉津川遺跡",NA,TRUE
"吉野屋遺跡",NA,TRUE
"丘江遺跡","おかえいせき",FALSE
"久保寺南遺跡","くぼでらみなみいせき",FALSE
"宮花町遺跡","みやばなちょういせき",FALSE
"宮平遺跡","みやだいらいせき",FALSE
"牛道遺跡","うしみちいせき",FALSE
"境塚遺跡","さかいづかいせき",FALSE
"橋詰居村遺跡",NA,TRUE
"窪畑B遺跡","くぼはたびいいせき",FALSE
"郷清水遺跡","ごうしみずいせき",FALSE
"上滝ノ沢遺跡","かみたきのさわいせき",FALSE
"金谷川内遺跡",NA,TRUE
"合清水遺跡","つるだごうしみずいせき",TRUE
"駒首潟遺跡","こまくびがたいせき",FALSE
"空毛遺跡","そりげいせき",FALSE
"谷地A遺跡",NA,TRUE
"谷地D遺跡",NA,TRUE
"下ヶ久保E遺跡","しもがくぼいいいせき",FALSE
"谷地F遺跡","やちえふいせき",FALSE
"小田ヶ入B遺跡","おだがいりびいいせき",FALSE
"下ヶ久保C遺跡","しもがくぼしいいせき",FALSE
"軽井川南遺跡群",NA,TRUE
"下ヶ久保B遺跡",NA,TRUE
"結七島遺跡","むすぶななしまいせき",FALSE
"剣野B遺跡","けんのびいいせき",FALSE
"剣野沢遺跡","けんのさわいせき",FALSE
"古町B遺跡","ふるまちびいいせき",FALSE
"古津八幡山遺跡","ふるつはちまんやまいせき",FALSE
"古津八幡山古墳","ふるつはちまんやまこふん",FALSE
"狐宮遺跡","きつのみやいせき",FALSE
"五千石遺跡","ごせんごくいせき",FALSE
"五丁歩遺跡","ごちょうぶいせき",FALSE
"五百川遺跡","いもがわいせき",FALSE
"甲山遺跡","かぶとやまいせき",FALSE
"荒神裏A遺跡","こうじんうらえーいせき",FALSE
"荒神裏B遺跡","こうじんうらびーいせき",FALSE
"高平遺跡","たかだいらいせき",FALSE
"高柳A遺跡","たかやなぎえいいせき",FALSE
"高柳城跡","たかやなぎじょうあと",FALSE
"黒川氏城館遺跡群","くろかわしじょうかんいせきぐん",FALSE
"黒姫洞窟遺跡","くろひめどうくついせき",FALSE
"今泉釜蓋遺跡","いまいずみかまぶたいせき",FALSE
"根立遺跡","ねだちいせき",FALSE
"細池遺跡",NA,TRUE
"細池寺道上遺跡","ほそいけてらみちうえいせき",FALSE
"坂田遺跡","さかたいせき",FALSE
"坂田仲沢遺跡Ⅱ地区","さかたなかざわいせき",TRUE
"坂田仲沢遺跡","さかたなかざわいせき",FALSE
"笹山遺跡","ささやまいせき",FALSE
"三王山遺跡","さんのうやまいせき",FALSE
"山元遺跡","やまもといせき",FALSE
"山口野中遺跡","やまぐちのなかいせき",FALSE
"四十石遺跡","しじっこくいせき",TRUE
"獅子沢遺跡","ししざわいせき",FALSE
"寺地硬玉遺跡",NA,TRUE
"寺町遺跡","てらまちいせき",FALSE
"耳取遺跡","みみとりいせき",FALSE
"春木山遺跡","はるきやまいせき",FALSE
"小坂居付遺跡","こさかいづけいせき",FALSE
"小船渡遺跡","こふなといせき",FALSE
"上ノ平遺跡A地点","うえのたいらいせきえいちてん",FALSE
"上ノ平遺跡C地点","うえのたいらいせきしいちてん",FALSE
"上郷遺跡","かみごういせき",FALSE
"上小島遺跡","うえこじまいせき",FALSE
"上条遺跡","じょうじょういせき",FALSE
"和泉A遺跡","いずみえいいせき",FALSE
"裏山遺跡","うらやまいせき",FALSE
"下馬場遺跡","しもばばいせき",FALSE
"大貫古窯跡群","おおぬきこようせきぐん",FALSE
"上新田B遺跡","かみしんでんびーいせき",FALSE
"上大川遺跡",NA,TRUE
"上道下西遺跡","かみみちしたにしいせき",FALSE
"上野東遺跡","うえのひがしいせき",FALSE
"現明嶽遺跡","げんみょうだけいせき",FALSE
"城の山古墳",NA,TRUE
"城之腰遺跡","じょうのこしいせき",FALSE
"新五兵衛山遺跡","しんごべいやまいせき",FALSE
"新保遺跡","しんぼいせき",FALSE
"真木山B遺跡","まきやまびーいせき　ばんだいかなくそざわいせき　",TRUE
"辛子田B遺跡","からこでんびいいせき",FALSE
"清水上遺跡","しみずのうえいせき",FALSE
"清津宮峯遺跡",NA,TRUE
"西郷遺跡","にしごういせき",FALSE
"赤沢城跡","あかさわじょうせき",FALSE
"千古作遺跡","ちごづくりいせき",FALSE
"香積寺沢遺跡","こうじゃくじさわいせき",FALSE
"川根遺跡","かわねいせき",FALSE
"前波南遺跡","ぜんなみみなみいせき",FALSE
"善根大坪遺跡","ぜごんおおつぼいせき",FALSE
"曽根遺跡","そねいせき",TRUE
"太田遺跡","おおた",TRUE
"大原北Ⅳ遺跡",NA,TRUE
"大坂上道遺跡","おおさかうえみちいせき",FALSE
"猿額遺跡","さるびたいいせき",FALSE
"大沢谷内遺跡Ⅱ",NA,TRUE
"大沢谷内遺跡","おおさわやちいせき",FALSE
"大沢谷内北遺跡","おおさわやちきたいせき",FALSE
"大武遺跡","だいぶいせき",FALSE
"大堀遺跡","おおほりいせき",FALSE
"谷地製鉄跡","やちせいてつあと",FALSE
"向原B遺跡","むかいはらびいいせき",TRUE
"樽沢開田遺跡","たるさわかいでんいせき",FALSE
"地蔵潟A遺跡","じぞうがたえーいせき",FALSE
"中谷内遺跡","なかやちいせき",FALSE
"中之島C遺跡","なかのしましいいせき",FALSE
"長松遺跡","ながまついせき",FALSE
"小丸山遺跡B地点","こまるやまいせき",TRUE
"壬遺跡","じんいせき",FALSE
"西倉遺跡","さいぐらいせき",FALSE
"中田D遺跡","みなみなかだでぃーいせき",TRUE
"おざか清水遺跡","おざかしみずいせき",FALSE
"小瀬が沢遺跡",NA,TRUE
"大刈野遺跡","おおがんのいせき",FALSE
"卯ノ木南遺跡","うのきみなみいせき",FALSE
"天皇峰遺跡","てんのうみねいせき",FALSE
"天尾山城跡",NA,TRUE
"島灘瀬遺跡","しまなだせいせき",FALSE
"東沢遺跡","ひがしさわいせき",FALSE
"出崎遺跡","でさきいせき",FALSE
"道崎遺跡","みちさきいせき　でさきいせき",TRUE
"藤ノ木遺跡","ふじのきいせき",FALSE
"道東遺跡","おおみちひがしいせき",TRUE
"奈良崎遺跡","ならさきいせき",FALSE
"南条遺跡群",NA,TRUE
"南赤坂遺跡","みなみあかさかいせき",FALSE
"二タ子沢A遺跡","ふたござわえーいせき",FALSE
"二反割遺跡","にたんわりいせき",FALSE
"道端遺跡","みちばたいせき",FALSE
"反貫目遺跡","たんがんめいせき",FALSE
"六斗蒔遺跡","ろくとまきいせき",FALSE
"一杯田遺跡","いっぱいだいせき",FALSE
"西川内北遺跡","にしかわうちきたいせき",FALSE
"西川内南遺跡","にしかわうちみなみいせき",FALSE
"昼塚遺跡","ひるづかいせき",FALSE
"江添遺跡","えぞえいせき",FALSE
"道端遺跡Ⅴ",NA,TRUE
"馬見坂遺跡","うまみざかいせき",FALSE
"昼塚遺跡Ⅱ","ひるづかいせき",TRUE
"中曽根遺跡","なかそねいせき",FALSE
"中部北遺跡","ちゅうぶきたいせき",FALSE
"桜林遺跡","おうりんいせき",FALSE
"松蔭東異性",NA,TRUE
"大館跡",NA,TRUE
"田屋道遺跡Ⅰ","たやみちいせき",TRUE
"宮の越遺跡Ⅰ",NA,TRUE
"八太郎遺跡","はちたろういせき",FALSE
"田屋道遺跡Ⅱ","たやみちいせき",TRUE
"宮の越遺跡Ⅱ","みやのこしいせき",TRUE
"野地遺跡","やちいせき",FALSE
"堂の前遺跡","どうのまえいせき",FALSE
"下新保高田遺跡","しもしんぼたかだいせき",FALSE
"古渡路遺跡","ふるとろいせき",FALSE
"長割遺跡","ながわりいせき",FALSE
"蚤取橋遺跡","のみとりばしいせき",FALSE
"馬越遺跡","うまこしいせき",FALSE
"庚申塚の経塚","こうしんづかのきょうづか",FALSE
"甲田城跡","こうだじょうあと",FALSE
"八幡山遺跡","はちまんやまいせき",FALSE
"幅上遺跡","はばがみいせき",FALSE
"柄目木遺跡","がらめきいせき",FALSE
"宝田遺跡","たからだいせき",FALSE
"峰岡上町遺跡",NA,TRUE
"峰岡城山遺跡","みねおかじょうやまいせき",FALSE
"北野遺跡(下層)","きたのいせき",TRUE
"寺地遺跡","てらじいせき",FALSE
"用言寺遺跡","ようごんじいせき",FALSE
"姫御前遺跡","ひめごぜいせき",FALSE
"北新田遺跡","きたしんでんいせき",FALSE
"荒町南新田遺跡","あらまちみなみしんでんいせき",FALSE
"六反田南遺跡Ⅱ","ろくたんだみなみいせき",TRUE
"南押上遺跡","みなみおしあげいせき",FALSE
"竹花遺跡","たけはないせき",FALSE
"北林C遺跡","きたばやししいいせき",FALSE
"本ノ木遺跡","もとのきいせき",FALSE
"卯ノ木泥炭層遺跡",NA,TRUE
"余川中道遺跡","よかわなかみちいせき",FALSE
"金屋遺跡","かなやいせき",FALSE
"立石遺跡","たていしいせき",FALSE
"立野大谷製鉄遺跡","たてのおおたにせいてついせき",FALSE
"姥ヶ入製鉄遺跡","うばがいりせいてついせき",FALSE
"林付遺跡","はやしづけいせき",TRUE
"六地山遺跡","ろくじやまいせき",FALSE
"六反田南遺跡","ろくたんだみなみいせき",FALSE
"HS-04遺跡","えっちえすのぜろよんいせき",FALSE
"安川天皇窯跡","やすかわてんのうかまあと",FALSE
"鞍川D遺跡",NA,TRUE
"鞍川中B遺跡","くらかわなかびーいせき",FALSE
"井口本江遺跡","いぐちほんごういせき",FALSE
"稲積川口遺跡","いなづみかわぐちいせき",FALSE
"宇波ヨシノヤ中世墓群","うなみよしのやちゅうせいぼぐん",FALSE
"鵜坂Ⅰ遺跡","うさかいちいせき",FALSE
"下佐野遺跡","しもさのいせき",FALSE
"下村加茂遺跡","しもむらかもいせき",FALSE
"下老子笹川遺跡","しもおいごささがわいせき",FALSE
"間尽遺跡","まづくしいせき",FALSE
"舘本郷Ⅱ遺跡","たちほんごうにいせき",FALSE
"岩坪岡田島遺跡","いわつぼおかだじまいせき",FALSE
"久泉遺跡","ひさいずみいせき",FALSE
"境A遺跡","さかいえいいせき",FALSE
"境野新南Ⅱ遺跡","さかいのしんみなみにいせき",FALSE
"池多東遺跡","いけだひがしいせき",FALSE
"金屋南遺跡","かなやみなみいせき",FALSE
"東山Ⅱ遺跡","ひがしやまにいせき",FALSE
"野田A遺跡","のだえいいせき",FALSE
"戸出古戸出遺跡","といでふるといでいせき",FALSE
"五十里沼田遺跡","いかりぬまたいせき",FALSE
"御館山館跡","おたちやまやあと",FALSE
"御坊山遺跡","ごぼうやまいせき",FALSE
"向野池遺跡","むかいのいけいせき",FALSE
"高島A遺跡","たかしまえいいせき",FALSE
"黒河中老田遺跡",NA,TRUE
"黒崎種田遺跡","くろさきたねだいせき",FALSE
"今市遺跡","いまいちいせき",FALSE
"砂子田Ⅰ遺跡","すなごだいちいせき",FALSE
"作道遺跡","つくりみちいせき",FALSE
"三熊内山窯跡群","さんのくまうちやまかまあとぐん",FALSE
"三合新遺跡","みあいしんいせき",FALSE
"三合新芹谷遺跡","みあいしんせりだにいせき",FALSE
"四方荒屋遺跡","よかたあらやいせき",FALSE
"四方背戸割遺跡","よかたせどわりいせき",FALSE
"南太閤山Ⅱ遺跡",NA,TRUE
"若竹町遺跡","わかたけちょういせき",FALSE
"出来田南遺跡","できでんみなみいせき",FALSE
"小糸尾萩野遺跡","こいとおはぎのいせき",FALSE
"小出城跡","こいでじょうあと",FALSE
"小杉流通業務団地内遺跡　No.26遺跡","こずぎりゅつうぎょうむだんちないいせきぐんなんばーじゅうきゅういせき",TRUE
"小杉流通業務団地内遺跡　No.21遺跡","こずぎりゅつうぎょうむだんちないいせきぐんなんばーじゅうきゅういせき",TRUE
"小杉丸山遺跡","こすぎまるやまいせき",FALSE
"小竹貝塚","おだけかいづか",FALSE
"上新保遺跡","かみしんぼいせき",FALSE
"針原西遺跡","はりわらにしいせき",FALSE
"水橋金広･中馬場遺跡",NA,TRUE
"水橋荒町･辻ヶ堂遺跡",NA,TRUE
"増山城跡","ますやまじょうせき",FALSE
"増山裏亀山",NA,TRUE
"打出遺跡","うちいでいせき",FALSE
"大境エンニャマ下洞窟遺跡","おおざかいえんにゃましたどうくついせき",FALSE
"大丹保遺跡","おおたんぼいせき",FALSE
"池多南遺跡","いけだみなみいせき",FALSE
"中老田C遺跡","なかおいだしいいせき",FALSE
"朝菜町鳥ノ木遺跡","あさなちょうとりのきいせき",FALSE
"町堀切遺跡","まちほりきりいせき　あーるく",TRUE
"長岡八町遺跡","ながおかはっちょういせき",FALSE
"天神山遺跡","てんじんやまいせき",FALSE
"東木津遺跡","ひがしきづいせき",FALSE
"東老田Ⅰ遺跡","ひがしおいだいちいせき",FALSE
"徳万頼成遺跡","とくまんらんじょいせき",FALSE
"栃沢遺跡","とちざわいせき",FALSE
"栃谷南遺跡","とちだにみなみいせき",FALSE
"二ツ塚遺跡","ふたつづかいせき",FALSE
"二本榎遺跡","にほんえのきいせき",FALSE
"NEJ-21遺跡","えぬいーじぇいの21",TRUE
"中尾新保谷内遺跡","なかおしんぼやちいせき",FALSE
"惣領浦之前遺跡","そうりょううらのまえいせき",FALSE
"惣領野際遺跡","そうりょうのぎわいせき",FALSE
"手洗野赤浦遺跡",NA,TRUE
"板屋谷内C古墳群","いたややちしーこふんぐん",FALSE
"板屋谷内B古墳群","いたややちびーこふんぐん",FALSE
"中尾茅戸遺跡","なかおかやといせき",FALSE
"神明北遺跡","しんめいきたいせき",FALSE
"大野江淵遺跡","おおのえぶちいせき",FALSE
"上久津呂中屋遺跡","かみくづろなかやいせき",FALSE
"加納谷内遺跡","かのうやちいせき",FALSE
"中波後山遺跡","なかなみうしろやまいせき",FALSE
"宇波ウワノ遺跡","うなみうわのいせき",FALSE
"八ヶ山A遺跡","はっかやまえーいせき",FALSE
"八町Ⅱ遺跡",NA,TRUE
"百塚遺跡","ひゃくづかいせき",FALSE
"百塚住吉D遺跡","ひゃくづかすみよしでぃいいせき",FALSE
"百塚住吉遺跡","ひゃくづかすみよしいせき",FALSE
"富崎遺跡","とみさきいせき",FALSE
"砂川カタダ遺跡","すながわかただいせき",FALSE
"西二俣遺跡","にしふたまたいせき",FALSE
"水橋上砂子坂遺跡","みずはしかみすなござかいせき",FALSE
"西金屋･西金屋窯跡",NA,TRUE
"金草電化農場前遺跡","かなくさでんかのうじょうまえいせき",FALSE
"宮条南遺跡","みやじょうみなみいせき",FALSE
"願海寺城跡","がんかいじじょうあと",FALSE
"千石町地内埋没樹木群","せんごくまちちないまいぼつじゅもくぐん",FALSE
"医王山東薬寺",NA,TRUE
"開ヶ丘中山Ⅲ遺跡",NA,TRUE
"開ヶ丘中山Ⅳ遺跡",NA,TRUE
"開ヶ丘中山Ⅴ遺跡",NA,TRUE
"開ヶ丘中遺跡","ひらきがおかなかいせき",FALSE
"開ヶ丘ヤシキダ遺跡","ひらきがおかやしきだいせき",FALSE
"開ヶ丘中山Ⅰ遺跡",NA,TRUE
"富山城下町遺跡主要部","とやまじょうかまちいせきしゅようぶ",FALSE
"富山城跡","とやまじょうあと",FALSE
"富山城跡･富山城下町遺跡主要部",NA,TRUE
"仏生寺城跡","ぶっしょうじじょうあと",FALSE
"仏田遺跡","ぶつでんいせき",FALSE
"平岡遺跡","ひらおかいせき",FALSE
"米田大覚遺跡","よねだだいかくいせき",FALSE
"豊田大塚･中吉原遺跡",NA,TRUE
"北押川B遺跡","きたおしかわびーいせき",FALSE
"北押川C遺跡",NA,TRUE
"御坊山遺跡･北押川遺跡","ごぼうやまいせき",TRUE
"北代加茂下Ⅲ遺跡","きただいかもしたさんいせき",FALSE
"茶屋町遺跡","ちゃやまちいせき",FALSE
"北堀切遺跡","きたほりきりいせき",FALSE
"若栗中村遺跡","わかぐりなかむらいせき",FALSE
"舌山遺跡","したやまいせき",FALSE
"下川原遺跡",NA,TRUE
"五社遺跡","ごしゃいせき",FALSE
"赤井南遺跡","あかいみなみいせき",FALSE
"江尻遺跡","えじりいせき",FALSE
"早月上野遺跡","はやつきうわのいせき",FALSE
"新堀西遺跡","しんぼりにしいせき",FALSE
"大江東遺跡","おおごうひがしいせき",FALSE
"愛宕遺跡","あたごいせき",FALSE
"今開発東遺跡","いまかいほつひがしいせき",FALSE
"今開発遺跡","いまかいはついせき",FALSE
"蔵野町東遺跡","くらのまちひがしいせき",FALSE
"竹ノ内Ⅱ遺跡","たけのうちにいせき",FALSE
"堀切遺跡","ほりきりいせき",FALSE
"野下･新開遺跡",NA,TRUE
"友杉遺跡","ともすぎいせき",FALSE
"ブッショウジヤマ古墳群",NA,TRUE
"栄町遺跡","さかえちょういせき",FALSE
"乙丸遺跡","おとまるせき",FALSE
"下安原海岸遺跡","しもやすはらかいがんいせき",FALSE
"観法寺古墳群","かんぽうじこふんぐん",FALSE
"気屋遺跡",NA,TRUE
"金沢城下町遺跡(丸の内7番地点)",NA,TRUE
"経王寺遺跡","きょうおうじいせき",FALSE
"五歩市遺跡",NA,TRUE
"シンデン遺跡","おきょうづかしんでんいせき、おきょうづかしんでんこふんぐん",TRUE
"御経塚遺跡","おきょうづかいせき",FALSE
"甲･小寺遺跡",NA,TRUE
"国分B遺跡",NA,TRUE
"国分高井山遺跡","こくぶたかいやまいせき",FALSE
"紺屋町ダイラクボウ遺跡",NA,TRUE
"三室トクサ遺跡","みむろとくさいせき",FALSE
"若緑ヒラ野遺跡","わかみどりひらのいせき",FALSE
"小杉遺跡","こすぎいせき",FALSE
"小島西遺跡","こじまにしいせき",FALSE
"上町和住下遺跡","かんまちわすみしもいせき",FALSE
"杉平円山1･2号墳",NA,TRUE
"畝田･寺中遺跡",NA,TRUE
"千代･能美遺跡",NA,TRUE
"大友E遺跡","おおともいいいせき",FALSE
"下安原遺跡","すもだいしもやすはらいせき",TRUE
"長者川遺跡",NA,TRUE
"吉崎･次場遺跡",NA,TRUE
"直下遺跡","そそりいせき",FALSE
"的場農業倉庫前遺跡","まとばのうぎょうそうこまえいせき",FALSE
"湯屋チョウヅカ遺跡","ゆのやちょうづかいせき",FALSE
"湯屋古窯跡","ゆのやこようせき",FALSE
"藤江C遺跡",NA,TRUE
"道村B遺跡",NA,TRUE
"徳丸ジョウジャダ遺跡","とくまるじょうじゃだいせき",FALSE
"徳丸遺跡","とくまるいせき",FALSE
"二ツ寺遺跡",NA,TRUE
"八野古窯跡群","はちのこようせきぐん",FALSE
"飯川谷製鉄遺跡","いがわだにせいてついせき",FALSE
"分校C遺跡",NA,TRUE
"北塚遺跡","きたづかいせき",FALSE
"北方池の上遺跡",NA,TRUE
"本木樟谷製炭窯跡群",NA,TRUE
"末松遺跡","すえまついせき",FALSE
"無関カキノウラ遺跡","むせきかきのうらいせき",FALSE
"野々江本江寺遺跡",NA,TRUE
"和田山下遺跡","わだやましたいせき",FALSE
"和田山堡跡","わだやまほあと",FALSE
"ユリ遺跡","ゆりいせき",FALSE
"下河端遺跡",NA,TRUE
"岩内山遺跡",NA,TRUE
"吉河遺跡","よしこいせき",FALSE
"沓横穴群",NA,TRUE
"小櫃谷1号横穴",NA,TRUE
"高柳･下安田遺跡",NA,TRUE
"明神山古墳群丑寅山支群",NA,TRUE
"芝崎遺跡","しばさきいせき",FALSE
"舟寄遺跡","ふなよせいせき",FALSE
"舟寄福島通遺跡","ふなよせふくしまとおりいせき",FALSE
"太田山古墳群",NA,TRUE
"徳神遺跡",NA,TRUE
"立洞2号墳",NA,TRUE
"壱番下堤跡","いちばんしたつつみあと",FALSE
"永面B遺跡","ながおもてびいいせき",FALSE
"塩瀬下原遺跡","しおせしたっぱらいせき",FALSE
"塩川下河原堤防遺跡","しおかわしもがわらていぼういせき",FALSE
"横森赤台(東下)遺跡",NA,TRUE
"横針前久保遺跡","よこはりまえくぼいせき",FALSE
"横堀遺跡","よこほりいせき",FALSE
"梶畑B遺跡","かじばたけびいいせき",FALSE
"釜無川堤防跡群",NA,TRUE
"鎌田川旧堤防","かまたがわきゅうていぼう",FALSE
"丘の公園第7遺跡",NA,TRUE
"宮ノ前遺跡",NA,TRUE
"玉川金山遺跡","たまがわかなやまいせき",FALSE
"玉穂町地内",NA,TRUE
"熊野八反田遺跡","くまのはったんだいせき",FALSE
"兄川","あにがわ",FALSE
"原･郷原遺跡",NA,TRUE
"狐原遺跡","きつねっぱらいせき",FALSE
"御坂中丸遺跡","みさかなかまるいせき",TRUE
"御崎蔵入遺跡","みさきくらいりいせき",FALSE
"甲府城下町遺跡(駅前駐輪場地点)","こうふじょうかまちいせき　えきまえちゅうりんじょうちてん",TRUE
"甲府城下町遺跡(甲府地方裁判所地点)","こうふじょうかまちいせき(こうふちほうさいばんしょちてん)",FALSE
"甲府城下町遺跡","こうふじょう かまちいせき",FALSE
"甲府城跡(屋形曲輪地点)",NA,TRUE
"甲府城跡","こうふじょうあと",FALSE
"三ノ側遺跡","さんのがわいせき",FALSE
"三ノ側遺跡(県立都留興譲館高校地点)","さんのがわいせき",TRUE
"三宮地遺跡",NA,TRUE
"社口遺跡","しゃぐちいせき",FALSE
"宿尻遺跡","しゅくじりいせき",FALSE
"勝山城跡","かつやまじょうあと",FALSE
"小井川遺跡","こいかわいせき",FALSE
"上コブケ遺跡","かみこぶけいせき",FALSE
"兄川河床遺跡",NA,TRUE
"上の平遺跡","うえのだいらいせき",FALSE
"常葉川堤防遺跡","ときわがわていぼういせき",FALSE
"新府城跡",NA,TRUE
"身洗沢遺跡","みあらい􀍟わいせき",FALSE
"諏訪尻遺跡","すわじりいせき",FALSE
"諏訪前遺跡","すわまえいせき",FALSE
"西街道小森遺跡","にしかいどうこもりいせき",FALSE
"廻り田遺跡B地区","ぜんだないせき・ まわりだいせき びーちく",TRUE
"膳棚遺跡","ぜんだないせき",TRUE
"大間々遺跡","おおままいせき",FALSE
"大月遺跡","おおつきいせき",FALSE
"谷戸城跡",NA,TRUE
"中溝遺跡",NA,TRUE
"中谷遺跡","なかやついせき",FALSE
"唐松遺跡","からまついせき",FALSE
"南大浜遺跡","みなみおおはまいせき",FALSE
"日影田遺跡",NA,TRUE
"馬場遺跡","しもぞねばんばいせき",TRUE
"美通遺跡","みとおしいせき",FALSE
"美通遺跡B区","みとおしいせきびーく",TRUE
"百々遺跡","どどいせき",FALSE
"武家遺跡",NA,TRUE
"平林遺跡","たいらばやしいせき",FALSE
"北河原遺跡","きたがわらいせき",FALSE
"本城山遺跡","ほんじょうやまいせき",FALSE
"野牛島･大塚遺跡",NA,TRUE
"用竹(殿村)遺跡",NA,TRUE
"竜安寺川西遺跡","りゅうあんじがわにしいせき",FALSE
"安宅遺跡","あだかいせき",FALSE
"塩田若宮遺跡","しおだわかみやいせき",FALSE
"明科遺跡群栄町遺跡","あかしないせきぐんさかえちょういせき",FALSE
"明科遺跡群古殿屋敷","あかしないせきぐんふるとのやしき",TRUE
"井上氏居館址",NA,TRUE
"塩倉池遺跡",NA,TRUE
"岡の宮遺跡","おかのみやいせき",FALSE
"三夜塚遺跡","さんやづかいせき",FALSE
"下原遺跡","したはらいせき",FALSE
"下信濃石遺跡","しもしなのいしいせき",FALSE
"下弥堂遺跡",NA,TRUE
"海岸寺遺跡","かいがんじいせき",FALSE
"開畝製鉄遺跡","ひらうねせいてついせき―だいいちじ",TRUE
"貫ノ木遺跡","かんのきいせき",FALSE
"照月台遺跡","しょうげつだいいせき",FALSE
"机原三本松遺跡","つくえはらさんぼんまついせき",FALSE
"坂平遺跡","さかだいらいせき",FALSE
"唐渡宮遺跡","とうどのみやいせき",FALSE
"机原遺跡",NA,TRUE
"境窪遺跡","さかいくぼいせき",FALSE
"橋原遺跡","はしはらいせき",FALSE
"熊久保遺跡","くまくぼいせき　だい10じは",TRUE
"裾花川扇状地遺跡群栗田城跡",NA,TRUE
"栗林遺跡","くりばやしいせき",FALSE
"鍬形原遺跡","なかやまこふんぐん　くわがたはらいせき　くわがたはらとりであと",TRUE
"元原遺跡","もとはらいせき",FALSE
"元善町遺跡","ながのいせきぐん　もとよしちょういせき",TRUE
"後家山遺跡","ごかやまいせき",FALSE
"広原遺跡群","ひろっぱらいせきぐん",FALSE
"広畑遺跡","ひろはたいせき",FALSE
"恒川遺跡群","ごんがえいちせき",TRUE
"構井･阿弥陀堂遺跡",NA,TRUE
"黒田大明神原遺跡","くろだだいみょうじんばらいせき",FALSE
"山の神遺跡","やまのかみいせき",FALSE
"市道遺跡","いちみちいせき",FALSE
"辻遺跡","にしのつじいせき",TRUE
"平馬塚遺跡","へいまづかいせき",FALSE
"芝宮南遺跡","しばみやみなみいせき",TRUE
"出川西遺跡","いでがわにしいせき",FALSE
"出川南遺跡","いでがわみなみいせき",FALSE
"井川城址","いがわじょうし",FALSE
"松代城下町跡",NA,TRUE
"上屋敷遺跡","かみやしきいせき",FALSE
"下茂内遺跡","しももうちいせき",FALSE
"川田条里遺跡","かわだじょうりいせき",FALSE
"清水山窯跡","しみずやまかまあと",FALSE
"七ツ栗遺跡","ななつぐりいせき",FALSE
"中原遺跡群","なかはらいせきぐん２",TRUE
"更埴条里遺跡","こうしょくじょうりいせき",FALSE
"屋代遺跡群","やしろいせきぐん",FALSE
"信濃大深山遺跡",NA,TRUE
"新城峰遺跡","あらじょうみねいせき",FALSE
"新林遺跡","しんばやしいせき",FALSE
"水内坐一元神社遺跡","こじま・やなぎはらいせきぐんみのちましますいちげんじんじゃいせき",TRUE
"菅ノ沢遺跡","すげのさわいせき",FALSE
"西一本柳遺跡","にしいっぽんやなぎいせき",FALSE
"北一本柳遺跡","きたいっぽんやなぎいせきさん",TRUE
"東大門先遺跡",NA,TRUE
"東一本柳遺跡",NA,TRUE
"西駒込遺跡","にしこまごめいせき",FALSE
"石子原遺跡",NA,TRUE
"千見遺跡","せんみいせき",FALSE
"大豆田遺跡","だいずだいせき",TRUE
"星糞峠黒曜石原産地遺跡","ほしくそとうげこくようせきげんさんちいせき",FALSE
"沢田鍋土遺跡","さわだなべつちいせき",FALSE
"立ヶ花表遺跡","たてがはなおもていせき",FALSE
"中ッ原第1遺跡G地点",NA,TRUE
"中越遺跡","なかこしいせき",FALSE
"塩崎城見山砦遺跡","しおざきじょうみやまとりでいせき",FALSE
"阿久遺跡","あきゅういせき",FALSE
"大石遺跡","おおいしいせき",FALSE
"中山古墳群","なかやまこふんぐん",FALSE
"カニホリ東遺跡","かにほりひがしいせき",FALSE
"中村･外垣外遺跡",NA,TRUE
"中村中平遺跡","なかむらなかだいらいせき",FALSE
"中道遺跡","なかみちいせき",FALSE
"森平遺跡","もりだいらいせき",FALSE
"今井西原遺跡","いまいにしはらいせき",FALSE
"追分遺跡群",NA,TRUE
"塚田遺跡","つかだいせき",FALSE
"辻前遺跡","つじまえいせき",FALSE
"天神小根遺跡","てんじんおねいせき",FALSE
"殿村遺跡","とのむらいせき",FALSE
"唐松B遺跡","からまつびーいせき",FALSE
"稗田頭A遺跡","ひえだがしらえーいせき",FALSE
"平出遺跡","平出遺跡群",TRUE
"平瀬遺跡","ひらせいせき",FALSE
"平田本郷遺跡","ひらたほんごういせき",FALSE
"崩越遺跡","くずしごいせき",FALSE
"北唐沢遺跡","ほりのうちいせき　きたからさわいせき",TRUE
"箕輪遺跡","みのわいせき",FALSE
"明科遺跡群明科廃寺","あかしないせきぐんあかしなはいじ",FALSE
"野火附遺跡","のびつけいせき",FALSE
"野尻湖",NA,TRUE
"矢出川遺跡","やでがわいせきぐん",TRUE
"矢出川第Ⅷ遺跡(平沢パイロット遺跡)","やでがわだいはちいせき",TRUE
"竜神平遺跡","りゅうじんだいらいせき",FALSE
"和田上遺跡",NA,TRUE
"社宮司遺跡","しゃぐうじいせき",FALSE
"下り松遺跡","さがりまついせき",FALSE
"竹佐中原遺跡","たけさなかはらいせき",FALSE
"森林遺跡","もりばやしいせき",FALSE
"川路大明神原遺跡","かわじだいみょうじんばらいせき",FALSE
"神之峯城跡","かんのみねじょうせき",FALSE
"鬼釜遺跡","おにがまいせき",FALSE
"三角原遺跡","さんかくばらいせき",FALSE
"上五明条里水田址","かみごみょうじょうりすいでんし",FALSE
"西四ツ屋遺跡","にしよつやいせき",FALSE
"表町遺跡","おもてまちいせき",FALSE
"千田遺跡","せんたいせき",FALSE
"宮沖遺跡","かわくぼ・みやおきいせき",TRUE
"川久保遺跡","かわくぼいせき",FALSE
"柳沢遺跡","やなぎさわいせき",FALSE
"近津遺跡群","にしちかついせきぐん",TRUE
"西近津遺跡群","にしちかついせきぐん",FALSE
"西一里塚遺跡群","にごりいせき",TRUE
"濁り遺跡","にごりいせき",FALSE
"東條遺跡","ひがしじょういせき",FALSE
"峯謡坂遺跡","みねうたいざかいせき",FALSE
"南大原遺跡","みなみおおはらいせき-",TRUE
"琵琶島遺跡","びわじまいせき",FALSE
"浅川扇状地遺跡群本村南沖遺跡","あさかわせんじょうちいせきぐん　ほんむらみなみおきいせき",TRUE
"いじま遺跡","いじま遺跡",FALSE
"櫨原神向遺跡","はぜはらかみむかいいせき",FALSE
"いんべ遺跡","いんべいせき",FALSE
"ウバガ平遺跡　ウバガ平古墳群","うばがひらいちごうこふん",TRUE
"カクシクレ遺跡","かくしくれいせき",FALSE
"たのもと遺跡","たのもといせき",FALSE
"一本杉遺跡",NA,TRUE
"茶屋下遺跡","ちゃやしたいせき",FALSE
"浦畑遺跡","うらはたいせき",FALSE
"段尻巻古墳","だんじりまきこふん",FALSE
"乙塚古墳","おとつかこふん",FALSE
"下切遺跡","しもぎりいせき",FALSE
"下川手遺跡","しもかわていせき",FALSE
"柿田遺跡","かきだいせき",FALSE
"各務車洞遺跡","かかみくるまぼらいせき",FALSE
"岩井戸岩陰遺跡","いわいどいわかげいせき",FALSE
"岩井谷遺跡","いわいだにいせき",FALSE
"岩垣内遺跡","いわがいといせき",FALSE
"岩村城跡","いわむらじょうあと",FALSE
"岩田東A遺跡","いわたひがしえーいせき",FALSE
"岩田西遺跡","いわたにしいせき",FALSE
"岐阜城千畳敷遺跡","ぎふじょうせんじょうじきいせき",FALSE
"興福地遺跡","こうふくじいせき",FALSE
"元屋敷陶器窯跡","もとやしきとうきかまあと",FALSE
"江門遺跡","えもんいせき",TRUE
"荒尾南遺跡","あらおみなみいせき",FALSE
"黒内細野遺跡","くろうちほそのいせき",FALSE
"今渡遺跡","いまわたりいせき",FALSE
"鷺山市場遺跡","さぎやまいちばいせき",FALSE
"鷺山仙道遺跡","さぎやませんどういせき",FALSE
"桜洞城跡","さくらぼらじょうあと",FALSE
"三枝城跡","みえだじょうあと",FALSE
"山手宮前遺跡","やまてみやまえいせき",FALSE
"寺東遺跡","てらひがしいせき",FALSE
"寺平遺跡","てらだいらいせき",FALSE
"重竹遺跡","しげたけいせき",FALSE
"上ヶ平遺跡","うえがひらいせき",FALSE
"上開田村平遺跡","かみかいでんむらだいらいせき",FALSE
"深橋前遺跡","ふかばしまえいせき",FALSE
"深沼遺跡","ふかぬまいせき",FALSE
"深渡A地点遺跡","ふかとえーちてんいせき",FALSE
"西ヶ洞古墳群",NA,TRUE
"西ヶ洞遺跡","にしがほらいせき",FALSE
"西田遺跡","にしだいせき",FALSE
"赤保木遺跡","あかほぎいせき",FALSE
"船山北古墳群･船山北古窯跡群･船山北遺跡",NA,TRUE
"大針16号窯",NA,TRUE
"北丘30号窯","きたおかさんじゅうごうよう",FALSE
"中筬遺跡","なかおさいせき",FALSE
"仲迫間遺跡","なかはざまいせき",FALSE
"渡来川北遺跡","わたらいがわきたいせき",FALSE
"島遺跡","なかじまいせき（1952-2ちてん）",TRUE
"東山浦遺跡","ひがしやまうらいせき",FALSE
"東坪之内遺跡","ひがしつぼのうちいせき",FALSE
"藤田坂遺跡","ふじたさかいせき",FALSE
"徳山陣屋跡","とくやまじんやあと",FALSE
"南整理遺跡","みなみせいりいせき",FALSE
"梅替古墳","うめがえこふん",FALSE
"尾元遺跡","おもといせき",FALSE
"美濃観音寺山古墳","みのかんのんじやまこふん",FALSE
"冨田清友遺跡","とみだきよともいせき",FALSE
"峰一合遺跡","",FALSE
"大針起4号窯","おおはりおこしよんごうよう",FALSE
"牧野小山遺跡C地点","まきのこやまいせきしーちてん",TRUE
"野中遺跡","のなかいせき",FALSE
"野田遺跡","おかのだいせき",TRUE
"丹洞遺跡","のだいせき　たんぼらいせき",TRUE
"松森野田遺跡",NA,TRUE
"寺洞遺跡",NA,TRUE
"野内遺跡B地区","のうちいせき",TRUE
"野内遺跡C地区","のうちいせきしいちく",TRUE
"夕田茶臼山古墳","ゆうだちゃうすやまこふん",FALSE
"炉畑遺跡B地区","ろばたいせき",TRUE
"鵜沼古市場遺跡","うぬまふるいちばいせき",FALSE
"イタドリA遺跡","いたどりえーいせき",FALSE
"お茶壺屋敷跡",NA,TRUE
"きつね沢北古窯跡","きつねさわきたこようしぐん",FALSE
"すやん沢古窯跡","すやんざわこようあと",FALSE
"ミカノセ遺跡","みかのせいせき",FALSE
"安久遺跡","やすひさいせき",FALSE
"伊平遺跡",NA,TRUE
"異龍坪遺跡","いりゅうつぼいせき",FALSE
"衣原古窯群","ころんばらこようぐん",FALSE
"井出丸山遺跡",NA,TRUE
"一丁田遺跡","いっちょうだいせき",TRUE
"稲荷林遺跡","いなりばやしいせき",FALSE
"宇藤横穴墓群","うとうよこあなぼぐん",FALSE
"特別史跡遠江国分寺跡(国分寺･国府台遺跡)",NA,TRUE
"奥山遺跡","おくやまいせき",FALSE
"押出シ遺跡","おんだしいせき",FALSE
"下ノ大窪遺跡","しものおおくぼいせき",FALSE
"焼場A遺跡",NA,TRUE
"源平山遺跡","げんぺいやまいせき",FALSE
"猪追面遺跡","ししおいめんいせき",FALSE
"梶子遺跡Ⅹ",NA,TRUE
"梶子北遺跡","かじこきたいせき",FALSE
"葛原沢第Ⅳ遺跡",NA,TRUE
"葛山大端ヶⅡ遺跡",NA,TRUE
"今里薬師海道遺跡",NA,TRUE
"葛山大端ヶⅠ遺跡",NA,TRUE
"葛山大端ヶⅢ遺跡",NA,TRUE
"蒲ヶ谷原遺跡","かばがやはらいせき",FALSE
"陰洞B遺跡","かげぼらびいいせき",FALSE
"陰洞C遺跡","かげぼらしいいせき",FALSE
"陰洞E遺跡","かげぼらいーいせき",FALSE
"観音洞G遺跡","かんのんぼらじーいせき",FALSE
"観音洞B遺跡","かんのんぼらびいいせき",FALSE
"丸尾北遺跡","まるおきたいせき",FALSE
"宮ノ西遺跡","みやのにしいせき",FALSE
"宮竹野際遺跡","みやたけのぎわいせき",FALSE
"曲金北遺跡","まがりかねきたいせき",FALSE
"金沢遺跡","かなざわいせき",FALSE
"九反田遺跡","くたんだいせき",FALSE
"栗下遺跡","くりしたいせき",FALSE
"メノト遺跡","めのといせき",FALSE
"元野遺跡","もとのいせき",FALSE
"御殿･二之宮遺跡",NA,TRUE
"鶴喰前田遺跡","つるはみまえだいせき",FALSE
"向田A遺跡","むかいだえーいせき",FALSE
"広野北遺跡","ひろのきたいせき",FALSE
"高見丘Ⅲ･Ⅳ遺跡",NA,TRUE
"高見丘遺跡群","たかみがおかいちいせき　でぃいく",TRUE
"高尾山古墳",NA,TRUE
"細尾遺跡","ほそおいせき",FALSE
"桜畑上遺跡","さくらばたけうえいせき",FALSE
"三沢西原遺跡","みさわにしはらいせき",FALSE
"初音ヶ原遺跡",NA,TRUE
"中島B遺跡上舞台地点","なかじまびいいせき　かみぶたいちてん",TRUE
"乾草峠遺跡",NA,TRUE
"三嶋大社境内遺跡","みしまたいしゃけいだいいせき",FALSE
"清水町長沢地先",NA,TRUE
"三枚橋城址外堀跡","さんまいばしじょうしそとぼりあと",FALSE
"段間遺跡","だんまいせき",FALSE
"山ノ花遺跡","やまのはないせき",FALSE
"山中城遺跡","やまなかじょういせきだいにじゅうはちじちょうさ",TRUE
"山中城跡","やまなかじょうあと",FALSE
"山中城跡三ノ丸第1地点",NA,TRUE
"山田原Ⅱ遺跡",NA,TRUE
"山木遺跡","やまきいせき",TRUE
"雌鹿塚遺跡","めがづかいせき",FALSE
"寺家前遺跡","じけまえいせき",FALSE
"寺谷遺跡","てらがやいせき",FALSE
"篠場瓦窯跡","しのんばがようあと",FALSE
"秋葉林遺跡","あきばばやしいせき",FALSE
"十石洞遺跡","じゅっこくぼらいせき",FALSE
"小鹿杉本堀合坪遺跡","おしかすぎもとほりあいつぼいせき",FALSE
"小瀬戸遺跡","こせといせき",TRUE
"小瀬戸城跡",NA,TRUE
"番匠カイト遺跡",NA,TRUE
"上ノ段遺跡","うえのだんいせき",FALSE
"上ノ平遺跡","うえのたいらいせき",FALSE
"上阿弥陀遺跡","かみあみだいせき",TRUE
"上神増E古墳群",NA,TRUE
"森西遺跡","もりにしいせき",FALSE
"清水柳北遺跡","しみずやなぎきたいせき",FALSE
"西通北遺跡","にしどおりきたいせき",FALSE
"西洞遺跡b区",NA,TRUE
"西洞遺跡","にしぼらいせき",FALSE
"一反田遺跡","いったんだいせき",FALSE
"千居遺跡","せんごいせき",FALSE
"千福南山Ⅲ西遺跡","せんぷくみなみやまさんにしいせき",FALSE
"川合遺跡18区","かわいいせき18く",FALSE
"川山遺跡","かわやまいせき",FALSE
"川田･東原田遺跡",NA,TRUE
"川田･藤蔵渕遺跡",NA,TRUE
"中峯遺跡","なかみねいせき",FALSE
"大屋敷1号窯",NA,TRUE
"金山遺跡",NA,TRUE
"大沢古窯",NA,TRUE
"川尻古窯",NA,TRUE
"神明原･元宮川遺跡",NA,TRUE
"大中里坂下遺跡","おおなかざとさかしたいせき",FALSE
"棚返遺跡","たながえしいせき",FALSE
"池ヶ谷遺跡","いけがやいせき",FALSE
"池田B遺跡",NA,TRUE
"中村遺跡(南伊場地区)","なかむらいせき",TRUE
"町屋遺跡","まちやいせき",FALSE
"長伏上塩辛田遺跡","ながぶせかみしおからだいせき",FALSE
"鳥居松遺跡","とりいまついせき",FALSE
"中通遺跡","なかどおりいせき",FALSE
"鶴田Ⅰ遺跡",NA,TRUE
"的場古墳群･的場遺跡",NA,TRUE
"天ヶ沢東遺跡","あまんさわひがしいせき",FALSE
"古木戸A遺跡","ふるきどえーいせき",FALSE
"古木戸B遺跡","ふるきどびーいせき",FALSE
"天の川遺跡","てんのがわいせき",FALSE
"東前遺跡","ひがしまえいせき",FALSE
"内野山Ⅴ遺跡","うちのさんごいせき",FALSE
"南谷遺跡","みなみやついせき",FALSE
"二ッ洞遺跡",NA,TRUE
"日詰遺跡","ひづめいせき",FALSE
"入野高岸古窯","いりのたかぎしこよう",FALSE
"梅ノ木沢遺跡","うめのきざわいせき",FALSE
"八分平E遺跡","はちぶだいらいーいせき",FALSE
"尾壱遺跡","おいちいせき",FALSE
"尾上イラウネ遺跡","おのうえいらうねいせき",FALSE
"富士岡1古墳群",NA,TRUE
"富士石遺跡","ふじいしいせき",FALSE
"富沢内野山Ⅰ西遺跡","とみざわうちのさんⅠにしいせき",FALSE
"富沢内野山Ⅲ北遺跡","とみざわうちのさんⅢきたいせき",FALSE
"富沢内野山Ⅳ西遺跡","とみざわうちのさんⅣにしいせき",FALSE
"富沢内野山Ⅴ遺跡","とみざわうちのさんⅤいせき",FALSE
"平椎遺跡","ひらじいせき",FALSE
"片瀬遺跡","かたせいせき",FALSE
"北山遺跡","きたやまいせき",FALSE
"北神馬土手遺跡",NA,TRUE
"本郷坪遺跡","ほんごうつぼいせき",FALSE
"野台南遺跡","のだいみなみいせき",FALSE
"有東遺跡","うとういせき",TRUE
"小太郎砦",NA,TRUE
"佛ヶ尾遺跡","ほとけがおいせき",FALSE
"渕ヶ沢遺跡","ふちがさわいせき",FALSE
"茗荷沢遺跡","ぜにかみだいにいせき　みょうがさわいせき",TRUE
"藤ボサ遺跡","ふじぼさいせきえーく",TRUE
"K-G-93号窯跡",NA,TRUE
"さんまい貝塚","さんまいかいづか",FALSE
"モリ下遺跡","もりしたいせき",FALSE
"一色青海遺跡","いっしきあおかいいせき",FALSE
"稲荷山古墳群","いなりやまこふんぐん",FALSE
"宇トゲ窯跡","とげかまあと",FALSE
"中洞窯跡","なかぼらかまあと",FALSE
"烏帽子遺跡","えぼしいせき",FALSE
"羽根遺跡","はねいせき",FALSE
"塩草B窯跡","しおくさびーかまあと",FALSE
"岡島遺跡","おかじま",FALSE
"下懸遺跡","しもかけいせき",FALSE
"下津宿遺跡","おりづしゅくいせき",FALSE
"下津新町遺跡","おりづしんまちいせき",FALSE
"下津北山遺跡","おりづきたやまいせき",FALSE
"波瀬B遺跡",NA,TRUE
"須賀遺跡","すかいせき",FALSE
"夏敷古窯","なちきこよう",FALSE
"柿下遺跡","かきしたいせき",FALSE
"鴨池東古窯","かもいけひがしこよう",FALSE
"眼鏡下池北遺跡","めがねしもいけきたいせき",FALSE
"西側遺跡","にしがわいせき",FALSE
"岩作城跡","やざごじょうせき",FALSE
"寄島遺跡","よせじまいせき",FALSE
"亀首遺跡","かめくびいせき",FALSE
"吉胡貝塚",NA,TRUE
"吉竹遺跡","よしたけいせき",FALSE
"加原遺跡","かばるいせき",FALSE
"吉野遺跡","よしのいせき",FALSE
"宮西遺跡","みやにしいせき",FALSE
"郷上遺跡",NA,TRUE
"金色東B古窯群","かないろひがしびいこようぐん",FALSE
"金萩遺跡","かねはぎいせき",FALSE
"桑下城跡","くわしたじょうあと",FALSE
"欠下城跡",NA,TRUE
"権現遺跡","ごんげんいせき",FALSE
"権現山遺跡","ごんげんやまいせき",FALSE
"権六遺跡","ごんろくいせき",FALSE
"見晴台遺跡","みはらしだいいせき",FALSE
"御山寺遺跡","ごさんじいせき",FALSE
"広坪遺跡","ひろつぼいせき",FALSE
"高橋遺跡","たかはしいせき",FALSE
"黒笹古窯",NA,TRUE
"細田古窯群","ほそだこようぐん",FALSE
"三ツ井遺跡","みついいせき",FALSE
"三斗目遺跡","さんどうめいせき",FALSE
"志賀公園遺跡","しがこうえんいせき",FALSE
"寺部遺跡","てらべいせき",FALSE
"鹿乗川流域遺跡群","かのりがわりゅういきいせきぐん",FALSE
"室遺跡",NA,TRUE
"篠束遺跡群","しのづかいせきぐん",FALSE
"柴山F古窯",NA,TRUE
"若宮遺跡",NA,TRUE
"勝川遺跡","かちがわいせき",FALSE
"町田遺跡","ちょうだいせき",FALSE
"小針遺跡","こばりいせき",FALSE
"松崎遺跡","まつざきいせき",FALSE
"上橋下遺跡","かみはしかいせき",FALSE
"上中･西屋敷遺跡",NA,TRUE
"吉田奥第4号遺跡","よしだおくだいよんごういせき",FALSE
"吉田奥遺跡","よしだおくいせき",FALSE
"上品野E窯跡",NA,TRUE
"上品野遺跡","かみしなのいせき",FALSE
"上品野蟹川遺跡","かみしなのかにかわいせき",FALSE
"上品野西金地遺跡","かみしなのにしかねじいせき",FALSE
"城山城跡","しろやまじょうあと",FALSE
"新城城跡","しんしろじょうあと",FALSE
"須ヶ谷遺跡","すかたにいせき",FALSE
"西海塚遺跡","にしかいづかいせき",FALSE
"須長10号墳","すながじゅうごうふん",FALSE
"水汲遺跡","みずくみいせき",FALSE
"水神貝塚","すいじんかいづか",FALSE
"水入遺跡","みずいりいせき",FALSE
"清洲城下町遺跡","きよすじょうかまちいせき",FALSE
"西浦遺跡","にしうらいせき",FALSE
"西松山峠窯跡","にしまつやまとうげかまあと",FALSE
"西牧野遺跡","にしまきのいせき",FALSE
"石岸遺跡","いしぎしいせき",FALSE
"石座神社遺跡","いわくらじんじゃいせき",FALSE
"石堂野B遺跡","いしどうのびいいせき",FALSE
"跡ノ口遺跡","あとのくちいせき",FALSE
"一色長畑遺跡","いっしきながはたいせき",FALSE
"船橋宮裏遺跡",NA,TRUE
"折戸40号窯",NA,TRUE
"折戸84号窯",NA,TRUE
"折戸41号窯",NA,TRUE
"折戸50号窯",NA,TRUE
"先苅貝塚","まずかりかいづか",FALSE
"洗島遺跡","あらいじまいせき　あらいじまいちごうふん",TRUE
"惣作･鐘場遺跡",NA,TRUE
"惣作遺跡","そうさくいせき",FALSE
"多り畑遺跡","たりばたいせき",FALSE
"大西貝塚","おおにしかいづか",FALSE
"大坪西遺跡","おおつぼにしいせき",FALSE
"大脇城遺跡","おおわきじょういせき",FALSE
"滝1号墳","たきいちごうふん",FALSE
"凧山C窯跡",NA,TRUE
"凧山屋敷遺跡","たこやまやしきいせき",FALSE
"丁子田窯跡","ちょうじだかまあと",FALSE
"市ヶ洞1号窯",NA,TRUE
"塔の越遺跡","とうのこしいせき",FALSE
"長野北浦遺跡","ながのきたうらいせき",FALSE
"長野北浦･塔の越遺跡",NA,TRUE
"塚原1号窯跡",NA,TRUE
"若宮1号墳",NA,TRUE
"伝法寺本郷遺跡","でんぽうじほんごういせき",FALSE
"中之郷北遺跡","なかのごうきたいせき",FALSE
"伝法寺野田遺跡","でんぽうじのだいせき",FALSE
"田所遺跡","たどころいせき",FALSE
"登立遺跡","のぼりたていせき",FALSE
"土田遺跡","つちだいせき",FALSE
"東屋敷遺跡","ひがしやしきいせき",FALSE
"東山114号窯",NA,TRUE
"東中田A古窯","ひがしなかだえーこよう",FALSE
"堂外戸遺跡",NA,TRUE
"内田貝塚","うちだかいづか",FALSE
"内田古窯",NA,TRUE
"南木戸遺跡","みなみきどいせき",FALSE
"楠廻間貝塚","くすばさまかいづか",FALSE
"馬引横手遺跡","まびきよこていせき",FALSE
"白川公園遺跡","しらかわこうえんいせき",TRUE
"八王子遺跡","はちおうじいせき",FALSE
"八巻古窯群","はちまきこようぐん",FALSE
"八畝畑遺跡","やせばたいせき",FALSE
"姫下遺跡","ひめしたいせき",FALSE
"瓶子窯跡","へいじかまあと",FALSE
"普門寺旧境内","ふもんじきゅうけいだい",FALSE
"別岨古窯群","べっそこようぐん",FALSE
"保美貝塚","ほびかいづか",FALSE
"菩薩遺跡","ぼさついせき",FALSE
"鳳面館址",NA,TRUE
"堀越町遺跡","ほりこしちょういせき",FALSE
"堀内貝塚",NA,TRUE
"堀尾氏邸宅跡",NA,TRUE
"本川遺跡","ほんがわいせき",FALSE
"万徳峠窯跡","まんとくとうげようせき",FALSE
"名古屋城三の丸遺跡","なごやじょうさんのまるいせき",FALSE
"木戸城遺跡","きどじょういせき",FALSE
"野口･北出遺跡",NA,TRUE
"野添遺跡",NA,TRUE
"矢作川河床埋没林",NA,TRUE
"矢並下本城跡","やなみしもほんじょうあと",FALSE
"薬師ヶ根遺跡","やくしがねいせき",FALSE
"浪ノ上1号墳","なみのうえいちごうふん",FALSE
"稲荷山2号墳","いなりやまにごうふん",FALSE
"浪ノ上遺跡","なみのうえいせき",FALSE
"K-38号窯跡",NA,TRUE
"K-16号窯跡",NA,TRUE
"K-17号窯跡",NA,TRUE
"K-34号窯跡",NA,TRUE
"K-16･17･34号窯跡",NA,TRUE
"K-36号窯跡",NA,TRUE
"K-37号窯跡",NA,TRUE
"K-G-98号窯跡",NA,TRUE
"鶯窯跡","うぐいすかまあと",FALSE
"伊坂窯跡","いさかかまあと",FALSE
"井尻遺跡","いじりいせき",FALSE
"松ノ木遺跡","まつのき",TRUE
"森山東遺跡","もりやまひがしいせき",FALSE
"岡田遺跡","おかだいせき",FALSE
"橋垣内遺跡","はしがいといせき",FALSE
"筋違遺跡","すじかいいせき",FALSE
"金森遺跡","かなもりいせき",FALSE
"御池古墳群","おいけこふんぐん",FALSE
"三疋田遺跡","さんびきだいせき",FALSE
"山川遺跡","やまがわいせき",FALSE
"山添遺跡","やまぞえいせき",FALSE
"小津遺跡","おづいせき",FALSE
"新徳寺遺跡","しんとくじ",TRUE
"丸山口水銀採掘坑跡群","まるやまぐちすいぎんさいくつこうあとぐん",FALSE
"西川遺跡",NA,TRUE
"西肥留遺跡","にしひるいせき",FALSE
"石切山遺跡","いしきやまいせき",FALSE
"赤部遺跡","あかべいせき",FALSE
"川原宮遺跡","かわらみやいせき",TRUE
"川島遺跡群","ぐしかわじまいせきぐん",TRUE
"相川西方遺跡","あいかわせいほういせき",FALSE
"蔵田遺跡","ぞうたいせき",FALSE
"多気北畠氏遺跡(北畠氏館跡)","たげきたばたけしいせき　きたばたけしやかたあと",TRUE
"替田遺跡","かえだいせき",FALSE
"大古曽遺跡","おごそいせき",FALSE
"中野山遺跡","なかのやまいせき",FALSE
"中林･中道遺跡",NA,TRUE
"長谷町遺跡","はせまちいせき",FALSE
"追上遺跡","おやげいせき",FALSE
"天白遺跡","てんぱくいせき",FALSE
"東庄内A遺跡","ひがししょうないAいせき",FALSE
"弐ノ坪遺跡","にのつぼいせき",FALSE
"柏木遺跡","かしわぎいせき",FALSE
"八重垣神社遺跡","やえがきじんじゃいせき",TRUE
"発シA遺跡","おこしAいせき",FALSE
"琵琶垣内遺跡","びわがいといせき",FALSE
"舞出北遺跡","まいできたいせき",FALSE
"平田古墳群",NA,TRUE
"北山A遺跡",NA,TRUE
"北門遺跡","きたかどいせき",FALSE
"堀之内遺跡","ほりのうちいせき",FALSE
"木造赤坂遺跡","こつくりあかさかいせき",FALSE
"旅籠江戸屋跡・近世熊野街道跡","はたごえどやあと・きんせいくまのかいどうあと",FALSE
"梁瀬遺跡","やなせいせき",FALSE
"野添大辻遺跡","のぞえおおつじいせき",FALSE
"コドノB遺跡","こどのＢいせき",FALSE
"里前遺跡","さとまえいせき",FALSE
"松原添遺跡","まつばらぞえいせき",FALSE
"市頭A遺跡",NA,TRUE
"市頭B遺跡",NA,TRUE
"市頭C遺跡",NA,TRUE
"城ヶ崎遺跡","じょうがさきいせき",FALSE
"外園遺跡","ほかぞのいせき",FALSE
"柳ガ迫遺跡","やなぎがざこいせき",FALSE
"建昌城跡","けんしょうじょうあと",FALSE
"小湊フワガネク遺跡",NA,TRUE
"下堀遺跡","しもぼりいせき",FALSE
"川嶺辻遺跡","かわみねつじいせき",FALSE
"カムィヤキ古窯跡群","かむぃやきこようかまあとぐん",FALSE
"面縄貝塚","おもなわかいづか",FALSE
"面縄第2貝塚",NA,TRUE
"長田遺跡","ながたわせだいせき",TRUE
"黒葛遺跡",NA,TRUE
"牧遺跡","つるまきいせき",TRUE
"大久保遺跡・大久保B遺跡",NA,TRUE
"上場遺跡","うわばいせき",FALSE
"壱里塚C遺跡","いちりづかしいいせき",FALSE
"上場西遺跡
（に接する低地）",NA,TRUE
"中尾迫遺跡","なかおざこいせき",FALSE
"千束遺跡","みちづかいせきぐん　いちみちいせきよん",TRUE
"中尾遺跡",NA,TRUE
"萩原遺跡（Ⅱ）","はぎわらいせき",TRUE
"弥次ヶ湯古墳","やじがゆこふん",FALSE
"幸屋遺跡","こうやいせき",FALSE
"南丹波遺跡Ⅱ","みなみたんばいせき",TRUE
"竹牟礼遺跡","たけむれいせき",FALSE
"榎崎B遺跡","えのきざきびーいせき",FALSE
"前原和田遺跡","まえはらわだいせき",FALSE
"鍛冶屋馬場遺跡","かじやばばいせき",FALSE
"出水平遺跡","いずみびらいせき",FALSE
"本御内遺跡","もとおさといせき",FALSE
"市ノ原遺跡","いちのはらいせきだいごちてん",TRUE
"楠元遺跡","くすもといせき",FALSE
"石坂遺跡","いしざかいせき",FALSE
"城ヶ尾遺跡","じょうがおいせき",FALSE
"三角山Ⅱ遺跡","さんかくやま2いせき",FALSE
"三角山Ⅳ遺跡","",FALSE
"見入来遺跡",NA,TRUE
"京田遺跡","きょうでんいせき",FALSE
"大門口遺跡","ひさどみだいもんぐちいせき",TRUE
"馬塚松遺跡","うまつかまついせき",FALSE
"尾ヶ原遺跡","おがはらいせき",FALSE
"南田代遺跡","みなみたしろいせき",FALSE
"瀬戸頭A遺跡","せとがしらえーいせき",FALSE
"瀬戸頭B遺跡","せとがしらびーいせき",FALSE
"永迫平遺跡","ながさこひらいせき",FALSE
"御仮屋跡遺跡","おかりやあといせき",FALSE
"堂園平遺跡","どうぞのびらいせき",FALSE
"鳴野原遺跡(堂園遺跡A地点)","なきのはらいせき",TRUE
"蕨野B遺跡","わらびのびーいせき",FALSE
"仁田尾中B遺跡",NA,TRUE
"魚見ヶ原遺跡","うおみがはらいせき",FALSE
"諏訪牟田遺跡","すわむたいせき",FALSE
"上水流遺跡","かみずるいせき",FALSE
"前山遺跡","まえやまいせき",FALSE
"上山路山遺跡","かみやまじいせき",FALSE
"安茶ヶ原遺跡","あんちゃがはらいせき",FALSE
"荒木貝塚","あらきかいづか　",FALSE
"和早地遺跡","わそうじいせき",FALSE
"持躰松遺跡","もったいまついせき",FALSE
"堂園遺跡B地点","どうぞのいせきびーちてん",FALSE
"原村Ⅰ遺跡","はらむらいちいせき",FALSE
"関山遺跡","せきやまいせき",FALSE
"鳥居川遺跡","とりいがわいせき",FALSE
"チシャノ木遺跡","さかもと　ちしゃのきいせき",TRUE
"関山西遺跡","せきやまにしいせき",FALSE
"高古塚遺跡","こうこづかいせき",FALSE
"向栫城跡","むかいがこいじょうあと",FALSE
"霜月田遺跡","しもつきでんいせき",FALSE
"都原遺跡","さいとばるいせき",TRUE
"鷲ヶ迫遺跡","わしがさこいせき",TRUE
"北原中遺跡","きたはらなかいせき",FALSE
"前畑遺跡","かつくちまえはたいせき",TRUE
"大津保畑遺跡","おおつぼばたいせき",FALSE
"小園遺跡","おづのいせき",FALSE
"下ノ原B遺跡",NA,TRUE
"建山遺跡","おだかおたてやまいせき",TRUE
"西原段Ⅰ遺跡","にしはらだんいちいせき",FALSE
"市ノ原遺跡(第3地点)","いちのはらいせきだい3ちてん",TRUE
"領家西遺跡","りょうけにしいせき",FALSE
"天神平溝下遺跡","てんじんびらみぞしたいせき",FALSE
"南摺ヶ浜遺跡","みなみすりがはまいせき",FALSE
"狩俣遺跡","かりまたいせき",FALSE
"定塚遺跡","じょうづかいせき",FALSE
"柿木段遺跡","かきのだんいせきに",TRUE
"椿山遺跡","いけばた・つばきやまいせき",TRUE
"野方前段遺跡A地点","のがたまえだんいせきAちてん　",TRUE
"栫城跡","かこいじょうあと",FALSE
"南下遺跡","みなみしたいせき",FALSE
"渡畑遺跡","わたりばたいせき",FALSE
"二渡船渡ノ上遺跡","ふたわたりふなわたしのうえいせき",FALSE
"山崎野町跡A",NA,TRUE
"虎居城跡","とらいじょうあと",FALSE
"下鶴遺跡","しもづるいせき",FALSE
"川骨遺跡","かわぼねいせき",FALSE
"上新田遺跡","かみしんでんいせき",FALSE
"北山田遺跡","きたやまだいせき",FALSE
"稲荷迫遺跡","いなりざこいせき",FALSE
"宮ノ上遺跡","みやのうえいせき",FALSE
"鳴野原遺跡B地点","なきのはらいせきB ちてん",TRUE
"宮ヶ原遺跡","みやがはらいせき　",FALSE
"山仁田遺跡","やまにたいせき",FALSE
"外畠遺跡","ほかはたいせき",FALSE
"川上城跡","かわかみじょうあと",FALSE
"稲荷山遺跡","とうかやまいせき",FALSE
"鎮守山遺跡","ちんじゅやまいせき",FALSE
"高吉B遺跡",NA,TRUE
"加治木堀遺跡","かじきぼり　いせき",FALSE
"鍛冶園遺跡","かじぞのいせき",FALSE
"山ノ口遺跡","やまのくちいせき",FALSE
"高付遺跡","たかつきいせき",FALSE
"石峰遺跡","いしみねいせき",FALSE
"加治屋園遺跡","かじやぞのいせき　びいちてん",TRUE
"木場A2遺跡",NA,TRUE
"木佐貫原遺跡","きさぬきばるいせき",FALSE
"長浜金久第Ⅰ遺跡","ながはなかねくだい1かいづか",TRUE
"長浜金久第Ⅲ遺跡",NA,TRUE
"ケジ遺跡","ぐすく　しもやまだ　けじさん",TRUE
"泉川遺跡","いずみかわいせき",FALSE
"長浜金久第Ⅳ遺跡",NA,TRUE
"長浜金久第Ⅴ遺跡",NA,TRUE
"榎木原遺跡","えのきばるいせき",FALSE
"長浜金久第Ⅱ遺跡","ながはまかねく　だいにいせき",FALSE
"土浜ヤーヤ遺跡","つちはまやーやいせき",FALSE
"横峯遺跡","やくしまよこみねいせき",TRUE
"掃除山遺跡",NA,TRUE
"原田久保遺跡","はらだくぼいせき",FALSE
"敷領遺跡","しきりょういせき",FALSE
"武遺跡F地点","たけいせき　えふちてん",TRUE
"武遺跡E地点","たけいせき　いーちてん",TRUE
"地頭仮屋跡",NA,TRUE
"枦ヶ丸遺跡","はぜがまるいせき",FALSE
"寺山炭窯跡",NA,TRUE
"墓下遺跡","はかしたいせき",FALSE
"鹿大構内遺跡郡元団地(JT跡地)","かだいこうないいせきこおりもとだんち　じぇいてぃいあとち",TRUE
"北麓遺跡","きたふもといせき",FALSE
"不動寺遺跡","ふどうじいせき",FALSE
"志風頭遺跡","しかぜがしらいせき",FALSE
"春ノ山遺跡","はるのやまいせき",FALSE
"あやまる第2貝塚","あやまるだいにかいづか",FALSE
"宇宿貝塚","うしゅくかいづか",FALSE
"敷領遺跡(楠田地点)","しきりょういせき",TRUE
"鹿児島大学構内遺跡(郡元団地L-11･12区)",NA,TRUE
"鹿児島大学構内遺跡(郡元団地D･E-５区)","かごしまだいがくこうないいせきこおりもとだんち",TRUE
"鹿児島大学構内遺跡（桜ヶ丘団地）","かごしまだいがくこうないいせき",TRUE
"鹿児島大学構内遺跡（郡元団地:教育学部付属中学校敷地内）","かごしまだいがくこうないいせきこおりもとだんち",TRUE
"水天向遺跡","すいてんむかいいせき",FALSE
"向井原遺跡","むかいはらいせき",FALSE
"西下原遺跡","にししもばるいせき",FALSE
"名主原遺跡","みょうずばるいせき",FALSE
"背野平遺跡",NA,TRUE
"塘池上遺跡",NA,TRUE
"鳥居ヶ段遺跡","とりいがだんいせき",FALSE
"帖地遺跡",NA,TRUE
"山田中西遺跡","やまだなかにしいせき",FALSE
"山田半田遺跡(旧山田半田A遺跡･山田半田B遺跡)","やまだはんだいせき",TRUE
"小ハネ遺跡","こはねいせき",FALSE
"中増遺跡","なかましいせき",FALSE
"吉元遺跡",NA,TRUE
"気色の杜遺跡","けしきのもりいせき",FALSE
"中郡遺跡群","なかごおりいせきぐん",FALSE
"天神段遺跡","てんじんだんいせき",FALSE
"田原迫ノ上遺跡","たはらさこのうえいせき",FALSE
"町田堀遺跡","まちだぼりいせき",FALSE
"永吉天神段遺跡(第1地点)","ながよしてんじんだんいせき　だい1ちてん",TRUE
"永吉天神段遺跡(第2地点)","ながよしてんじんだんいせき３ だい２ちてん−２",TRUE
"永吉天神段遺跡(第3地点)","ながよしてんじんだんいせき　だい３ちてん",TRUE
"白水B遺跡",NA,TRUE
"平良上C遺跡","てらかみしーいせき",FALSE
"荒園遺跡　第1地点","あらぞのいせき　だい1ちてん",FALSE
"永吉天神段遺跡　第2地点","ながよしてんじんだんいせき３ だい２ちてん−２",TRUE
"牧山遺跡　A地点","まきやまいせき　Ａちてん",FALSE
"常盤原遺跡",NA,TRUE
"妻山元遺跡","つまやまもといせき",FALSE
"立小野堀遺跡","たちおのぼりいせき",FALSE
"七ッ谷遺跡",NA,TRUE
"石打遺跡","いしうちいせき",FALSE
"大中原遺跡","おおなかはらいせき",FALSE
"横峯C遺跡","よこみねしいいせき",FALSE
"藤平小田遺跡","とうへいおだいせき",FALSE
"銭亀遺跡","にしむたぜにがめいせき",TRUE
"広田遺跡","まつぎひろたいせき",TRUE
"下鹿野遺跡","しもかのいせき",FALSE
"一陣長崎鼻遺跡","いちじんながさきばないせき",FALSE
"大園A遺跡",NA,TRUE
"清水前遺跡","しみずまえいせき",FALSE
"西垂水(山薙)遺跡",NA,TRUE
"厚地松山製鉄遺跡","あつちまつやませいてつ",TRUE
"高城跡",NA,TRUE
"立切遺跡","たちきりいせき",FALSE
"牧野遺跡","まきのいせき",FALSE
"東前平遺跡","ひがしまえだいらいせき",FALSE
"芦野遺跡","あしのいせき",FALSE
