"MaterialType","Taxa"
"土器付着物,焦,口縁内面",NA
"土器付着物,煤,口縁内面",NA
"土器付着物,焦,",NA
"土器付着物,煤,口縁外面",NA
"土器付着物,焦,胴部内面",NA
"土器付着物,焦,底部内面",NA
"土器付着物,煤,胴部上位・外面",NA
"土器付着物,煤,胴部中位・外面",NA
"土器付着物,煤,胴上位・外面",NA
"土器付着物,内面",NA
"土器付着物,煤,底部外面",NA
"土器付着物,煤,胴部下位・外面",NA
"土器付着物,煤,口縁部～胴部上位・外面",NA
"土器付着物,煤,胴部破片",NA
"土器付着物,底部下位・外面",NA
"土器付着物,煤,底部下位・外面",NA
"土器付着物,煤,胴部外面破片",NA
"土器付着物,煮焦げ,脚部内面",NA
"土器付着物,煤,胴部破片・外面",NA
"土器付着物,煤,胴部上位〜中位・外面",NA
"土器付着物,煤,口縁部・外面",NA
"土器付着物,壺棺スス,胴部上半外面",NA
"種実,コメ,",NA
"種実,アカメガシワ,",NA
"種実,エゴノキ,",NA
"炭化材,アカガシ亜種,",NA
"炭化材,木炭,",NA
"炭化材,カエデ属,",NA
"炭化材,クリ,",NA
"炭化材,タケ亜科,",NA
"炭化材,",NA
"貝,",NA
"土器付着物,焦,胴内",NA
"種実,ドングリ,子葉",NA
"土器付着物,煤,口縁外",NA
"土器付着物,焦,口縁内",NA
"土器付着物,煤,胴外",NA
"土器付着物,煤,口縁外・胴外",NA
"木材，J-Cal",NA
"土器付着物,煤,口縁外・胴外上",NA
"漆,底部内面",NA
"土器付着物,焦,胴外，胴内",NA
"土器付着物,焦，煤,胴内，胴外",NA
"土器付着物,焦,胴内下",NA
"土器付着物,焦,胴内上",NA
"土器付着物,焦,口縁内・胴内上",NA
"土器付着物,焦,胴内中",NA
"土器付着物,焦,口縁外",NA
"土器付着物,吹,口縁外",NA
"漆,漆膜,",NA
"種実,クルミ,",NA
"土器付着物,口縁外",NA
"炭化材,外側",NA
"木材,木胎部",NA
"漆,",NA
"木材,",NA
"種実,クルミ,半分",NA
"種実,モモ,",NA
"土器付着物,底部内面",NA
"土器付着物,胴上外",NA
"骨,シカ,右大腿骨",NA
"骨,イノシシ,右橈骨",NA
"骨,スズキ,右主鰓蓋骨",NA
"骨,スズキ,左主鰓蓋骨",NA
"貝,ホタテガイ,破片",NA
"貝,アサリ,",NA
"貝,マガキ,",NA
"貝,ヤマトシジミ,",NA
"種実,オニグルミ,核",NA
"種実,クリ,子葉1/4",NA
"種実,ヒエ属,",NA
"土器付着物,煤,胴外中",NA
"種実,ニワトコ,",NA
"土器付着物,焦,胴下内",NA
"炭化材,クリ?,部位不明",NA
"土器付着物,焦,胴内面",NA
"土器付着物,煤,胴外面",NA
"その他,不明,",NA
"種実,オニグルミ,",NA
"木材，ウイグルマッチング，0",NA
"木材，ウイグルマッチング，20",NA
"木材，ウイグルマッチング，40",NA
"木材，ウイグルマッチング，70",NA
"木材，ウイグルマッチング，10",NA
"木材，ウイグルマッチング，30",NA
"木材，ウイグルマッチング，-30",NA
"木材，ウイグルマッチング，50",NA
"炭化材,不明",NA
"土器付着物,煤,胴外下",NA
"炭化材,クリ?,",NA
"炭化材,クヌギ節,",NA
"炭化材,炭化物,",NA
"種実,オオムギ,",NA
"炭化材,網代状繊維,",NA
"炭化材,最外1年輪",NA
"炭化材,外から10年輪",NA
"炭化材,外から20年輪",NA
"貝,シジミ,",NA
"種実,モモ,核",NA
"種実,クリ,",NA
"漆,胴内",NA
"漆,生漆,底部内面",NA
"土器付着物,煤,胴外上",NA
"土器付着物,口縁部下面・外面",NA
"土器付着物,胴部上位外面",NA
"土器付着物,口縁部外面",NA
"土器付着物,胴部上位・外面",NA
"土器付着物,胴部中位・外面",NA
"土器付着物,頸部外面",NA
"土器付着物,口縁下外面",NA
"土器付着物,胴部最大径部・外面",NA
"土器付着物,胴部下位・外面",NA
"土器付着物,口縁外面",NA
"土器付着物,胴部上位・内面",NA
"土器付着物,上位・外面",NA
"土器付着物,胴・内面",NA
"土器付着物,胴部下位・内面",NA
"土器付着物,口縁部・内面",NA
"土器付着物,口縁部・外面",NA
"土器付着物,胴部中位・内面",NA
"貝,カワニナ,",NA
"貝,陸産貝類,",NA
"貝,ハイガイ,",NA
"土器付着物,胴外",NA
"種実,ドングリ,",NA
"木材,木製品柄",NA
"土器付着物,外面",NA
"土器付着物,焦,内面",NA
"土器付着物,焦,胴外",NA
"土器付着物,煤,頸外",NA
"土器付着物,炭化物,口縁外",NA
"土器付着物,外面付着",NA
"土器付着物,",NA
"土器付着物,胴外上",NA
"土器付着物,坏屈曲部",NA
"土器付着物,胴内",NA
"土器付着物,外面（試料は２点）",NA
"土器付着物,胴部外面より採取",NA
"土器付着物,口縁外下",NA
"土器付着物,胴外下",NA
"木材，ウイグルマッチング，1-5",NA
"木材，ウイグルマッチング，外から1-5年輪",NA
"木材，ウイグルマッチング，外から6-10年輪",NA
"木材，ウイグルマッチング，11-15",NA
"木材，ウイグルマッチング，外から11-15年輪",NA
"木材，ウイグルマッチング，外から16-20年輪",NA
"木材，ウイグルマッチング，21-25",NA
"木材，ウイグルマッチング，外から21-25年輪",NA
"土器付着物,口縁外上",NA
"その他,砥石付着物,胴外",NA
"土器付着物,口縁内下",NA
"土器付着物,煤?,口縁外",NA
"土器付着物,煤?,口縁外下",NA
"土器付着物,焦,胴下外",NA
"土器付着物,炭化物,胴外",NA
"土器付着物,コメ,胴外上",NA
"土器付着物,吹,胴外上",NA
"土器付着物,炭化物,底部内面",NA
"土器付着物,頸外",NA
"種実,マメ？,",NA
"その他,炭化物,",NA
"土器付着物,煤?,胴外",NA
"土器付着物,ドングリ,底部内面",NA
"種実,カシ類（ドングリ）,",NA
"種実,エゴ,",NA
"種実,コメ,3個",NA
"土器付着物,胴内面",NA
"土器付着物,口縁外・胴外",NA
"土器付着物,胴外中～下",NA
"木材，ウイグルマッチング，最外1層目",NA
"木材，ウイグルマッチング，中間30層目",NA
"木材，ウイグルマッチング，最内60層目",NA
"木材,外側",NA
"木材,内側",NA
"木材，ウイグルマッチング，1〜5",NA
"木材，ウイグルマッチング，31〜35",NA
"木材，ウイグルマッチング，36〜39",NA
"木材，ウイグルマッチング，-20",NA
"木材，ウイグルマッチング，45",NA
"木材，ウイグルマッチング，-90",NA
"木材，ウイグルマッチング，1",NA
"木材，ウイグルマッチング，31",NA
"木材，ウイグルマッチング，61",NA
"木材，ウイグルマッチング，41",NA
"土器付着物,胴部外面",NA
"土器付着物,煤,口縁部外面",NA
"土器付着物,煤,口～胴外面",NA
"土器付着物,煮焦げ,胴部内面（胴下位内面）",NA
"土器付着物,煤,胴部上位外面（胴上外）",NA
"土器付着物,煤,頸部外面",NA
"土器付着物,胴部下位内面",NA
"土器付着物,坏部内面",NA
"土器付着物,煮焦げ,坏部内面",NA
"土器付着物,口縁部下外面（口外）",NA
"土器付着物,胴部下半下外面（胴中外）",NA
"土器付着物,炭化物,胴部外面",NA
"土器付着物,煮焦げ,胴内面",NA
"土器付着物,炭化物,胴部上位・外面",NA
"土器付着物,炭化物,口縁外面",NA
"木材，ウイグルマッチング，最外から1-5",NA
"木材，ウイグルマッチング，最外から11-15",NA
"木材，ウイグルマッチング，最外から21-25",NA
"木材，ウイグルマッチング，最外から31-35",NA
"木材，ウイグルマッチング，最外から26-30",NA
"木材，ウイグルマッチング，最外から26-29",NA
"土器付着物,煤,",NA
"土器付着物,煤,胴部外面",NA
"骨,クジラ,",NA
"骨,オットセイ,",NA
"骨,ヒト,肋骨",NA
"骨,獣骨,LM",NA
"骨,獣骨,SM",NA
"骨,魚骨,顎骨",NA
"骨,魚骨,椎骨",NA
"骨,イルカ,椎骨",NA
"骨,獣骨,不明",NA
"炭化材,ブドウ科,",NA
"炭化材,モミ属,",NA
"炭化材,広葉樹,",NA
"貝,ウバガイ,",NA
"貝,サラガイ,",NA
"貝,カキ,",NA
"貝,オオノガイ？,",NA
"漆,漆膜,胴外",NA
"土器付着物,口縁内",NA
"種実,クリ,子葉",NA
"土器付着物,底部外面",NA
"土器付着物,煤,口縁内",NA
"骨,ヒト,",NA
"骨,スズキ,歯骨R",NA
"骨,オットセイ,上腕骨R",NA
"骨,タラ,",NA
"骨,シカ,距骨R",NA
"骨,オットセイ,大腿骨R",NA
"骨,ヒト,指骨",NA
"骨,人骨・上腕",NA
"種実,ブドウ科,",NA
"種実,クルミ属,",NA
"種実,キビ,",NA
"種実,",NA
"種実,キビ属,",NA
"種実,アワ,",NA
"漆,口縁内",NA
"土器付着物,胴部内面",NA
"土器付着物,口縁部内面",NA
"土器付着物,胴部突帯下",NA
"土器付着物,胴部上位",NA
"木材,ヒノキ,",NA
"土器付着物,吹,胴外",NA
"土器付着物,吹,口縁外・胴外",NA
"土器付着物,吹,",NA
"土器付着物,不明,不明",NA
"木材,最外縁",NA
"木材，ウイグルマッチング，外から1年輪",NA
"木材，ウイグルマッチング，外から21年輪",NA
"木材，ウイグルマッチング，外から31年輪",NA
"木材，ウイグルマッチング，外から41年輪",NA
"木材，ウイグルマッチング，外から51年輪",NA
"木材，ウイグルマッチング，外から61年輪",NA
"木材，ウイグルマッチング，",NA
"木材，ウイグルマッチング，1年輪目",NA
"木材，ウイグルマッチング，外から11年輪目",NA
"木材，ウイグルマッチング，外から21年輪目",NA
"木材，ウイグルマッチング，外から31年輪目",NA
"木材，ウイグルマッチング，外から41年輪目",NA
"木材,クスノキ,",NA
"木材,ムクノキ,外から1年目",NA
"木材,クヌギ節,",NA
"木材，ウイグルマッチング，ムクロジ,外から1年目",NA
"木材，ウイグルマッチング，ムクロジ,外から11年目",NA
"木材，ウイグルマッチング，ムクロジ,外から21年目",NA
"木材，ウイグルマッチング，ムクロジ,外から31年目",NA
"木材，ウイグルマッチング，ムクロジ,外から41年目",NA
"木材，ウイグルマッチング，ムクロジ,外から51年目",NA
"木材,サクラ属,",NA
"木材,クリ,",NA
"土器付着物,吹,胴外中",NA
"骨,アシカ,",NA
"骨,人骨,助骨,SK-3-♀",NA
"骨,人骨,助骨,SK-30-♂",NA
"骨,人骨,助骨,SK-84-♀",NA
"土器付着物,煤（アスファルト？）,胴外",NA
"土器付着物,焦,口縁内,胴内",NA
"漆,赤漆,口縁外・内",NA
"土器付着物,焦：米粒痕,胴内",NA
"土器付着物,焦：米粒,胴内",NA
"骨,シカ,右距骨",NA
"骨,シカ,左距骨",NA
"骨,シカ,基節骨",NA
"貝,サルボウ,",NA
"漆,漆膜,口縁内",NA
"土器付着物,煤,口外",NA
"土器付着物,焦,口内",NA
"土器付着物,焦,口外",NA
"土器付着物,煤,口内",NA
"土器付着物,焦,口縁内，胴内",NA
"土器付着物,焦,口縁外・胴外",NA
"種実,クリ？,",NA
"種実,不明,",NA
"漆,アスファルト？,底部内面",NA
"漆,胴内下",NA
"漆,生漆,口縁内",NA
"土器付着物,煤,胴外中上",NA
"漆,漆膜,底部内面",NA
"土器付着物,煤，吹,口縁外,胴外中",NA
"土器付着物,焦,口胴内",NA
"土器付着物,吹,口胴外",NA
"土器付着物,焦,口縁外・口縁内・胴内",NA
"土器付着物,焦,口縁外，胴内",NA
"漆,漆？,胴内全",NA
"土器付着物,焦,口縁内下，胴内中",NA
"土器付着物,頸部",NA
"土器付着物,口縁下",NA
"土器付着物,煤状,胴外",NA
"土器付着物,吹?,口縁外・胴外",NA
"土器付着物,吹?,胴外",NA
"土器付着物,吹,胴内",NA
"土器付着物,鱗茎状,底部内面",NA
"木材,スギ,",NA
"木材,スギ,中心から180年輪目",NA
"木材,スギ,中心から230年輪目",NA
"木材,スギ,外から190年輪目",NA
"木材,スギ,外から140年輪目",NA
"木材,スギ,中心から202年輪目",NA
"土器付着物,吹,口縁部外面",NA
"土器付着物,煮焦げ,底部内面",NA
"土器付着物,吹,胴部外面",NA
"土器付着物,焦,胴外下",NA
"土器付着物,焦,胴外上",NA
"土器付着物,吹,口縁外上",NA
"土器付着物,不明,",NA
"木材,表面5年輪",NA
"その他,植物繊維,",NA
"木材，ウイグルマッチング，クスノキ,",NA
"炭化材,炭,",NA
"種実,ホルトノキ,",NA
"土器付着物,吹,口縁外・胴外下",NA
"貝,ハマグリ,R",NA
"貝,シオフキ,R",NA
"貝,カガミガイ,R",NA
"土器付着物,煤,屈曲部外面",NA
"土器付着物,吹,頸部外面",NA
"種実,マメ,",NA
"土器付着物,煤（漆？）,口縁外・胴外",NA
"土器付着物,煤?,胴外下",NA
"種実,コムギ,",NA
"木材，ウイグルマッチング，外から11年輪",NA
"木材，ウイグルマッチング，外から71年輪",NA
"木材，ウイグルマッチング，外から81年輪",NA
"土器付着物,焦,胴部内",NA
"土器付着物,煤,胴部外",NA
"土器付着物,煤,頸部外",NA
"土器付着物,焦,胴部外",NA
"木材，ウイグルマッチング，最外から5年輪",NA
"木材，ウイグルマッチング，最外から11年輪",NA
"木材，ウイグルマッチング，最外から21年輪",NA
"木材，ウイグルマッチング，最外から31年輪",NA
"木材，ウイグルマッチング，最外から41年輪",NA
"木材，ウイグルマッチング，最外から49年輪",NA
"木材，ウイグルマッチング，中心から6年輪",NA
"木材，ウイグルマッチング，中心から16年輪",NA
"木材，ウイグルマッチング，中心から26年輪",NA
"木材，ウイグルマッチング，中心から36年輪",NA
"木材，ウイグルマッチング，中心から46年輪",NA
"木材，ウイグルマッチング，外から31-35年輪",NA
"木材，ウイグルマッチング，外から51-55年輪",NA
"木材，ウイグルマッチング，外から71-75年輪",NA
"木材，ウイグルマッチング，外から91-95年輪",NA
"木材，ウイグルマッチング，外から111-115年輪",NA
"木材，ウイグルマッチング，外から131-135年輪",NA
"土器付着物,焦,胴部内面中部",NA
"土器付着物,焦,頸内",NA
"土器付着物,煤,頸外面",NA
"木材,タケ,胴外",NA
"土器付着物,焦,胴内部外面",NA
"土器付着物,煤,胴下部外面",NA
"土器付着物,焦,胴下部外面",NA
"種実,ウリ,",NA
"木材,広葉樹,樹皮直下内側最外縁",NA
"その他,竹皮,",NA
"木材,不明",NA
"木材,不明,不明",NA
"種実,ヒョウタン？,果皮",NA
"木材,針葉樹（スギ）,不明",NA
"木材,ゴヨウマツ,樹皮直下内側最外縁",NA
"土器付着物,焦（アワ状）,胴内",NA
"土器付着物,焦,脚底部内面",NA
"漆,漆片,胴内",NA
"種実,コメ,焼米",NA
"土器付着物,煤,口縁外，胴内",NA
"木材，ウイグルマッチング，外から91年輪",NA
"木材，ウイグルマッチング，外から101輪",NA
"土器付着物,煤?,口縁内",NA
"土器付着物,煤,坏",NA
"土器付着物,煤?,胴外上",NA
"種実,マメ科,",NA
"土器付着物,煤,胴下半外面",NA
"土器付着物,煤,頸部・外面",NA
"土器付着物,膜状,胴部中位外面",NA
"土器付着物,吹?,胴部最大径下位・外面",NA
"土器付着物,煤,胴部最大径・外面",NA
"土器付着物,吹?,口縁部外面",NA
"土器付着物,煤,胴部上位外面",NA
"土器付着物,煤,胴部中位外面",NA
"土器付着物,吹，煤,胴部中位外面",NA
"土器付着物,吹,胴部中位外面",NA
"土器付着物,胴部下位外面",NA
"土器付着物,煤状,胴部中位外面",NA
"土器付着物,煤,胴部下位外面",NA
"木材，ウイグルマッチング，クスノキ,内から5層",NA
"木材，ウイグルマッチング，クスノキ,内から25層",NA
"木材，ウイグルマッチング，クスノキ,内から45層",NA
"木材，ウイグルマッチング，クスノキ,内から65層",NA
"木材，ウイグルマッチング，クスノキ,内から85層",NA
"木材，ウイグルマッチング，クスノキ,内から105層",NA
"種実,トチ,皮殻",NA
"土器付着物,焦,胴内下中",NA
"種実,ダイズ,",NA
"骨,ブダイ,",NA
"骨,イノシシ,",NA
"骨,ジュゴン,",NA
"貝,アラスジケマンガイ,",NA
"貝,チョウセンサザエ,",NA
"貝,マガキガイ,",NA
"貝,シャコガイ,",NA
"土器付着物,焦,蓋内",NA
"漆,塗膜,胴外",NA
"木材，ウイグルマッチング，モミ属,最外1年目",NA
"木材，ウイグルマッチング，モミ属,最外11年目",NA
"木材，ウイグルマッチング，モミ属,最外21年目",NA
"木材,コナラ属コナラ亜属コナラ節,",NA
"木材,板材最外縁",NA
"種実,ヒョウタン,",NA
"木材，ウイグルマッチング，最も内側",NA
"木材，ウイグルマッチング，最内から10層目",NA
"木材，ウイグルマッチング，最内から20層目",NA
"木材，ウイグルマッチング，最内から30層目",NA
"木材，ウイグルマッチング，最内から40層目",NA
"木材，ウイグルマッチング，最内から50層目",NA
"木材，ウイグルマッチング，最内から60層目",NA
"木材，ウイグルマッチング，最内から70層目",NA
"木材，ウイグルマッチング，最内から80層目",NA
"木材，ウイグルマッチング，最内から90層目",NA
"木材，ウイグルマッチング，最内から100層目",NA
"木材，ウイグルマッチング，最内から110層目",NA
"木材，ウイグルマッチング，外から11-20年輪",NA
"木材，ウイグルマッチング，外から51-60年輪",NA
"木材，ウイグルマッチング，外から91-100年輪",NA
"木材，ウイグルマッチング，外から121-130年輪",NA
"木材，ウイグルマッチング，外から151-160年輪",NA
"木材，ウイグルマッチング，外から191-200年輪",NA
"木材，ウイグルマッチング，外から231-240年輪",NA
"漆,漆膜,胴内",NA
"種実,ヒョウタン,片",NA
"土器付着物,煤,胴部内面",NA
"木材,最外",NA
"木材,外皮付き最外",NA
"種実,堅果類,",NA
"骨,コイ類,第一椎骨",NA
"貝,セタシジミ,",NA
"その他,松葉,",NA
"その他,アシ,",NA
"貝,カラスガイ,",NA
"貝,ヤマトカワニナ,",NA
"貝,ナガタニシ,",NA
"貝,セタシジミ,貝殻",NA
"貝,セタシジミ,中身",NA
"土器付着物,煤,胴外（頸）",NA
"漆,塗膜,胴内",NA
"土器付着物,煤,口縁外・胴外下",NA
"土器付着物,吹,口縁外・胴外上",NA
"木材，ウイグルマッチング，外から1年輪目",NA
"木材，ウイグルマッチング，外から51年輪目",NA
"木材，ウイグルマッチング，外から61年輪目",NA
"木材，ウイグルマッチング，外から91年輪目",NA
"木材，ウイグルマッチング，外から131年輪目",NA
"木材，ウイグルマッチング，外から26-30年輪",NA
"木材，ウイグルマッチング，外から36-40年輪",NA
"木材，ウイグルマッチング，外から41-45年輪",NA
"その他,鉄,袋部",NA
"その他,鉄,袋部刃先近く",NA
"土器付着物,煤,頚部外面",NA
"土器付着物,焦,胴内下部",NA
"炭化材,炭化物,樹幹",NA
"土器付着物,煤，吹,口縁外・胴外",NA
"木材,外から2年輪",NA
"種実,サンショウ,",NA
"種実,カラスサンショウ,",NA
"炭化材,最外縁",NA
"土器付着物,胴内上",NA
"土器付着物,頚外",NA
"土器付着物,煤,頚外",NA
"その他,植物遺体,",NA
"その他,ウツギ,",NA
"木材,裏面",NA
"木材,内周",NA
"木材,外周",NA
"骨,ヒト,左脛骨中間部",NA
"骨,ヒト,肋骨左7",NA
"骨,ヒト,右中足骨2",NA
"骨,ヒト,右中足骨5",NA
"骨,ヒト,右中足骨3",NA
"骨,ヒト,右中足骨4",NA
"骨,シカ,右下上腕骨",NA
"骨,シカ,右踵骨",NA
"骨,イノシシ,右踵骨",NA
"炭化材,炭化物,土壌中",NA
"土器付着物,吹,身内面",NA
"貝,マシジミ,",NA
"種実,クルミ,殻",NA
"土器付着物,煤,底部内面",NA
"土器付着物,煤,胴内上",NA
"種実,オニグルミ,内果皮",NA
"種実,トチノキ,種皮",NA
"種実,ナラガシワ,果皮",NA
"種実,ササゲ属,",NA
"木材,ニレ属,",NA
"木材,ヤマグワ,",NA
"木材,コナラ節,",NA
"木材,ウルシ,",NA
"その他,繊維,",NA
"種実,アカガシ亜属,果皮",NA
"種実,オオムギ・コムギ,",NA
"土器付着物,屈曲部上位外",NA
"土器付着物,煤,胴外，底部外面",NA
"漆,胴内，底部内面",NA
"木材，ウイグルマッチング，柱材,外から1-5層",NA
"木材，ウイグルマッチング，柱材,外から16-20層",NA
"木材，ウイグルマッチング，柱材,外から31-35層",NA
"木材，ウイグルマッチング，柱材,外から46-50層",NA
"木材，ウイグルマッチング，柱材,外から61-65層",NA
"木材，ウイグルマッチング，柱材,外から76-80層",NA
"木材，ウイグルマッチング，柱材,外から91-95層",NA
"木材，ウイグルマッチング，柱材,外から106-110層",NA
"木材，ウイグルマッチング，柱材,外から121-125層",NA
"漆,胴内・胴外",NA
"炭化材,外から1年目",NA
"炭化材,外から11年目",NA
"炭化材,外から21年目",NA
"炭化材,外から21年輪",NA
"炭化材,外から31年目",NA
"炭化材,外から31年輪",NA
"炭化材,外から35年目",NA
"土器付着物,焦,口内外",NA
"種実,シイ,",NA
"土器付着物,焦,口縁内、胴内",NA
"土器付着物,焦，吹,胴内外",NA
"漆,漆膜,口縁外・口縁内",NA
"木材,木胎",NA
"炭化材,針葉樹,",NA
"炭化材,樹幹材,",NA
"土器付着物,口縁突帯下部",NA
"土器付着物,胎土食込炭化物,内面",NA
"木材,クリ？,",NA
"土器付着物,埋甕",NA
"種実,トチ,",NA
"土器付着物,胴外，胴内",NA
"漆,胴下部",NA
"漆,黒漆？,口縁外",NA
"炭化材,コナラ属コナラ亜属コナラ節,",NA
"漆,生漆,胴内",NA
"炭化材,クリ,最外",NA
"炭化材,クリ,11年目",NA
"炭化材,クリ,21年目",NA
"炭化材,クリ,31年目",NA
"炭化材,ブナ科コナラ属,",NA
"漆,漆片,胴外・胴内",NA
"土器付着物,焦（アスファルト？）,胴内",NA
"炭化材,コナラ属,",NA
"炭化材,クヌギ属?,",NA
"土器付着物,口胴外",NA
"漆,漆片,",NA
"その他,",NA
"種実,ソバ,",NA
"土器付着物,焦,胴下内面",NA
"種実,堅果？,子実",NA
"その他,土壌,",NA
"種実,クルミ,核",NA
"漆,漆？,胴外",NA
"漆,漆？,胴内",NA
"漆漆？胴外",NA
"土器付着物煤口縁外",NA
"土器付着物焦胴内",NA
"土器付着物焦底部内面",NA
"土器付着物焦胴内下",NA
"炭化材",NA
"炭化材散孔材",NA
"炭化材環孔材",NA
"土器付着物吹胴外",NA
"土器付着物焦口縁内",NA
"土器付着物吹口縁外・胴外",NA
"土器付着物煤胴外",NA
"土器付着物焦胴内，底部内面",NA
"炉址内採集土",NA
"炭化材(コナラ属クヌギ)",NA
"炭化材(ハンノキ属ハンノキ亜属)",NA
"炭化種実(イネ)",NA
"炭化材(ハンノキ亜属)",NA
"貝類",NA
"貝",NA
"炭化材(クリ)",NA
"クルミ核片",NA
"草木泥炭",NA
"木本泥炭",NA
"木材(コナラ属)",NA
"炭化物",NA
"炭化材(イネ科タケ亜科)",NA
"生木(クリ)",NA
"オニグルミ",NA
"炭化材（エノキ属）",NA
"不明",NA
"炭化木(マツ)",NA
"炭化木(ブナ？)",NA
"土器付着炭化物",NA
"ワラ状炭化物",NA
"木炭",NA
"人骨",NA
"炭化穀類(イネ)",NA
"炭化材(コナラ)",NA
"貝(ハマグリ)",NA
"炭化物(サクラ属)",NA
"炭化丸木材(クヌギ・コナラ)",NA
"丸木舟1号(ヒノキ属)",NA
"丸木舟2号(ヒノキ属)",NA
"貝(イワガキ)",NA
"土器付着物・外面",NA
"炭化材(クヌギ節:2年輪)",NA
"炭化材(クヌギ節:1年輪)",NA
"炭化材(クヌギ節:4年輪)",NA
"炭化材(散孔材:5年輪)",NA
"炭化材(クヌギ節:3年輪)",NA
"自然木(サクラ属)",NA
"自然木(スダジイ)",NA
"板材(ハンノキ亜属)",NA
"ローム試料",NA
"オニグルミ核",NA
"炭",NA
"シカの歯",NA
"骨(シカ？)",NA
"泥炭",NA
"樹木片",NA
"炭化材(コナラ属クヌギ節)",NA
"生材(樹皮の内側1年輪目(1年輪分)) 最外年輪 ケヤキ",NA
"生材(外から11年輪目(1年輪分)) ケヤキ",NA
"生材(外から21年輪目(1年輪分)) ケヤキ",NA
"生材(外から1年〜5年輪目の5年分(中心は3年輪目)) 最外部年輪 モミ属",NA
"生材(外から11年〜15年輪目の5年分(中心は13年輪目)) モミ属",NA
"生材(外から21年〜25年輪目の5年分(中心は23年輪目)) モミ属",NA
"生材(外から31年〜35年輪目の5年分(中心は33年輪目)) モミ属",NA
"生材(外から41年〜45年輪目の5年分(中心は43年輪目)) モミ属",NA
"生材(樹皮の内側1年目(1年輪)) 最外年輪 モミ属",NA
"腐植質土壌",NA
"木(トウヒ属)",NA
"腐植質堆積物",NA
"炭化種子",NA
"歯(ヒト臼歯)",NA
"クリ",NA
"トチノキ",NA
"木材(コナラ属コナラ亜属)",NA
"炭化物(樹木片)",NA
"炭化材(コナラ属コナラ亜属クヌギ節)",NA
"炭化材(タラノキ)",NA
"炭化材(カヤ)",NA
"木片(クリ)",NA
"木片(カエデ属)",NA
"木片(ムクノキ)",NA
"木片(コナラ属コナラ亜属クヌギ節)",NA
"木の実(トチ)",NA
"木の実(クルミ)",NA
"材(コナラ節)",NA
"生木(モミ属)",NA
"流木片",NA
"貝殻(ヤマトシジミ)",NA
"炭化米(イネ胚乳)",NA
"土壌",NA
"炭化材(ヤマグワ)",NA
"独木舟(ニレ属)",NA
"炭化物(クリ)",NA
"土(根少量混入)",NA
"木材(トウヒ属)",NA
"炭化材(コナラ属コナラ亜属コナラ節)",NA
"木片",NA
"炭化材(ヌルデ)",NA
"炭化材(広葉樹)",NA
"炭化材(コナラ属アカガシ亜属)",NA
"木片(モミ属)",NA
"人骨 左上顎切歯歯根部",NA
"人骨 左大腿骨",NA
"人骨 骨盤",NA
"人骨 尺骨",NA
"人骨 頸骨",NA
"人骨 臼歯",NA
"炭化材(トチノキ)",NA
"炭化植物遺体(タケ)",NA
"炭化物(コナラ属クヌギ節)",NA
"肋骨",NA
"右大腿骨",NA
"左側頭骨",NA
"木材(マツ属複維管束亜属)",NA
"木材(イヌガヤ)",NA
"木材",NA
"炭化米",NA
"丸太杭",NA
"杭",NA
"炭化物(コナラ属コナラ節)",NA
"材化石",NA
"泥炭質土壌",NA
"炭化物(ヤナギ属)",NA
"腐食質土壌",NA
"粘土",NA
"炭化材(クヌギ節)",NA
"木片(タケ亜科)",NA
"木材(クリ)",NA
"構築材(クリ)",NA
"構築材(ガマズミ属)",NA
"材(クリ樹幹)",NA
"自然木(コナラ節)",NA
"自然木(トウヒ節)",NA
"自然木",NA
"割り木",NA
"炭化種子(トチノキ)",NA
"木材(ヒノキ)",NA
"木材(コナラ属クヌギ節)",NA
"腐植",NA
"黒色粘土質シルト",NA
"木片(コナラ節)",NA
"黒色帯土壌",NA
"種実(オニグルミ核)",NA
"木片(オニグルミ)",NA
"黒泥",NA
"木本質泥炭",NA
"容器付着物",NA
"炭化材(トウヒ属？の一種)",NA
"炭化材(ケンポナシ)",NA
"炭化子葉(クヌギ近似類)",NA
"炭化材(ケヤキ)",NA
"樹木(コナラ属コナラ節)",NA
"炭化物(マツ属)",NA
"炭化物(トウヒ属カラマツ)",NA
"有機物",NA
"生材(サクラ属) 樹皮側",NA
"生材(サクラ属)",NA
"生材(サクラ属)樹芯側",NA
"生材(クリ)",NA
"生材(クワ属)",NA
"生試料・植物遺体 草本植物",NA
"生試料・植物遺体 タケ亜科",NA
"生試料･植物遺体 麻茎",NA
"四肢骨片(ウシ）",NA
"腐植層",NA
"生材試料(オニグルミ)",NA
"土器付着物・内面(おこげ)",NA
"炭化植物遺体･草本？",NA
"炭化植物遺体(草本)",NA
"方解石",NA
"炭化材(キハダ)",NA
"炭化材(カエデ属)",NA
"貝(タマキガイ)",NA
"有機質堆積物",NA
"牛歯",NA
"生材(コナラ亜属)",NA
"植物遺体(草本類茎)",NA
"種実(モモ核)",NA
"生材(コナラ属クヌギ節)",NA
"炭化材(クリ) 2年輪",NA
"炭化材(タケ亜科)",NA
"炭化材(ヒノキ科)",NA
"木片(フジ)",NA
"木片(クワ属)",NA
"トチノキ種子",NA
"生材(ブナ属)",NA
"生の種実(ヒョウタン果皮)",NA
"生材(カラマツ)",NA
"腐食質砂層",NA
"炭化核(オニグルミ)",NA
"炭化材(クリ）",NA
"炭化材(スギ) 1-5年輪",NA
"炭化材(スギ) 11-15年輪",NA
"炭化材(スギ) 21-24年輪",NA
"土器付着物（煤類）",NA
"炭化材（クヌギ節）",NA
"炭化材（コナラ節）",NA
"炭化種実（コムギ胚乳）",NA
"種子(籾)",NA
"炭化種子(クリ)",NA
"木片(クリ）",NA
"材",NA
"種実遺体(ムクロジ)",NA
"種実遺体（カヤツリグサ）",NA
"草本",NA
"黒色有機質粘土",NA
"土器付着物･内面（おこげ）",NA
"炭化材（ハンノキ亜属）",NA
"木材(クリ）",NA
"木材(ヤナギ属)",NA
"木材(ケヤキ)",NA
"黒色土壌",NA
"炭化材(クスノキ科)",NA
"炭化材(ニレ属)",NA
"炭化材(コナラ属コナラ節)",NA
"炭化材(コナラ節)",NA
"炭化植物遺体(草本植物)",NA
"黒色土",NA
"灰色砂質シルト",NA
"炭化種子(ヒエあるいはアワ)",NA
"植物片(トネリコ属)",NA
"炭化材(環孔材)",NA
"炭化物(イネ科)",NA
"炭化種子(オニグルミ)",NA
"マガキ",NA
"ヤマトシジミ",NA
"生種実(ツクバネガシ果実)",NA
"生木(コナラ属コナラ亜属コナラ節)",NA
"生木(カヤ)",NA
"炭化材(サクラ属)",NA
"炭化材(コナラ亜属クヌギ節)",NA
"炭化イネ胚乳",NA
"生試料･材",NA
"炭化材(エノキ属)",NA
"土器付着物",NA
"ハマグリ",NA
"漆器の塗膜",NA
"炭化果実(エゴマ)",NA
"植物遺体",NA
"材(クマシデ属)",NA
"草本質泥炭",NA
"炭化材(エゴノキ属)",NA
"炭化材(広葉樹･環孔材)",NA
"土壌(暗黒色土)",NA
"生漆片",NA
"生材(コナラ節)",NA
"生材",NA
"泥炭(木本質)",NA
"生材(枝)",NA
"有機質片",NA
"土壌(腐植質シルト)",NA
"土壌(腐植土)",NA
"plant material",NA
"organic sediment",NA
"炭化材(クワ属)",NA
"炭化材(イボタノキ属)",NA
"生材(クヌギ節)",NA
"木炭(コナラ属コナラ亜属クヌギ節)",NA
"木炭(エノキ属)",NA
"木炭(クリ)",NA
"材片",NA
"黒色シルト質粘土",NA
"灰褐色粘土質シルト",NA
"貝試料",NA
"灰色粘土質シルト",NA
"貝柄(ハナグモリ)",NA
"クヌギ",NA
"ナラ類",NA
"イヌガヤ",NA
"カシ類",NA
"トネリコ類",NA
"イヌエンジュ",NA
"キハダ",NA
"マツ類",NA
"ハンノキ類",NA
"サクラ類",NA
"ヤナギ類",NA
"ナラ",NA
NA,NA
"ヤマグワ",NA
"ヌルデ",NA
"炭化稈(タケ亜科)",NA
"炭化種実(イネ籾)",NA
"炭化材(アサダ)",NA
"生木",NA
"生木(エノキ属)",NA
"スダジイ",NA
"ムクロジ",NA
"木片(サクラ属)",NA
"木片(イチイガシ)",NA
"木片(スダジイ)",NA
"木材(トネリコ属)",NA
"木材(広葉樹･環孔材)",NA
"泥流",NA
"貝殻(シジミ属)",NA
"二枚貝(ヤマトシジミ)",NA
"炭化材(ニガキ)",NA
"材密集部材",NA
"泥炭質シルト",NA
"木材(ヒノキ科)",NA
"アワビ",NA
"シルト質粘土",NA
"粘土質シルト",NA
"泥炭質粘土",NA
"炭化材(サクラ属､ケヤキ、タケ類)",NA
"砂質粘土〜粘土質砂層の材片など植物遺体の多い部分",NA
"炭化材(アカガシ亜属)",NA
"炭化材(針葉樹)",NA
"木(ムクノキ)",NA
"木(広葉樹)",NA
"土",NA
"木(クリ)",NA
"木材片,炭化材片",NA
"貝(アサリ）",NA
"炭化材(クリ類似種)",NA
"炭化材(カエデ属の一種)",NA
"炭化物(トネリコ属)",NA
"貝類(アカニシ)",NA
"貝類(アサリ)",NA
"種子",NA
"イネ炭化種子",NA
"炭化材(クリ･タケ亜科)",NA
"炭化種実(モモ炭化核)",NA
"人骨片(部位不明)",NA
"炭化材(コナラ亜属コナラ節)",NA
"炭化紐",NA
"炭化種実(ヒシ属果実破片1点)",NA
"炭化種実(オニグルミ核破片1点)",NA
"土器付着物･内面(クルミ属核破片)",NA
"炭化材片",NA
"生試料･種実(オニグルミ核)",NA
"生試料･材(タケ亜科)",NA
"生試料･種実(オニビシ果実)",NA
"生試料(タケ亜科)",NA
"塗膜",NA
"生試料･その他(繊維)",NA
"生材(ヤナギ属樹皮)",NA
"生試料･種実(クリ果実)",NA
"生試料･種実(トチノキ種子)",NA
"生材(ウルシ)",NA
"生材(ニシキギ属)",NA
"生材(モミ属)",NA
"生試料(植物遺体)",NA
"生材(不明)",NA
"ハマグリ右殻",NA
"動物骨(シカ中手骨)",NA
"貝化石(ヤマトシジミ)",NA
"炭化物･種実(オニグルミ核)",NA
"生木(コナラ属アカガシ亜属)",NA
"生木(サクラ)",NA
"生木(ケヤキ)",NA
"生木(イネ科タケ亜科)",NA
"生木(タケ亜科)",NA
"生木(コナラ属コナラ亜属クヌギ節)",NA
"生材(コナラ属アカガシ亜属)",NA
"生材(ツブラジイ)",NA
"炭化材(イチイガシ)",NA
"炭化材(アマネザサ等)",NA
"炭化材 (ツブラジイ)",NA
"炭化材(ヒノキ)",NA
"貝(アカニシ)",NA
"貝(マガキ)",NA
"鉄滓",NA
"炭化植物(イネ科)",NA
"生材(コナラ属コナラ節)",NA
"貝化石(ハイガイ)",NA
"生材(イヌガヤ)",NA
"生試料･材(クリ)",NA
"生材(カマツカ)",NA
"炭化種子(ブドウ属)",NA
"炭(エノキ属)",NA
"炭(コナラ属コナラ亜属クヌギ節)",NA
"木炭(コナラ属コナラ亜属コナラ節)",NA
"カワニナ",NA
"自然木(ハンノキ属ハンノキ節)",NA
"木材(コナラ属コナラ亜属コナラ節)",NA
"炭化種子(オニグルミ核)",NA
"貝殻(ハマグリ)",NA
"貝殻(キサゴ)",NA
"土壌 灰･炭(フミン)",NA
"土壌 灰･炭(フミン酸)",NA
"小枝材",NA
"種子(シイ種実)",NA
"生試料･植物遺体(葉など-タブノキ)",NA
"木炭片",NA
"木炭(クヌギ節)",NA
"木炭(ススキ属･タケ亜科)",NA
"クリ種実",NA
"生試料･植物遺体",NA
"炭化材(クリまたはシイノキ属)",NA
"炭化材(環孔材広葉樹)",NA
"カキ",NA
"貝殻(エゾタマキガイ)",NA
"貝殻",NA
"イノシシの歯",NA
"貝化石",NA
"スス状炭化物",NA
"木片(トネリコ属)",NA
"木材(カヤ)",NA
"バカガイ",NA
"オキシジミ貝殻",NA
"炭化繊維",NA
"ハマグリ貝殻",NA
"炭化材等",NA
"マガキ貝殻",NA
"アサリ貝殻",NA
"木材(スダジイ)",NA
"黒色泥炭",NA
"暗褐色砂混じり腐植質シルト",NA
"灰色腐植混じりシルト",NA
"種実(ミズキ核)",NA
"生痕化石(ニオガイモドキ)",NA
"貝殻(イボキサゴ)",NA
"貝殻(マガキ)",NA
"炭化種実(不明)",NA
"木本遺体屑",NA
"貝殻(オキシジミ)",NA
"炭片",NA
"生材(ヒノキ)",NA
"生材(シキミ)",NA
"材(アカガシ亜属)",NA
"植物片",NA
"漆",NA
"生漆",NA
"木片(ムクロジ)",NA
"種子(オニグルミ)",NA
"土器内面付着炭化物",NA
"木片(クヌギ)",NA
"木片(ハンノキ亜属)",NA
"材(スダジイ)",NA
"材(クリ)",NA
"腐植質シルト",NA
"塗膜片",NA
"イチイガシ子葉",NA
"炭化材(コナラ亜属)",NA
"炭化材(トウヒ属バラモミ節の一種)",NA
"炭化材(広葉樹散孔材)",NA
"カヤ状炭化物",NA
"貝(アサリ)",NA
"木炭粒",NA
"炭化材(コナラ属)",NA
"貝(カガミガイ)",NA
"貝(オオノガイ)",NA
"ハンノキ果実 果実鱗片",NA
"ハンノキ果実、イヌシデ果実、アサダ果実",NA
"ハンノキ果実鱗片",NA
"イヌガヤ種子",NA
"コナラ属アカガシ亜属果実",NA
"種子(ホタルイ-カンガレイ)",NA
"種子(クサギ)",NA
"鱗片(ハンノキ)",NA
"種子(トチノキ)",NA
"泥炭または泥炭質粘土",NA
"貝(ハマグリ左)",NA
"貝(ハマグリ右)",NA
"シルト",NA
"ナミマガシワ･カガミガイ他",NA
"イノシシ 右第二後臼歯",NA
"イノシシ 右第三後臼歯",NA
"イノシシ 右下顎骨･第三後臼歯",NA
"貝(ナミマガシワガイ)",NA
"貝(海洋性:サルボウ)",NA
"生の植物遺体 (草本?)",NA
"有機質粘土",NA
"生木3点(コナラ節･クリ･トチノキ)",NA
"種実2点(オニグルミ核)",NA
"黒ボク土",NA
"黒シルト質粘土",NA
"褐灰色粘土",NA
"木炭(コナラ属?）",NA
"炭化材(トネリコ属)",NA
"貝(カキ)",NA
"砂質シルト",NA
"炭化材(ヒノキ属)",NA
"木材(ヒノキ属)",NA
"木材(広葉樹)",NA
"木材(カエデ属)",NA
"木材(クヌギ節)",NA
"炭化材(オニグルミ)",NA
"炭化材(広葉樹節)",NA
"炭化種実(オニグルミ核)",NA
"炭化材(カラマツまたはトウヒ属)",NA
"炭化材(コナラ属コナラ亜属クヌギ節･クリ)",NA
"種実(トチノキ種子)",NA
"種実(ナラガシワ果実)",NA
"種実(ササゲ属炭化種子)",NA
"第5号トチ塚 S10",NA
"木材(ニレ属)",NA
"木材(ヤマグワ)",NA
"木材(コナラ節)",NA
"木材(キハダ)",NA
"漆皮膜",NA
"木材(ウルシ)",NA
"土器付着物 胴外",NA
"土器付着物 口縁外",NA
"土器付着物 口縁外,胴外",NA
"土器付着物 口縁外,胴内",NA
"土器付着物 口縁内",NA
"土器付着物 胴内",NA
"木材 ウルシ",NA
"種実(アカガシ亜属)",NA
"自然木(モミsp)",NA
"丸木杭(チドリノキ)",NA
"柱(カヤ)",NA
"加工材(モモ)",NA
"丸木杭(クロモジ属)",NA
"丸木杭(エゴノキ属)",NA
"先端加工材(イヌガヤ)",NA
"両端加工材(ムラサキシキブ属)",NA
"両端加工材(ヌルデ)",NA
"構造部材(カヤ)",NA
"ヒョウタン果実",NA
"杭(タケ亜科)",NA
"丸木杭(モモ)",NA
"先端加工材(ウメ)",NA
"丸木杭(クリ)",NA
"丸木杭(ヌルデ)",NA
"丸木杭(ヤナギ属)",NA
"炭化材(コナラ属コナラ亜属)",NA
"土壌・炭化物",NA
"木材(ハンノキ属ハンノキ亜属)",NA
"ホタルイ属果実",NA
"タケ亜科稈",NA
"ミクリ属果実",NA
"ハンノキ属鱗片",NA
"コナラ殻斗",NA
"ブドウ属種子",NA
"種実(不明)",NA
"種実(エゴノキ核)",NA
"木材樹皮(広葉樹)",NA
"木材(コナラ属コナラ節)",NA
"木材(ムクノキ)",NA
"木材(トネリコ属シオジ節)",NA
"マクワ･シロウリ型種子",NA
"ハンノキ属果鱗",NA
"ハンノキ属果序",NA
"自然材(ハンノキ亜属)",NA
"自然材(コナラ節)",NA
"加工材(クヌギ節)",NA
"炭化物を含む土壌",NA
"炭化材(クマシデ属イヌシデ節)",NA
"貝殻(微小二枚貝)",NA
"炭化物･材",NA
"炭化材(広葉樹?)",NA
"クリ材",NA
"有機質泥",NA
"草本泥炭",NA
"有機質土壌",NA
"植物遺体混じり有機質土壌",NA
"炭化物混じり有機質土壌",NA
"材化石(コナラ属コナラ亜属コナラ節)",NA
"木材(ヒノキ属の一種)",NA
"ひょうたんの皮",NA
"炭化材(マツ属複維管束亜属の一種)",NA
"布?土壌?",NA
"材(散孔材･広葉樹)",NA
"材(環孔材)",NA
"木炭(バラ科ナシ亜科)",NA
"炭化種実(アズキ類種子)",NA
"炭化種実(ミズキ核)",NA
"炭化種実(イネ胚乳)",NA
"生木(マツ属複維管束亜属)",NA
"腐植酸",NA
"腐植酸を抽出分離した残渣",NA
"炭化物片",NA
"炭化材(クマシデ属)",NA
"貝殻(ハイガイ)",NA
"炭化種子(イネ)",NA
"炭化種子(オオムギ)",NA
"炭化種子(コムギ)",NA
"炭化種子(クルミ)",NA
"炭化物(ヤマグワ)",NA
"炭化物(コナラ属コナラ亜属クヌギ節)",NA
"有機質砂質シルト",NA
"生材(樹種不明)",NA
"炭化材(クリ?)",NA
"炭化物(草本?)",NA
"炭化材(マツ属複維管束亜属)",NA
"炭化材(ニワトコ)",NA
"貝化石(カガミガイ)",NA
"炭化材(スギ)",NA
"炭化植物片(タケ･ササ類)",NA
"植物片(タケ亜科)",NA
"炭化物(マツ属複維管束亜属)",NA
"土壌(未分解草本質泥炭)",NA
"漆器(ブナ属)",NA
"木材(コナラ属コナラ亜属クヌギ節)",NA
"生試料･種実(コナラ殻斗)",NA
"生試料･材(トネリコ属)",NA
"自然木(モモ)",NA
"貝殻片",NA
"木材(マツ属単維管束亜属)",NA
"木材(モミ属)",NA
"木材(針葉樹･スギ?)",NA
"炭化物(菌核?)",NA
"炭化材(広葉樹環孔材?)",NA
"腐植質粘土",NA
"植物遺体まじり砂",NA
"泥炭及び腐植質シルト",NA
"炭化材(ムクロジ)",NA
"炭化材(モミ属)",NA
"木材(ウメ)",NA
"黒泥状粘土",NA
"木材遺体(モクレン属)",NA
"木本質泥炭〜草本質泥炭",NA
"木材(ハンノキ属)",NA
"木材(ムラサキシキブ属)",NA
"炭化材(モモ)",NA
"炭化種実(トチノキ)",NA
"炭化材(クサギ)",NA
"炭化材(ケンポナシ属)",NA
"土器付着物 樹脂?",NA
"土器付着物 漆",NA
"炭化物(クルミ殻)",NA
"炭化材(散孔材)",NA
"木材と泥炭",NA
"炭質物含有砂",NA
"貝(ヤマトシジミ)",NA
"貝(キサゴ)",NA
"砂質泥炭",NA
"根",NA
"木(トネリコ属)",NA
"木(ケヤキ)",NA
"木(カエデ属)",NA
"木(コナラ属コナラ亜属クヌギ節)",NA
"人骨(右大腿骨)",NA
"炭化材(ガマズミ属)",NA
"炭化物(食物残渣)",NA
"オオノガイ",NA
"材(ニレ属)",NA
"木材(ケンポナシ属)",NA
"木材(広葉樹環孔材)",NA
"木材(コナラ亜属)",NA
"アサリ",NA
"ハマグリ･カキ",NA
"サメ椎体",NA
"常緑広葉樹 葉片および木材化石",NA
"生材(アサダ)",NA
"生材(トチノキ)",NA
"生材(エノキ属)",NA
"土器付着物 炭化物",NA
"土器付着物 有機物(胎土混じり)",NA
"木炭(シキミ)",NA
"材(ハンノキ属ハンノキ亜属)",NA
"種子(オニグルミ核)",NA
"材(コナラ属コナラ亜属コナラ節)",NA
"炭化材(トネリコ属シオジ節)",NA
"炭化材(ハンノキ属)",NA
"木材(ハンノキ亜属)",NA
"炭化物(土壌混じり)",NA
"貝殻(ハマグリ) 左殻",NA
"炭化材(クヌギ･コナラ?)",NA
"炭化材(クヌギ･コナラ)",NA
"土器付着物(お焦げ)",NA
"木材(ゴヨウマツ)",NA
"植物遺体を含む粘土",NA
"木材(アカガシ亜属)",NA
"炭化種実(イネ炭化種子)",NA
"炭化材(コナラ属アカガシ亜属?)",NA
"炭化種実(ダイズ)",NA
"炭化葉(ウシクサ族)",NA
"クルミ殻",NA
"木材(コナラ亜属クヌギ節)",NA
"炭化種実(オニグルミ)",NA
"炭化種実(クリ)",NA
"丸木材",NA
"木材(イヌエンジュ)",NA
"材(コナラ属コナラ亜属クヌギ節)",NA
"カガミガイ",NA
"材(カラマツ／トウヒ)",NA
"材(カラマツ)",NA
"材(ハリグワ)",NA
"材(マツ属の一種)",NA
"材(イヌガヤ)",NA
"材(マツ科の一種)",NA
"材(広葉樹 環孔材)",NA
"材(ヤナギ属の一種)",NA
"材(ヒノキ属の一種)",NA
"材(ケンポナシ)",NA
"クルミ",NA
"有機質土",NA
"炭化材(オニグルミ･クリ)",NA
"炭化材(樹皮)",NA
"炭化材(トウヒ属またはカラマツ属)",NA
"木材(ハンノキ節)",NA
"全腐植",NA
"フルボ酸",NA
"非加水分解性腐植",NA
"炭化材(シラキ)",NA
"炭化物(イチイ)",NA
"枝",NA
"イノシシ中足骨",NA
"イヌガヤ?種子",NA
"種子/果実",NA
"ヒシ種子",NA
"材(枝)",NA
"イガイ",NA
"ケヤキ",NA
"コナラ属",NA
"炭化物(モミ属)",NA
"生試料･その他",NA
"炭化材(イネ科)",NA
"炭化材(ムクノキ)",NA
"木片(スギ)",NA
"木片(ヤナギ属)",NA
"木片(カヤ)",NA
"果実(ヒョウタン皮)",NA
"竹笹類?",NA
"竹笹類",NA
"炭化材(ミズキ属)",NA
"炭化材(キハダ属)",NA
"炭化米6粒",NA
"炭化米8粒",NA
"炭化物(土塊)",NA
"炭化米3粒",NA
"炭化物(ケヤキ)",NA
"炭化米4粒",NA
"炭化材(トガサワラ)",NA
"木材(トチノキとアカガシ亜属)",NA
"炭化材(シイノキ属)",NA
"貝(ミガキボラ)",NA
"貝(レイシガイ)",NA
"木葉",NA
"炭化材(カラマツ属orトウヒ属)",NA
"木片(ヒノキ)",NA
"自然木(ヤナギ)",NA
"生試料･材(ヒノキ)",NA
"生試料･材(アカマツ)",NA
"炭化木片",NA
"炭化材(カキノキ属)",NA
"木片(クスノキ科)",NA
"木片(エノキ属)",NA
"材(マツ属単維管束亜属)",NA
"材(モミ属)",NA
"炭化物を含むローム",NA
"ユキガイ貝殻",NA
"乾燥木材",NA
"炭化材(環孔材?)",NA
"木材(ハンノキ属ハンノキ亜属?)",NA
"種実(クリ果実破片)",NA
"不明植物遺体(数点)",NA
"種実(コナラ属コナラ節幼果)",NA
"種実(ハンノキ球果)",NA
"生試料･種実(エゴノキ核)",NA
"生材(ハンノキ属ハンノキ亜属)",NA
"生材(ケヤキ)",NA
"生材(サカキ)",NA
"ヒト頭骨側頭骨",NA
"土器付着木質",NA
"炭化材(シキミ)",NA
"炭化物･種子(イネ)",NA
"モモ核(内果実)",NA
"炭化種実(モモ･内果皮)",NA
"生材(スギ)",NA
"生材(針葉樹)",NA
"ブタ第2後臼歯",NA
"炭化材(クルミ属)",NA
"炭化材(ブナ科 クリ、シイ属、コナラ属コナラ節のいずれか)",NA
"炭化材(トウヒ属)",NA
"種実(ツブラジイ果皮)",NA
"歯",NA
"炭化物(炭化米)",NA
"木片(マツ属複維管束亜属)",NA
"二枚貝",NA
"焼土",NA
"植物",NA
"腐植質土",NA
"材片(バラ属)",NA
"材片(バラ科ナシ亜科)",NA
"材片(ヒトツバタゴ)",NA
"種子(ヒョウタン類の果皮)",NA
"炭化材(イヌガヤ)",NA
"炭化材(不明)",NA
"腐植土壌",NA
"木版",NA
"貝殻(ダンベイキサゴ)",NA
"炭化材(クヌギ節の一種)",NA
"有機質シルト",NA
"貝殻(カモノアシガキ)",NA
"キクザルガイ",NA
"流木",NA
"炭化材(イヌシデ節)",NA
"炭化種実(トチノキ?炭化種皮)",NA
"炭化種実(イネ炭化胚乳)",NA
"炭化材(アオキ)",NA
"アワ炭化胚乳",NA
"炭化材(サンショウ属)",NA
"炭化材(ツバキ属)",NA
"堆積物",NA
"炭化米(イネ)",NA
"炭化材(マツ属)",NA
"ピート",NA
"炭化物粒",NA
"炭化材(クリ、広葉樹)",NA
"マテガイ",NA
"炭化材(ムラサキシキブ属)",NA
"炭化物(ブナ科)",NA
"木材(スギ)",NA
"陸生貝(マイマイ)",NA
"炭化材(トウヒ属?）",NA
"木質",NA
"木炭(トネリコ属シオジ節)",NA
"炭化物(ワラビ炭化葉柄)",NA
"炭化内果皮(オニグルミ)",NA
"炭化材(カバノキ属)",NA
"炭化材(ヤマウルシ様環孔材)",NA
"炭化種実(アズキ種子)",NA
"炭化材(ブナ属)",NA
"炭化材(アスナロ，コナラ属コナラ節)",NA
"炭化種実(トチノキ炭化子葉?)",NA
"炭化種実(イヌガヤ炭化種子)",NA
"イネモミ",NA
"生木(アスナロ)",NA
"ドングリ種実",NA
"トチ種実",NA
"トチ種皮",NA
"トチ種子",NA
"種",NA
"炭化物(コナラ属アカガシ亜属)",NA
"炭化物(カエデ属)",NA
"炭化クリ子葉",NA
"骨(歯；上顎右)",NA
"骨(歯:下顎左)",NA
"人骨（下顎歯破片）",NA
"右腓骨",NA
"左上腕骨",NA
"上腕骨",NA
"腓骨",NA
"頭骨",NA
"生竹",NA
"馬骨",NA
"炭化材(ナラ類)",NA
"生木(トウヒ属)",NA
"植物繊維(コケ)",NA
"炭化粒",NA
"植物遺体(根)",NA
"炭化材(マツ属複維官束亜属)",NA
"木材(ブナ属)",NA
"炭化草本類",NA
"マメ類",NA
"炭化材(ススキ属)",NA
"ヒトの歯(上顎右第2乳臼歯)",NA
"種実",NA
"炭化材(ヒノキ科アスナロ属)",NA
"炭化材(カエデ科カエデ属)",NA
"炭化材(モクレン科モクレン属)",NA
"炭化材(マツ科マツ属)",NA
"炭化材(ブナ科クリ属クリ)",NA
"木片(ブナ科クリ属クリ)",NA
"木片(ブナ科コナラ属コナラ亜属コナラ節)",NA
"木片(カエデ科カエデ属)",NA
"炭化種実(ブドウ属炭化種子)",NA
"種実(クルミ)",NA
"炭化材(カツラ)",NA
"木片(トチノキ)",NA
"炭化物(クルミほか)",NA
"炭化物(クルミ)",NA
"炭化物(クリ･クルミ)",NA
"トチノキ種皮片",NA
"オニグルミ炭化核",NA
"アスファルト?",NA
"オニグルミ炭化核?",NA
"炭化樹皮",NA
"炭化材(ヤナギ属)",NA
"炭化植物遺体(稈)(イネ科)",NA
"炭化種実(クリ炭化子葉)",NA
"単子葉植物茎",NA
"ニワトコ種子",NA
"植物遺物",NA
"炭化材(ブナ科ブナ属)",NA
"炭化材(アスナロ)",NA
"炭化材(モクレン属)",NA
"トチの実の殻",NA
"木片(アスナロ)",NA
"木片(ブナ属)",NA
"アスナロ",NA
"生試料･その他(樹皮)",NA
"生試料･種実(ホオノキ種子)",NA
"生試料･植物遺体(不明胚珠または花柄)",NA
"生材･自然木(カエデ属)",NA
"単子葉植物(イネ科)",NA
"木材(クワ属)",NA
"木材(アスナロ)",NA
"骨(乳歯:下左)",NA
"骨(肋骨)",NA
"骨(長骨)",NA
"骨(歯:下左)",NA
"骨",NA
"骨(歯:上左)",NA
"骨(頭蓋骨)",NA
"生材(トネリコ属トネリコ節)",NA
"生材(トネリコ属)",NA
"生材(ハンノキ亜属)",NA
"生材(環孔材)",NA
"木材(ハリギリ)",NA
"木材(サワグルミ)",NA
"木材(カツラ)",NA
"木材(ミズキ)",NA
"炭化材(クリ近似種)",NA
"炭化材(ヤナギ科)",NA
"ヒメグルミ核",NA
"炭化材･ヒメグルミ核",NA
"木材(カラマツ属)",NA
"炭化材(ハンノキ節)",NA
"炭化オニグルミ内果皮",NA
"炭化種実(クリ果実)",NA
"炭化物(カツラ)",NA
"炭化物(アスナロ)",NA
"ヒト左下顎第3大臼歯",NA
"ヒト右上顎第2大臼歯",NA
"動物骨片",NA
"偶蹄類臼歯",NA
"陸貝",NA
"ウサギ歯",NA
"臼歯(ナウマンゾウ)",NA
"絶滅大型シカ脛骨",NA
"ヤベオオツノジカ",NA
"炭化材(ニシキギ属)",NA
"炭化材(マツ複維管束亜属)",NA
"生材(モクレン属)",NA
"果実片",NA
"炭化材(散孔材?)",NA
"トチノキ種皮",NA
"漆塗膜",NA
"木胎",NA
"漆(木胎部)",NA
"炭化材(シナノキ属?)",NA
"漆紙様資料",NA
"生材(ハリグワ)",NA
"生材(アスナロ)",NA
"炭化種実(コナラ属子葉)",NA
"生種実(オニグルミ核)",NA
"生材(カツラ)",NA
"生材(ハンノキ属)",NA
"生の種実(イネ籾殻)",NA
"礫付着炭化物",NA
"炭化種実?",NA
"炭化種実(オオムギ)",NA
"炭化種実(アワ炭化種子)",NA
"イネ科B炭化種子",NA
"炭化材(マタタビ属)",NA
"クルミの殻",NA
"炭化種子(米)",NA
"炭化種子(豆)",NA
"木材(マツ複維管束亜属)",NA
"堆積土",NA
"炭化材(カラマツ属)",NA
"ヒト遊離歯",NA
"オニグルミ(種子)",NA
"クリ(種子)",NA
"ホタテガイ",NA
"シカ 右大腿骨",NA
"イノシシ 右橈骨",NA
"スズキ",NA
"炭化クルミ",NA
"植物遺体(イネ属)",NA
"トチ",NA
"炭化材(ヒバ)",NA
"生材(トウヒ属)",NA
"生材(ヒバ)",NA
"炭化材(ハリギリ)",NA
"骨(ヒト右下歯)",NA
"骨(ヒト歯)",NA
"炭化萱",NA
"生木(モクレン)",NA
"漆器塗膜",NA
"漆液",NA
"炭化材(散孔材の一種)",NA
"炭化イネ",NA
"生木片",NA
"もみがら",NA
"生種実(イネ果実)",NA
"木片(キハダ)",NA
"イネ炭化胚乳",NA
"地下茎(クワイ)",NA
"炭化種実(クリ子葉)",NA
"土壌(黒褐色砂)",NA
"炭化材(ハルニレ)",NA
"生木(イチイ)",NA
"銹着炭化材(モクレン属)",NA
"貝(イガイ)",NA
"炭化材(イヌエンジュ)",NA
"骨コラーゲン",NA
"炭化種実",NA
"椎骨(マグロ)",NA
"貝殻(コダマガイ)",NA
"種子(コムギ胚乳)",NA
"牛科獣類の臼歯",NA
"象の臼歯",NA
"炭化材(スギ?)",NA
"木炭(カバノキ属)",NA
"クリ子葉",NA
"クリ?",NA
"不明種子",NA
"土器付着物(漆塗膜)",NA
"炭化材(ウルシ属)",NA
"炭化物(種子?)",NA
"炭化材(ナナカマド近似種)",NA
"炭化材(ヤマウルシ)",NA
"炭化材(クリ、マツ属複維管束亜属)",NA
"木片(ヤマザクラ)",NA
"木炭(クリ属)",NA
"木炭(モクレン属、クリ属)",NA
"樹木",NA
"炭化材(ナラ)",NA
"漆膜",NA
"トチノキ果皮",NA
"クルミ果皮",NA
"土器付着物(アスファルト?)",NA
"貝殻(レイシガイ)",NA
"炭化種子(モモ)",NA
"馬歯",NA
"炭化材(マツ属複維管属亜属)",NA
"炭化材(エゴノキ属近似種)",NA
"炭化種子(トチノキ種子)",NA
"炭化種子(コムギ胚乳)",NA
"炭化種子?",NA
"漆器椀(ブナ属)",NA
"木材(モクレン属)",NA
"木材(マツ属orクリ)",NA
"木片(ケヤキ)",NA
"木片(シナノキ属)",NA
"炭化栗",NA
"獣骨(ウマ?)",NA
"木片(コナラ属コナラ亜属コナラ節)",NA
"米",NA
"炭化材(トネリコ類)",NA
"炭化種子(ドングリ)",NA
"炭化材(アカマツ)",NA
"炭化種子(オニグルミ?)",NA
"炭化材(ウコギ科)",NA
"腐植物",NA
"腐植土",NA
"貝殻(カキ)",NA
"木片(ケンポナシ属)",NA
"木材(トチノキ)",NA
"木材(マツ)",NA
"木材(ナラ類)",NA
"カキ、コシダカガンガラ、クボガイ",NA
"カキ、コシダカガンガラ",NA
"カキ、クボガイ",NA
"アサリ、カキ",NA
"アサリ、クボガイ",NA
"カキ、オキシジミガイ",NA
"人骨(肋骨)",NA
"ニホンジカ角",NA
"ニホンジカまたはニホンイノシシ下顎骨下端部",NA
"木材(モミ)",NA
"植物片(葉)",NA
"骨片",NA
"木片(ハンノキ属ハンノキ節)",NA
"木材(アカマツ)",NA
"樹根",NA
"毬果",NA
"球果(トウヒ属バラモミ節)",NA
"木片(カラマツ属)",NA
"木片（オニグルミ）",NA
"木片（ケヤキ）",NA
"漆塊",NA
"人骨(頭骨)",NA
"人骨(下腿骨)",NA
"黒鉛",NA
"炭化材 (コナラ属コナラ亜属クヌギ節)",NA
"炭化材(マンサク属)",NA
"炭化材(シラキ属)",NA
"二枚貝(サビシラトリガイ)",NA
"二枚貝(オオノガイ)",NA
"イネ",NA
"ヒエ",NA
"木材(クロマツ)",NA
"木材(オニグルミ)",NA
"炭化物(ハンノキ亜属)",NA
"炭化物(モクレン属)",NA
"植物片(ヨシ)",NA
"木材(サクラ属)",NA
"木材(環孔材)",NA
"木材(散孔材)",NA
"鉄製品",NA
"木材(イイギリ属)",NA
"有機堆積物",NA
"炭化材(アジサイ属)",NA
"炭化材(不明環孔材)",NA
"炭化材(ウルシ?)",NA
"炭化材(不明散孔材)",NA
"黒色物質",NA
"炭化材(ツツジ属)",NA
"植物遺体(イネ)",NA
"植物遺体(木の芽)",NA
"炭化材 (スギ)",NA
"炭化材(バラ属)",NA
"生木(ヒノキ科)",NA
"炭化材(キハダ近似種)",NA
"炭化物(イネ属)",NA
"生木(スギ)",NA
"生木(ハリギリ)",NA
"木材(エゴノキ科エゴノキ属)",NA
"炭化材(ヒノキ科、カエデ属)",NA
"生木(ヤナギ属)",NA
"生木(ヤマグワ)、炭化材(クリ)",NA
"生木(ヒノキ属)",NA
"スギ",NA
"炭化物(分類群不明果実核)",NA
"炭化材(クリ,ブナ属)",NA
"炭化材(クリ,カエデ属)",NA
"炭化材(ハンノキ属ハンノキ節)",NA
"炭化材(ブナ科)",NA
"種実遺体(オニグルミ)",NA
"炭化材(ブナ属、トネリコ属、カツラ)",NA
"炭化材(ブナ属、クリ、コナラ属コナラ亜属コナラ節)",NA
"炭化材(カラマツ属またはトウヒ属)",NA
"炭化材(アスナロ属)",NA
"生木(ハンノキ属ハンノキ亜属)",NA
"生木(アジサイ属)",NA
"生木(カエデ属)",NA
"炭化材(コナラ属コナラ亜属コナラ節?)",NA
"炭化材(散孔材･環孔材)",NA
"炭化材(ヤナギ属、モクレン属)",NA
"生木(トネリコ属)",NA
"炭化種子(クルミ類の核)",NA
"炭化材(アサダ、コナラ節、ケヤキ、カエデ属)",NA
"炭化材(クリ、樹皮)",NA
"炭化材(マツ複維管属亜属)",NA
"炭化材(ハンノキ属ヤシャブシ亜属)",NA
"生木(トチノキ)",NA
"炭化材(チドリノキ)",NA
"炭化材(アワブキ属)",NA
"生試料･種実",NA
"生試料･草本",NA
"生材(キハダ)",NA
"生試料･杉皮",NA
"生試料･種実(オニグルミ)",NA
"腐植混じり土壌",NA
"種子核(クルミ)",NA
"草本炭化物(単子葉類)",NA
"堆積土(貝層)",NA
"カエデ属",NA
"エノキ",NA
"土器付着炭化物(アサ種実)",NA
"オニグルミ内果皮",NA
"植物遺体(ブナ殻斗)",NA
"木片(マツ属単維管属亜属)",NA
"木材(イヌシデ節)",NA
"種実遺体(トチノキ)",NA
"木材(ガマズミ属)",NA
"炭化材(イネ科タケ亜科)、炭化種実(不明種実)",NA
"炭化材(クリ、カエデ属)",NA
"炭化材(ハンノキ属ハンノキ亜属、クリ)",NA
"炭化材(ヤナギ属、コナラ属コナラ亜属コナラ節、クリ、トネリコ属)",NA
"炭化種子(アサ)",NA
"炭化種子(ササゲ属近似種)",NA
"土壌有機物",NA
"炭化種子(トチノキ炭化子葉)",NA
"炭化物(草本室茎)",NA
"木片(ヒノキ科)",NA
"漆塗膜片",NA
"炭化材(モクレン)",NA
"炭化材(オニグルミ近似種)",NA
"炭化材(ハコヤナギ属)",NA
"炭化種実(イネ胚乳･アワ-ヒエ･マメ類)",NA
"炭化材(ヒサカキ)",NA
"炭化材(クリまたはコナラ節)",NA
"炭化材(ナナカマド属)",NA
"炭化材(クロモジ属)",NA
"生木(散孔材)",NA
"炭化材(アサダ、ブナ属、モクレン属、トチノキ)",NA
"炭化物(タケ亜科)",NA
"炭化種実(トチノキ炭化子葉)",NA
"炭化材(ツガ属)",NA
"炭化種実(イネ穎果)",NA
"炭化材(オニグルミ、カエデ属、ケンポナシ属)",NA
"炭化材(ブナ属、コナラ属コナラ亜属コナラ節)",NA
"炭化材(クリ、ヤマグワ)",NA
"炭化材(針葉樹、カエデ属、トネリコ属、環孔材)",NA
"炭化材(オニグルミ、クリ)",NA
"木炭(アサダ)",NA
"木炭(アスナロ属)",NA
"木炭(ハリギリ)",NA
"木炭(クリ、ハリギリ)",NA
"木炭(ヒノキ属)",NA
"炭化材(オニグルミ、カエデ属、トネリコ属)",NA
"木材(キハダ属)",NA
"炭化材(ヒノキ属、クリ、エゴノキ属)",NA
"炭化物(オニグルミ)",NA
"炭化材(クリ、散孔材)",NA
"腐植材",NA
"炭化物を含む土",NA
"草本炭化物(草本生単子葉類)",NA
"炭化材(ネムノキ)",NA
"炭化材(コナラ属コナラ亜属コナラ節、ニレ属)",NA
"生木(樹皮)",NA
"炭化材(ネジキ)",NA
"植物遺体含む粘土",NA
"材化石(トネリコ属)",NA
"材化石(マツ複維管束亜属)",NA
"炭片(ヤナギ属)",NA
"クルミ種子",NA
"材化石(キハダ)",NA
"材化石(クリ)",NA
"クッキー状炭化物",NA
"炭化材(サカキ)",NA
"種実(トチノキ)",NA
"種実(オニグルミ)",NA
"生材(ヒノキ科アスナロ属)",NA
"生材(カエデ科カエデ属)",NA
"生材(クワ科クワ属)",NA
"生材(ヤナギ科ヤナギ属)",NA
"炭質物",NA
"生種実(スモモ種子)",NA
"木材(ニガキ)",NA
"生材(マキ属)",NA
"木片(サワグルミ近似種)",NA
"生種実",NA
"木材(クマヤナギ属)",NA
"炭化木片など",NA
"木材(ウツギ属)",NA
"木材(エゴノキ属)",NA
"木材(エノキ属)",NA
"炭化材(タカノツメ)",NA
"木片(針葉樹)",NA
"炭化種子混じり泥炭",NA
"種子混じり泥炭",NA
"生木(ウルシ)",NA
"生木(ニレ属)",NA
"生木(ハンノキ属)",NA
"炭化材(イネ科タケ亜科の一種)",NA
"木材(針葉樹)",NA
"植物遺体(イネ科炭化稈)",NA
"種実(ブナ殻斗)",NA
"種実(オニグルミ内果皮)",NA
"種実(トチノキ炭化子葉)",NA
"種実(コナラ果実)",NA
"種実(カボチャ近似種種子)",NA
"貝(シジミ)",NA
"人骨(大腿骨)",NA
"哺乳類四肢骨骨幹部",NA
"種実(ココヤシ内果皮)",NA
"生材(カエデ属)",NA
"種実(アブラチャン)",NA
"陶器付着物(漆の可能性)",NA
"土壌(暗褐色砂混じり粘土質)",NA
"生材(マツ属)",NA
"生材(マツ属複維管束亜属)",NA
"オリーブ褐色土層",NA
"生材(ヒノキ科)",NA
"生木(モクレン属)",NA
"種実遺体(イネ)",NA
"炭化植物遺体",NA
"種子(クルミ殻)",NA
"木片(ウルシ科ウルシ属)",NA
"木片(ヒノキ科アスナロ属)",NA
"炭化種子(ソバ)",NA
"炭化種子(カキ)",NA
"種子(クルミ)",NA
"種子(トチノキ果皮)",NA
"種子(トチノキ種皮)",NA
"木材(イネ科)",NA
"ウマ臼歯 上顎歯牙",NA
"ウマ臼歯 左上顎歯牙",NA
"炭化種実(アサ)",NA
"木材(落葉広葉樹)",NA
"種実(イネ)",NA
"炭化材(モクレン属、イネ科タケ亜科)",NA
"土器付着物 漆?",NA
"炭化種実(クルミ)",NA
"生材(クマシデ属イヌシデ節)",NA
"生材(オニグルミ)",NA
"生材(ヤナギ属)",NA
"生材(ガマズミ属)",NA
"炭化材(双子葉植物)",NA
"生試料･種実(モモ核)",NA
"炭化種実(タデ属炭化果実)",NA
"種実(コナラ属)",NA
"骨(ウシ)",NA
"漆椀",NA
"ヒト頭蓋骨",NA
"生試料･種子(ひょうたん)",NA
"枝材片",NA
"微細植物片",NA
"生材(スギ?)",NA
"生材(トネリコ属シオジ節)",NA
"種子(梅)",NA
"漆の塊?",NA
"土器付着漆",NA
"木片(ウツギ属)",NA
"木片(サワラ)",NA
"クリ皮",NA
"堅果(クルミ)",NA
"種子(モモ)",NA
"貝皮(淡水性)",NA
"堅果(トチ)",NA
"焼土塊",NA
"木材(樹皮)",NA
"木材(コナラ属アカガシ亜属)",NA
"ウメ核",NA
"木材(ブナ)",NA
"木材(マユミ)",NA
"煤",NA
"炭化植物片(クリ、イネ科)",NA
"炭化植物片(エノキ属、タケ亜科)",NA
"種子(モモ核)",NA
"炭化材(ケヤキ、シキミ)",NA
"木炭(コナラ属クヌギ節)",NA
"木炭(コナラ亜属コナラ節)",NA
"木炭(コナラ亜属クヌギ節)",NA
"木炭(モクレン属)",NA
"樹皮",NA
"炭化種子(モモ核)",NA
"炭化種子(コナラ属子葉)",NA
"生種実(カヤ種子)",NA
"生種実(エゴノキ核)",NA
"生種実(トチノキ種子)",NA
"生種実(モミ種子)",NA
"生種実(マツ属球果)",NA
"生種実(ブナ果実)",NA
"炭化広葉樹樹皮",NA
"炭化材(ミズキ、モミ属)",NA
"生材(カヤ)",NA
"炭化穀物",NA
"木片(クヌギ節)",NA
"木片(コナラ亜属)",NA
"種実(モモ)",NA
"ソバの茎",NA
"骨(ウマ)",NA
"炭化材(カバノキ科)",NA
"炭化材(バラ科)",NA
"炭化材(トネリコ)",NA
"炭化種子(クヌギの実)",NA
"木炭(ブナ属)",NA
"土壌化炭化物",NA
"木材(クワ科クワ属)",NA
"生木(ヤマザクラ)",NA
"生木(ブナ属)",NA
"堅果(コナラ属アカガシ亜属)",NA
"木材(ムクロジ)",NA
"人骨(歯)",NA
"獣骨(歯)",NA
"暗灰色粘土",NA
"黒褐色泥炭",NA
"トチの実",NA
"生試料･材(ハンノキ属)",NA
"木材(クマノミズキ類)",NA
"モモ核",NA
"キカラスウリ種子",NA
"イネ胚乳",NA
"クリの実",NA
"木材(バラ科ナシ亜科)",NA
"木材(トネリコ属近似種)",NA
"木片(カツラ)",NA
"腐植質泥",NA
"マコモ層",NA
"暗灰色腐植質泥",NA
"石臼付着物",NA
"ハンノキ属",NA
"クリ近似種",NA
"生試料･材（ニガキ）",NA
"生試料･材（トネリコ属）",NA
"生試料･材（カツラ）",NA
"生試料･材（ブナ属）",NA
"生試料･材(カエデ属)",NA
"生試料･材(クスノキ科シロダモ属)",NA
"生試料･材(ケヤキ)",NA
"生試料･材(スギ)",NA
"生試料･材(ヤナギ属)",NA
"生試料･材(ブナ属)",NA
"種実遺体(トチノキ果実)",NA
"種実遺体(ホオノキ種子)",NA
"炭化材(広葉樹･散孔材)",NA
"木材(トネリコ属の一種)",NA
"土付き炭化物",NA
"人骨 大腿骨片",NA
"人骨 四肢骨片",NA
"人骨 頭骨片",NA
"生材(広葉樹)",NA
"生材(タケ亜科稈)",NA
"鉄塊",NA
"炭化材(マツ?)",NA
"炭化材 樹皮",NA
"種実遺体?",NA
"炭化材(アカメガシワ)",NA
"腐植質砂",NA
"果皮(ひょうたん）",NA
"木材(クルミ属)",NA
"トチの実の皮?",NA
"種実(コムギ胚乳)",NA
"種実(イネ胚乳)",NA
"生材(ヤマウルシ)",NA
"炭化物(イネ科稈)",NA
"動物遺存体 ウマ 右大腿骨骨頭",NA
"炭化種実(トチノキ種子)",NA
"イネ科稈",NA
"ウキヤガラ近似種(種実)",NA
"カヤツリグサ科(種実)",NA
"ヤナギ属",NA
"竹",NA
"草",NA
"焼骨 ヒト頭蓋骨",NA
"焼骨 哺乳類 四肢骨",NA
"植物遺体(草本)",NA
"塗膜(赤色顔料)",NA
"木枝片",NA
"植物遺体(葉)",NA
"生材(ツバキ属)",NA
"生材(樹皮)",NA
"エゴノキ種子",NA
"クリ果皮",NA
"ブナ果実",NA
"炭化種実(ブナ殻斗)",NA
"木皮",NA
"小枝",NA
"木材(サワラ)",NA
"草本類",NA
"漆紐",NA
"炭化草本",NA
"炭化材(広葉樹:環孔材)",NA
"木材(コナラ)",NA
"モモ種子",NA
"土器付着漆?",NA
"土壌(腐植層)",NA
"土壌(地山)",NA
"生材(広葉樹･環孔材)",NA
"生材(広葉樹･散孔材)",NA
"木材(カラスザンショウ)",NA
"炭化物(トチノキ種子他)",NA
"炭化物(トチノキ種子)",NA
"漆紙",NA
"漆紙文書",NA
"麻布",NA
"木材(アサダ)",NA
"種実遺体(エゴノキ)",NA
"動物骨 クジラ目イルカ類? 肋骨",NA
"木材(ヤナギ)",NA
"生材(ケンポナシ属)",NA
"種実類(針葉樹)",NA
"木胎漆器",NA
"植物遺体(炭化イネ科稈)",NA
"草本類稈",NA
"種実遺体(ホタルイ属及びタデ属)",NA
"炭化種実(ミズキ)",NA
"炭化植物遺体(イネ科稈)",NA
"木材(ネズコ)",NA
"木材(ハンノキ属ヤシャブシ亜属)",NA
"種実遺体(トチノキ種子)",NA
"人骨(焼骨) 肋骨",NA
"生材(モモ)",NA
"木材(カツラ属)",NA
"漆樹液",NA
"炭化材(コナラ節、エゴノキ属、ガマズミ属、サクラ属)",NA
"炭化材(ニレ科)",NA
"漆様炭化物(黒目うるし)",NA
"生試料･材(ブナ科シイ属)",NA
"植物遺体(虫えい)",NA
"草本質炭化物",NA
"炭化種実(モモ核)",NA
"焼骨(哺乳類)",NA
"炭化物(草本･イネ科稈)",NA
"炭混じり黒色土",NA
"炭化材(クマシデ節)",NA
"炭化材(リョウブ)",NA
"穀類(コメの塊)",NA
"炭化種実(シソ属炭化果実)",NA
"炭化材(エゴノキ属?)",NA
"生材(ノリウツギ)",NA
"土壌(黒色砂質土)",NA
"種実(トチ)",NA
"貝(シジミ類)",NA
"未炭化植物片",NA
"生木(オニグルミ)",NA
"炭化材(バラ科サクラ属)",NA
"炭化材(イヌザンショウ)",NA
"炭化材(マツ属複維管束亜属、クスノキ科、モチノキ属近似種)",NA
"炭化材(針葉樹、コナラ属)",NA
"焼土内炭化物(不明広葉樹)",NA
"炭化材(クヌギ類)",NA
"炭化材(ウコギ属)",NA
"生木(ツガ属)",NA
"巻貝･二枚貝",NA
"土壌(黒褐色砂質シルト)",NA
"ツバキ種子",NA
"タケ",NA
"木材(ウメorモモ)",NA
"木材(カバノキ属)",NA
"炭化物混じり土壌",NA
"鉄",NA
"種実遺体",NA
"貝(ウメノハナガイ)",NA
"灰状物質(稲藁由来の灰)",NA
"木材(クマシデ属イヌシデ節)",NA
"木材(ナナカマド属)",NA
"植物遺体(シュロ)",NA
"種実遺体(ヒシ)",NA
"木材(ミズキ属)",NA
"二枚貝(アリソガイ)",NA
"植物遺体(草本類)",NA
"木材(バラ属）",NA
"漆膜片(漆)",NA
"巻貝(イボウミニナ)",NA
"炭化球根(ユリ科ネギ属)",NA
"貝(サルボウガイ)",NA
"貝(ホソウミニナ)",NA
"貝(ツメタガイ）",NA
"貝(バイ)",NA
"貝(シラオガイ)",NA
"貝(バカガイ)",NA
"貝(コベルトカニモリ)",NA
"貝(ハイガイ)",NA
"タヌキ下顎骨",NA
"板鰓類椎骨",NA
"ニホンジカ足根骨",NA
"クジラ目腰椎",NA
"カワハギ科腰帯",NA
"マグロ属腹椎",NA
"クマ犬歯",NA
"イヌ上腕骨",NA
"イルカ脊椎骨",NA
"シカ距骨",NA
"シカ頸椎骨",NA
"シカ角",NA
"ヒト下顎骨",NA
"イヌ下顎骨",NA
"ニホンジカ上顎骨",NA
"ニホンジカ肩甲骨",NA
"種実遺体(タデ属)",NA
"炭化種実(コムギ胚乳)",NA
"植物遺体(イネ科?)",NA
"炭化材(シナノキ属)",NA
"黒色土(泥質)",NA
"生試料･材(コナラ節)",NA
"炭化材(ニレ科エノキ属)",NA
"炭化材(クリ･キハダ)",NA
"種子(クリ)",NA
"炭化材(ヒノキorスギ)",NA
"土壌(黒色泥質土)",NA
"生材(タケ亜科)",NA
"ウマ臼歯",NA
"炭化種実(コナラ使用)",NA
"草本植物遺体",NA
"炭化材 (ミズキ)",NA
"炭化材(つる植物)",NA
"生種実(モモ核)",NA
"種実(エゴノキ)",NA
"木材(ヌルデ)",NA
"木材(ヤマグワ、カラスザンショウ)",NA
"ヤマトシジミ貝殻",NA
"土器付着漆膜",NA
"炭化球根",NA
"炭化植物",NA
"木材(コナラ属コナラ亜属クヌギ)",NA
"木材(ツバキ属)",NA
"縄(リョウメンシダ)",NA
"編物(ヒノキ科)",NA
"縄",NA
"頸椎",NA
"頭蓋骨片",NA
"脛骨",NA
"大腿骨",NA
"肩甲骨",NA
"基節骨（手）",NA
"尺骨",NA
"橈骨",NA
"頭蓋骨",NA
"頭頂骨",NA
"大腿骨片",NA
"踵骨",NA
"土壌(黒色砂混じりシルト)",NA
"炭化材(クリ、サクラ属、カエデ属、ブナ属)",NA
"炭化材(カエデ属、ブナ属)",NA
"木材(クスノキ科)",NA
"peat",NA
"クリ果実",NA
"ドングリ類種子",NA
"木材(クマシデ属)",NA
"種子(ドングリ",NA
"マイルカ 頭蓋骨",NA
"小型イルカ 椎骨",NA
"ニホンジカ 大腿骨",NA
"木材(シキミ)",NA
"炭化堅果(トチノキ)",NA
"炭化堅果(コナラ属)",NA
"ヘビ貝",NA
"カキ貝",NA
"ウルシ",NA
"マイルカ骨",NA
"果皮",NA
"炭化穎果(イネ)",NA
"トチノキ果実",NA
"炭化材(クマノミズキ類)",NA
"炭化材(コクサギ)",NA
"種実遺体(トチノキ種皮)",NA
"シカ 下顎骨 右",NA
"イノシシ 下顎骨 右",NA
"ガン亜科 上腕 左",NA
"クジラ類",NA
"イヌ 環椎",NA
"クマ 大腿骨 右 遠位",NA
"イノシシ 下顎骨",NA
"イヌ 腰椎",NA
"イヌ 大腿骨 左",NA
"クマ 中手/中足",NA
"カモ亜科 烏口骨",NA
"魚類(大型) 椎骨",NA
"サルボウ",NA
"オオタニシ",NA
"生木(クヌギ節)",NA
"炭化種実(ムクロジ)",NA
"有機物細片",NA
"不明(花粉分析試料)",NA
"動物骨",NA
"炭化材(クリ)･土壌",NA
"植物片(微小な草本質植物)",NA
"砂質粘土",NA
"ナウマン象 骨化石",NA
"炭化材(ブナ属、コナラ属コナラ亜属クヌギ節)",NA
"生木(カラマツ)",NA
"生木(ヒノキ)",NA
"炭化材(バラ科ナシ亜科)",NA
"土壌(黒色泥)",NA
"炭化材(ヤマグワ近似種)",NA
"炭化鱗茎",NA
"植物片(草本?)",NA
"植物片(炭化物)",NA
"種実遺体(モモ核)",NA
"種実遺体(ヒョウタン類果実)",NA
"生材(ツガ属)",NA
"生材(コナラ属コナラ亜属クヌギ節)",NA
"種実遺体(ブドウ種子)",NA
"炭化堅果",NA
"炭化材(ヒノキ属, クリ)",NA
"炭化材(マツ属複維管束亜属, モミ属)",NA
"木炭(針葉樹, ツガまたはモミ)",NA
"炭化種実(イネ種子)",NA
"炭化材(クワ)",NA
"オオムギ胚乳",NA
"炭化材(ハシバミ属)",NA
"炭化材(クリ, 広葉樹)",NA
"礫混じり砂質シルト",NA
"腐植質シルト質粘土",NA
"シルト混じり細砂",NA
"細砂混じりシルト",NA
"砂質土",NA
"黒褐色有機質シルト",NA
"炭化材(サワラ)",NA
"炭化材(コナラ節, クリ)",NA
"木材(サイカチ近似種)",NA
"木材(ツガ)",NA
"炭化材(クリ, ケンポナシ属)",NA
"炭化材(キリ)",NA
"腐食した黒色土",NA
"黒褐色土壌",NA
"炭化材(コナラ属コナラ亜種クヌギ節)",NA
"炭化材(コナラ属コナラ亜種コナラ節)",NA
"炭化材(トウヒ属-カラマツ属)",NA
"炭化米(マメ類種子)",NA
"炭化種実(マメ類種子)",NA
"種実遺体(オニグルミ核)＋土壌",NA
"種実遺体(オニグルミ核)",NA
"クリ種皮",NA
"炭化材(エゴノキ属, モミ属)",NA
"炭化材(クマシデ属クマシデ設)",NA
"炭化材(マツ属複維管束亜属, サクラ属)",NA
"炭化材(環孔材類似)",NA
"炭化材(イネ科稈)",NA
"腐食土",NA
"馬骨(右尺骨･橈骨)",NA
"木材(ケンポナシ)",NA
"木材(ツワラ)",NA
"骨(ヒト右大腿骨)",NA
"骨(ヒト左上腕骨)",NA
"骨(ヒト右脛骨)",NA
"炭化種実(炭化米)",NA
"炭化種実(コムギ)",NA
"種実(メロン仲間)",NA
"炭化種実(ブドウ属)",NA
"炭化材(フジキ属)",NA
"馬歯 切歯",NA
"馬骨 左脛骨片",NA
"馬骨 骨コラーゲン",NA
"果実",NA
"炭化種子(クヌギ子葉)",NA
"オニグルミ殻",NA
"炭化材(タケ)",NA
"ケヤキ根",NA
"タケ類",NA
"木材(コウヤマキ)",NA
"炭化材(クリ, コナラ)",NA
"炭化オオムギ種子",NA
"トウヒ毬果",NA
"生材(アカマツ)",NA
"イネの果実類",NA
"炭化植物遺体(イネ科草本)",NA
"生材(アカガシ亜属)",NA
"草本遺体",NA
"トチノキ炭化種子",NA
"人骨(長骨)",NA
"トリベ付着物",NA
"炭化種実(マツ属毬果)",NA
"炭化種実(サクラ属核1点)",NA
"ドングリ",NA
"有機質土(黒色土壌)",NA
"炭化球果(マツ属複維管束亜属)",NA
"草本炭化物",NA
"炭化材(クワ属＆クマシデ属)",NA
"炭化植物遺体(ヨシ属茎)",NA
"木材(ヒトツバタゴ)",NA
"コナラ属炭化子葉",NA
"炭化材(コウヤマキ)",NA
"骨(ヒト、脛骨?）",NA
"炭化材(ヒノキ属、カエデ属)",NA
"生材(コウヤマキ)",NA
"炭化材(コナラ属クヌギ節とヒノキ属)",NA
"炭化材(マツ属?)",NA
"ヒトの歯",NA
"種子(ドングリ)",NA
"生材(イヌマキ)",NA
"炭化材(シイ属)",NA
"土壌(有機質粘土)",NA
"生材(ノブドウ属茎)",NA
"炭化植物(草本類)",NA
"土混じり木炭片",NA
"炭化材(アカガシ亜属、シキミ)",NA
"黒色粘土",NA
"木材(ヤブニッケイ)",NA
"植物細片",NA
"植物質土壌",NA
"炭化材(カマツカ)",NA
"炭化材(ハイノキ属)",NA
"ヒョウタン類(種子)",NA
"キカラスウリ(種子)",NA
"木材(アワブキ属)",NA
"炭化材(ヤブツバキ)",NA
"炭化材(スダジイ)",NA
"黒色砂混じりシルト",NA
"ドングリ炭化種子",NA
"有機土壌",NA
"炭化材(クマシデ属イヌシデ節,クリ)",NA
"木材(アカメガシワ)",NA
"木材(ツブラジイ)",NA
"木材(クリ近似種)",NA
"木材(タイミンタチバナ)",NA
"木材(カキノキ属)",NA
"木材(アオキ)",NA
"炭化材(タイミンタチバナ)",NA
"炭化材(マキ属)",NA
"明褐灰色粘土",NA
"炭化材(アワブキ)",NA
"植物種子(ヒシの実含む)",NA
"炭化材(ナツツバキ属)",NA
"植物繊維",NA
"炭化材(ミツバウツギ科)",NA
"木材(タブノキ)",NA
"炭化材(ナシ亜科)",NA
"炭化材(ハイノキ属サワフタギ節)",NA
"炭化材(クスノキ)",NA
"炭化材(フタバガキ科)",NA
"炭化材(ハゼノキorヤマハゼ?)",NA
"クリ炭化子葉",NA
"木材(マキ属)",NA
"暗色帯土壌",NA
"炭化材(ヒメバラモミ)",NA
"炭化材(ツルウメモドキ属)",NA
"炭化材(ハシドイ)",NA
"炭化材(ウツギ属)",NA
"炭化材(タニウツギ属)",NA
"炭化材(コナラ属アカガシ亜属, クスノキ科. イネ科)",NA
"炭化材(ムクロジ近似種)",NA
"炭化材(グミ属)",NA
"炭化種実(コナラ属堅果)",NA
"灰色腐植混じり粘土知るシルト",NA
"炭化材(グミ)",NA
"炭化材(ツブラジイ)",NA
"炭化材(イイギリ)",NA
"炭化植物遺体(イネ科)",NA
"炭化種実(イチイガシ子葉)",NA
"炭化種実(コナラ属クヌギ節子葉)",NA
"昆虫化石(ヒメコガネ上翅)",NA
"貝殻(サルボウガイ)",NA
"貝殻(フトヘナタリ)",NA
"虫体(イネノクロカメムシ)",NA
"腐植物片",NA
"生の草本",NA
"生の葉",NA
"生材(ツブラジイ根材)",NA
"炭化材(モチノキ属)",NA
"生の草本類",NA
"左下顎M1歯",NA
"種実(ヒシ属)",NA
"炭質土",NA
"炭化物混じりシルト",NA
"砂混じりシルト",NA
"炭化物混じり泥",NA
"砂混じり粘土",NA
"炭化物混じり粘土",NA
"砂混じり泥",NA
"腐植質砂質シルト",NA
"木片(枝)",NA
"葉",NA
"種子(アカガシ亜属殻斗)",NA
"植物片(単子葉類の茎)",NA
"コナラ属果実",NA
"クヌギ節果実",NA
"アカガシ亜属果実",NA
"種実(アカガシ亜属果実)",NA
"種実(クヌギ節)",NA
"ユリ科鱗茎",NA
"骨(ヒト肋骨破片)",NA
"骨(ヒト部位不明破片)",NA
"骨(ヒト頭蓋骨破片)",NA
"骨(イヌ肋骨)",NA
"骨(イヌ左距骨)",NA
"骨(イヌ右下顎骨)",NA
"骨(イヌ軸椎)",NA
"骨(イヌ左尺骨)",NA
"骨(イヌ右尺骨)",NA
"骨(ネコ左下顎骨)",NA
"骨(ネコ左上腕骨)",NA
"骨(シカ右下顎後臼歯)",NA
"シカ(右前頭骨)",NA
"骨(シカ左肩甲骨)",NA
"骨(シカ左下顎骨)",NA
"骨(シカ左距骨)",NA
"骨(シカ右肩甲骨)",NA
"骨(ウシ右下顎骨)",NA
"骨(ウシ左肩甲骨)",NA
"骨(ウシ右中足骨)",NA
"骨(ウシ右肩甲骨)",NA
"骨(ウシ左上腕骨)",NA
"骨(ウシ左下顎骨)",NA
"骨(ウマ左中手骨)",NA
"骨(ウマ左肩甲骨)",NA
"骨(ウマ右脛骨)",NA
"骨(ウマ左距骨)",NA
"骨(ウマ左橈骨)",NA
"骨(ウマ右下顎骨)",NA
"骨(ウマ右肩甲骨",NA
"骨(ウマ仙椎)",NA
"骨(ウマ右距骨)",NA
"ひょうたん",NA
"humic clay",NA
"humic sand",NA
"humic slit",NA
"plant fragment",NA
"炭化種実(マツ属球果)",NA
"生種実(ツクバネガシ)",NA
"生種実(アカガシ)",NA
"炭化胚乳(オオムギ)",NA
"種実(アブラナ科)",NA
"炭化材(イネ科茎)",NA
"暗褐色粘土",NA
"草本植物片",NA
"炭化材(シャシャンボ)",NA
"炭化材(クリ−シイノキ属)",NA
"炭化材(ツブラジイ−コナラ属)",NA
"炭化材(スギ )",NA
"種子(ヒシ属果実)",NA
"種子(マツ属複維管束亜属球果)",NA
"植物遺体(単子葉類の茎)",NA
"木本炭化物",NA
"生の植物遺体",NA
"生の種実",NA
"炭化種実(ヒエ果実)",NA
"人骨(四肢骨)",NA
"亜炭",NA
"炭化材(ネズコ)",NA
"炭化材(スノキ属)",NA
"炭化材(ネズコ?)",NA
"生材(サワラ)",NA
"アシカ骨 雄右尺骨",NA
"アシカ骨 雌左脛骨",NA
"暗褐色腐植質シルト土壌",NA
"暗褐色シルト",NA
"有機質年土",NA
"ハイガイ",NA
"炭化材(マツ属の根材)",NA
"生試料･種実(アカメガシワ種子)",NA
"貝殻(アカニシ芯)",NA
"炭化材(枝材)",NA
"腐植化した植物遺体",NA
"炭化材(マツ)",NA
"黒灰色腐植質シルト",NA
"暗灰色腐植質シルト",NA
"種子(ブドウ属)",NA
"炭化材(コナラ属アカガシ亜属、サクラ属、ユズリハ属)",NA
"樹木の葉",NA
"炭化種子(ササゲ属アズキ近似種)",NA
"生材(ヤナギ属根材)",NA
"生材(マツ属複維管束亜属",NA
"種実(センダン)",NA
"堆積物:植物遺体混じりシルト質細粒砂",NA
"堆積物:植物遺体混じり極細粒砂質シルト",NA
"堆積物:未分解植物遺体混じり有機質極細粒砂質シルト",NA
"堆積物:植物遺体混じりシルト",NA
"堆積物:植物遺体･極細粒砂混じりシルト",NA
"堆積物:未分解の植物遺体を多く含む中粒砂混じり有機質細粒砂質シルト",NA
"木材(ヤブツバキ)",NA
"炭化材（コナラ属コナラ亜属クヌギ節）",NA
"生材（ムクロジ）",NA
"生材（コナラ属アカガシ亜属）",NA
"生材（キハダ）",NA
"生材（クリ）",NA
"炭化材（イネ科タケ亜科）",NA
"炭化材（トネリコ属）",NA
"炭化材（コナラ属コナラ節）",NA
"炭化材（クリ）",NA
"黒色シルト",NA
"貝化石（マガキ）",NA
"オリーブ色シルト質粘土（貝混じり）",NA
"暗灰色シルト",NA
"黒色シルト質粘土（有機物多い）",NA
"黒色土（有機物含む）",NA
"灰色シルト",NA
"木材（タブノキ）",NA
"木材（イスノキ）",NA
"木材（シイ属）",NA
"木材（ツブラジイ）",NA
"竹材（マダケ）",NA
"炭化物（ニレ科：エノキ属またはケヤキ）",NA
"炭化物（広葉樹：ニレ科やヤマグワ？）",NA
"炭化材（コナラ属コナラ亜属コナラ節）",NA
"炭化種実（イネ）",NA
"炭化種実（オオムギ）",NA
"炭化材（アカガシ亜属）",NA
"炭化材（広葉樹）",NA
"人骨（頭蓋片、眼窩上部の破片）",NA
"人骨（大腿骨片）",NA
"人骨（手の指、基節骨）",NA
"人骨（左肋骨片）",NA
"炭化材（ブナ科クリ属）",NA
"炭化材（カヤ）",NA
"炭化種子（鱗茎(球根)）",NA
"土器付着煤",NA
"黒泥混じり植物遺体",NA
"炭化物（カーボン）",NA
"炭化材（樹皮）",NA
"炭化物（土器内底部付着物）",NA
"木材（広葉樹）",NA
"炭化材（クスノキ）",NA
"炭化材（ケヤキ）",NA
"炭化材（クスノキ科）",NA
"炭化材（コナラ属アカガシ亜属ブナ科）",NA
"杭材（クリ）",NA
"炭化物（ヤブツバキ）",NA
"炭化物（マツ属）",NA
"炭化材（ヤブツバキ）",NA
"獣骨（歯）",NA
"木製品（木杭）（広葉樹）",NA
"板状木製品",NA
"掘り棒",NA
"木杭",NA
"割枕",NA
"木片（ブナ科コナラ属アカガシ亜属）",NA
"木片（マンサク科イスノキ属イスノキ）",NA
"木片（クスノキ科タブノキ属）",NA
"木片（イチイ科カヤ属カヤ）",NA
"木片（クワ科クワ属？）",NA
"木片（マツ科モミ属）",NA
"木片（センダン科センダン属センダン）",NA
"木片（ブナ科シイ属）",NA
"木片（ツバキ科ツバキ属）",NA
"木片（ブナ科クリ属クリ）",NA
"木材（クリ）",NA
"炭化物(不明)",NA
"炭化材(ツゲ属)",NA
"炭化種子(コナラ属炭化子葉)",NA
"土器付着煤状炭化物",NA
"土器付着炭化物(煤)",NA
"土器付着炭化物(焦)",NA
"植物遺体(植物根？)",NA
"炭化材(コナラ属コナラ亜科クヌギ節)",NA
"炭化材(広葉樹(散孔材))",NA
"木材(ホルトノキ属)",NA
"炭化材(ニレ科ケヤキ属)",NA
"種実片(ムギ類)",NA
"炭化種実(ウメ核･仁)",NA
"炭化材(ツバキ科ツバキ属)",NA
"柱材",NA
"種実炭化物(チャンチンモドキ)",NA
"種実炭化物(ブナ科)",NA
"炭化材(ブナ科シイ属ツブラジイ)",NA
"炭化種実(単子葉類の球根)",NA
"炭化材(コジイ)",NA
"炭化材(シイノキ属，最外？〜5年輪分)",NA
"炭化材(アカガシ亜属，より外側〜5年輪分)",NA
"炭化材(シイノキ属，より外側〜5年輪分)",NA
"炭化材(シイノキ属，より外側〜4年輪分)",NA
"炭化材(散孔材，2年輪分)",NA
"(粉状)炭化物",NA
"炭化材(イスノキ近似種)",NA
"炭化材(タブノキ属)",NA
"炭化材(樹木類)",NA
"炭化材(コナラ属コナラ亜科)",NA
"炭化材(アワブキ属アカガシ亜属)",NA
"炭化材(マツ科)",NA
"木材(カマツカ)",NA
"木材(イスノキ)",NA
"木材(クスノキ)",NA
"木片(エゴノキ属)",NA
"木材(針葉樹の樹皮)",NA
"炭化種実(スモモの未熟核)",NA
"炭化物(灰質炭化物)",NA
"炭化材(ゴンズイ)",NA
"炭化材(イスノキ)",NA
"炭化物(繊維状)(イネ属･ススキ属･ウシクサ属)",NA
"炭化物(繊維状)(イネ科タケ亜科)",NA
"炭化材(針葉樹:小枝)",NA
"炭化材(クリまたはシイ属)",NA
"炭化種実(モモ)",NA
"土壌(ヒューミンを抽出)",NA
"貝(マガキガイ)",NA
"炭化材(広葉樹(環孔材))",NA
"土壌(黒色腐植土)",NA
"木材(イチイガシ)",NA
"土壌(焼土)",NA
"木材(イスノキ）",NA
"貝？",NA
"炭化材(ハイノキ)",NA
"炭化材(タブノキ)",NA
"炭化物(火葬人骨)",NA
"炭化材(ヤクシマサルスベリ)",NA
"炭化材(板目板状マツ属複維管束亜属)",NA
"炭化材(4分の1割材･オオバギ近似種)",NA
"炭化材(マダケ)",NA
"木材(サカキ)",NA
"炭化物(石器付着)",NA
"炭化種実(オオムギ穎･胚乳)",NA
"炭化種実(オオムギ胚乳)",NA
"炭化種実(カキノキ属 種子)",NA
"炭化種実(イネ科イネ属)",NA
"炭化材(ユズリハ属)",NA
"炭化種実(クリ 子葉)",NA
"炭化種実(イチイガシ 子葉)",NA
"炭化種実(イネ果実)",NA
"炭化物(植物片)",NA
"木材(センダン)",NA
"炭化材(センダン)",NA
"炭化材(リンボク)",NA
"炭化材(バラ科ナシ亜属)",NA
"炭化材(ハイノキ属ハイノキ節)",NA
"炭化材(散孔材？)",NA
"炭化材(広葉樹･樹皮)",NA
"炭化材(コナラ属アカガシ亜属 シイノキ属 広葉樹(散孔材))",NA
"炭化材(カヤコナラ属アカガシ亜属 広葉樹(散孔材) 広葉樹(樹皮))",NA
"炭化材(イヌガヤ･スダジイ)",NA
"炭化材(シイノキ属近似種)",NA
"貝(ダンドクメンガイ)",NA
"炭化材(ふいごの羽口付)(コナラ属アカガシ亜属)",NA
"炭化種実(イネ科)",NA
"(土壌混じり)炭化物",NA
"有機物質土壌",NA
"土器内付着炭化物",NA
"腐植質砂層",NA
"亜炭？",NA
"炭化材(ナシ亜属)",NA
"炭化材(ツバキ属近似種)",NA
"堆積物(土壌)",NA
"木材(丸木舟:センダン)",NA
"木材(竹)",NA
"ボーリングコア",NA
"木材(シイ属)",NA
"木片(クスノキ)",NA
"土壌(炭化物混)",NA
"生材(杭)",NA
"貝(アワビ)",NA
"骨(コラーゲン)(牛)",NA
"骨(コラーゲン)(馬歯)",NA
"砥石付着炭化物",NA
"種子(ヒョウタン果皮)",NA
"樹木(シャシャンボ)",NA
"植物片(茎または根)",NA
"人骨(骨片)",NA
"人骨(椎骨)",NA
"人骨(四肢骨片）",NA
"人骨(肋骨･手骨)",NA
"人骨(肋骨･椎骨)",NA
"骨片(動物骨)",NA
"貝殻(スガイ)",NA
"土器外面付着炭化物",NA
"種子(チャンチンモドキ)",NA
"木製品",NA
"生材(根)",NA
"炭化材(小片複数)",NA
"貝(スガイ)",NA
"貝(イシダタミガイ)",NA
"炭化植物(ピート)",NA
"黒褐色シルト",NA
"木材片",NA
"有機質製品",NA
"植物質遺物",NA
"炭化材(コナラ属コナラ亜属の一種:ブナ科)",NA
"イチイガシ果実",NA
"骨(歯) ウマ 歯牙片",NA
"杭(クリ)",NA
"生材(シイノキ属)",NA
"炭化材(1-5y)",NA
"炭化材(6-10y)",NA
"炭化材(11-15y)",NA
"炭化材(16-20y)",NA
"炭化材(21-25y)",NA
"炭化材(26-30?y)",NA
"土器付着炭化物(煤類)",NA
"土器付着炭化物(吹きこぼれの可能性大)",NA
"堅果類(オニグルミ)",NA
"堅果類(イチイガシ)",NA
"編物(ヒゴ材)",NA
"堅果(ドングリ)",NA
"貝殻(シジミ)",NA
"貝殻(アゲマキ)",NA
"堅果(イチイガシ)",NA
"堅果(クヌギ)",NA
"堅果(オニグルミ)",NA
"木杭(K22666)",NA
"木杭(K20011)",NA
"堅果(ナラガシワ）",NA
"編物(AM2250)",NA
"板状製品",NA
"編物",NA
"堅果(ナラガシワ)",NA
"編物②",NA
"植物素材束(ツヅラフジ)",NA
"木製品(容器未製品)",NA
"編物②(ムクロジ)",NA
"編物①",NA
"ドングリ果皮",NA
"黒褐色土層中の木片",NA
"木材(柱材:ハイノキ属)",NA
"木材(木杭:広葉樹)",NA
"種子(エゴノキ1個)",NA
"生材(自然木)",NA
"生材(木杭)",NA
"貝殻(ハイガイ①)",NA
"貝殻(ハイガイ②)",NA
"倒木(ヤマグワ)",NA
"貝殻(ハイガイ③)",NA
"貝殻(カキ①)",NA
"貝殻(カキ②)",NA
"貝殻(カキ③)",NA
"ハイガイ(H1)",NA
"ハイガイ(H2)",NA
"ハイガイ(H3)",NA
"イチイガシ",NA
"堅果果皮",NA
"堅果類",NA
"アゲマキ",NA
"ハイガイH1",NA
"ハイガイH2",NA
"ハイガイH3",NA
"カキO1",NA
"カキO2",NA
"木杭K22666",NA
"木杭K20011",NA
"ナラガシワ(堅果)",NA
"イチイガシ(堅果)",NA
"AM2250(編物)",NA
"板材⑱",NA
"編物一括",NA
"素材束",NA
"木製品①",NA
"クヌギ(堅果)",NA
"アカガシ亜属(堅果類）",NA
"コナラ属(堅果）",NA
"イチイガシ?(堅果)",NA
"ハイガイ①",NA
"ハイガイ②",NA
"ハイガイ③",NA
"カキ①",NA
"カキ②",NA
"カキ③",NA
"骨(シカ)",NA
"骨(イノシシ)",NA
"骨(イヌ)",NA
"炭化材(ムクノキ•2年輪)",NA
"炭化材(コナラ属アカガシ亜属•1年輪未満)",NA
"炭化材(広葉樹•1年輪未満)",NA
"炭化材(コナラ属アカガシ亜属•4年輪？)",NA
"炭化材(コナラ属アカガシ亜属•1年輪)",NA
"炭化物･土壌",NA
"土器付着炭化物(外面)",NA
"種実(どんぐり)",NA
"土器付着炭化物(内面)",NA
"土器付着炭化物(内面底部)",NA
"炭化材(3年輪)",NA
"炭化物(草本類)",NA
"炭化材(マツ属複維管束亜属･半径25mm)",NA
"スサ材",NA
"貝(汽水産:ヤマトシジミ)",NA
"貝(海水産:ハマグリ)",NA
"貝(海水産:マガキ)",NA
"生木(マタタビ属)",NA
"トチノキ子葉",NA
"木材(樹木)",NA
"樹木片(コナラ属コナラ節)",NA
"樹木片(ユクノキ)",NA
"ドングリの果皮",NA
"樹木片(ヒイラギ)",NA
"樹木片(コナラ属アカガシ亜属)",NA
"木材（臼･クスノキ）",NA
"果実(イチイガシ）",NA
"漆塗り土器の漆膜(赤褐色)",NA
"炭化種実(カラスザンショウ種子)",NA
"炭化種実(コムギ種子)",NA
"炭化材(2年輪？:アカガシ亜属)",NA
"炭化材(6年輪:マツ属)",NA
"炭化材(3年輪:針葉樹A)",NA
"土器付着物･内面(おこげ)",NA
"土器付着物･外面(ふきこぼれ)",NA
"炭化子葉(コナラ属)",NA
"炭化種子(イネ･玄米)",NA
"炭化子葉(イチイガシ)",NA
"炭化種子(ササゲ属アズキ亜属アズキ型)",NA
"炭化種子(イネ:玄米)",NA
"生材(ムクノキ)",NA
"生材(ネムノキ)",NA
"貝殻(ハマグリ）",NA
"種実(ヒョウタン果実破片1点）",NA
"アズキ",NA
"木材(リンボク)",NA
"貝殻(マガキ･ハイガイ･サルボウガイ)",NA
"木材(ハンノキ属の一種)",NA
"球果(ヒメバラモミ)",NA
"粒状炭化物",NA
"炭化種実(ドングリ)",NA
"子葉(コナラ)",NA
"炭化材(木片)",NA
"泥炭(炭化材:コナラ属コナラ節)",NA
"炭化材(ブナ科コナラ属アカガシ亜属)",NA
"種子(オニグルミの殻)",NA
"植物種実",NA
"土壌(黒褐色土)",NA
"貝(シオフキ)",NA
"貝(ツメタガイ)",NA
"貝(サルボウ)",NA
"貝(カシパン)",NA
"木材(ヒサカキ）",NA
"木材(ヒサカキ)",NA
"木材(舟)",NA
"木材(大:スダジイ)",NA
"木材(小:シキミ)",NA
"塗膜片(漆?)",NA
"炭化材(薄板材)",NA
"炭化材(板材)",NA
"炭化材(角または丸材)",NA
"炭化材(丸材か)",NA
"炭化材(仮材)",NA
"炭化材(シロモジ節､クスノキ科)",NA
"炭化材(ヤマビワ､アワブキ科)",NA
"炭化材(ハマビワ､クスノキ科)",NA
"炭化材(シイ属､ブナ科)",NA
"炭化材(アワブキ､アワブキ科)",NA
"木材(カシ類)",NA
"木材(サクラ属､1年輪目)",NA
"木材(サクラ属､17年輪目)",NA
"炭化材(ハイノキ節)",NA
"種実(アカガシ-ツクバネガシ)",NA
"種実(イチイガシ)",NA
"種実(イチイガシ）",NA
"炭化材(ヒサカキ属)",NA
"炭化材(シロダモ属)",NA
"木材(ノグルミ)",NA
"貝(イボキサゴ)",NA
"貝(オキシジミ)",NA
"腐食土壌",NA
"種実片(ドングリ類)",NA
"土壌混じりの炭化物",NA
"炭化材含む土壌",NA
"地積物",NA
"土器付着スス",NA
"木杭(マツ属)",NA
"木杭(ハイノキ属)",NA
"木片(イスノキ)",NA
"木片(サカキ)",NA
"木片(ツブラジイ)",NA
"木片(シキミ)",NA
"木片(ユズリハ属)",NA
"獣骨片",NA
"竹材",NA
"炭化物･材(シイノキ属)",NA
"炭化材(12年輪･ツツジ科)",NA
"炭化材(コナラ族アカガシ亜属)",NA
"木材(タブノキ属)",NA
"編組製品(アカガシ亜属)",NA
"炭化材(ツクバネウツギ属)",NA
"木材(バラ属)",NA
"木材(ハイノキ節)",NA
"種実(ドングリ)",NA
"ネコ脛骨",NA
"コムギ",NA
"炭化材(ハゼノキ類)",NA
"木材(マツ属複維束亜属)",NA
"炭化物(ドングリ)",NA
"炭化材（ネムノキ)",NA
"土壌(黒色土)",NA
"土壌(暗青灰色土)",NA
"炭化コナラ属子葉",NA
"炭化鱗片",NA
"木材(マツ属複維官束亜属",NA
"堆積物(黒色土)",NA
"堆積物(黒褐色土)",NA
"炭化材(ヤマガキ)",NA
"泥炭質土",NA
"植物種子(ミクリ属)",NA
"炭化木",NA
"土壌に含まれる有機物",NA
"炭化物(ユリ科鱗茎)",NA
"炭化物(クリ？)",NA
"炭化物(炭素量不足の為､周囲土壌を含めて測定)",NA
"土壌混炭化物",NA
"炭化材(クリ材)",NA
"土壌中炭化物",NA
"炭化種実(イチイガシ)",NA
"堆積土壌",NA
"炭化種実(クマノミズキ)",NA
"炭化物(動物の脂?)",NA
"炭化材(コナラ属コナラ節？)",NA
"炭化種実(ツブラジイ)",NA
"炭化材(メダケ属ネザサ節)",NA
"炭化材(サクラ属）",NA
"炭化種実(イチイガシ子葉片)",NA
"炭化材(コナラ属コナラ亜科コナラ節･エゴノキ属)",NA
"炭化材2(コナラ属コナラ亜科コナラ節)",NA
"炭化材(コナラ属コナラ亜科コナラ節)",NA
"炭化材一括(コナラ属コナラ亜科コナラ節)",NA
"炭化種実(ムギ類)",NA
"炭化種実(ササゲ属)",NA
"炭化材(ミズキ属?)",NA
"炭化種実(マメ類)",NA
"炭化種実(コムギ･胚乳)",NA
"炭化種実(オオムギ･胚乳)",NA
"炭化種実(イネ･胚乳)",NA
"炭化種実(ハマグリ･貝殻)",NA
"炭化種実(マメ類･種子)",NA
"炭化種実(オオムギ?･胚乳)",NA
"炭化種実(コナラ属･子葉)",NA
"炭化種実(モモ･核)",NA
"炭化種実(ツブラジイ･子葉)",NA
"炭化種実(ツブラジイ近似種･子葉)",NA
"炭化物？",NA
"炭化材?",NA
"炭化材？",NA
"炭化材片･炭化物片",NA
"炭化種実(コキンバイザサ)",NA
"炭化種実(アワ)",NA
"炭化材(マテバシイ)",NA
"炭化種実(タデ属サナエタデ節)",NA
"炭化種実(バラ科)",NA
"炭化種実(コナラ属)",NA
"炭化?種実(不明種実)",NA
"炭化種実(カヤツリグサ科)",NA
"炭化物?",NA
"炭化材(シキミ?)",NA
"炭化種実(タデ属)",NA
"炭化材片(ヤマモモ)",NA
"炭化材片(シイ属)",NA
"炭化材(クリ･スノキ属)(部位不明)",NA
"炭化材(部位不明)",NA
"炭化材(スノキ属)(部位不明)",NA
"炭化植物遺体(部位不明)",NA
"炭化種実(多数)",NA
"炭化材(灰質)",NA
"炭化種実(ガマズミ属)",NA
"炭化材(広葉樹の節)",NA
"炭化材(未同定)",NA
"種実破片(ヒョウタン類)",NA
"炭化材(杭？)",NA
"堆積物(暗灰色粘土)",NA
"炭化材(クリ-コナラ属コナラ節)",NA
"炭化材(コナラ属コナラ節コナラ節)",NA
"炭化材(ススキ属:直径3㎜)",NA
"炭化材(クリ:1年輪分)",NA
"炭化材(散孔材2)",NA
"炭化物(大)",NA
"炭化物(樹皮)",NA
"炭化種実(モモ･サクラ属)",NA
"貝殻(Ⅸ層)",NA
"貝殻(Ⅵ層)",NA
"ドングリ木片(Ⅺ層)",NA
"柱根",NA
"炭(№19)",NA
"炭化材W1(ハンノキ節)",NA
"種子(トウガン)",NA
"炭化種子(マメ類)",NA
"不明炭化子葉",NA
"種実遺体(コナラ属)",NA
"炭化材(アカガシ亜属またはクヌギ節)",NA
"炭化物(由来不明)",NA
"炭化物(植物遺体)",NA
"草木(葉)",NA
"生木(ムクロジ)",NA
"炭化材(最外年輪)",NA
"炭化材(シイノキ属)中心部",NA
"炭化材(針葉樹4年輪分)",NA
"炭化材(散孔材5年輪(外側))",NA
"炭化材(2〜3年輪分)",NA
"炭化材(針葉樹フシ部約2〜3年輪分)",NA
"杭(木材:コナラ属アカガシ亜属)",NA
"杭(木材:クリ)",NA
"炭化材(樹種不明)",NA
"種実遺体(ヤブツバキ)",NA
"貝(海洋性)",NA
"土壌(貝混)",NA
"炭化材(塊状)",NA
"炭化材(2片分割)",NA
"炭化材(マメ科サイカチ属サイカチ)",NA
"炭化材(ニレ科ニレ属)",NA
"炭化材A(ニレ科ニレ属)･炭化材B(ブナ科コナラ属アカガシ亜属)",NA
"炭化材(アワブキ科アワブキ属)",NA
"炭化材(モチノキ科モチノキ属)",NA
"炭化材(クスノキ科クスノキ属ヤブニッケイ)",NA
"炭化材(クスノキ科シロダモ属)",NA
"炭化材(ミカン科キハダ属キハダ)",NA
"マメもしくはドングリ子葉",NA
"木柱",NA
"種実(マツ球果)",NA
"種実(アズキ)",NA
"種実(ヒシ)",NA
"炭化材(針葉樹？)",NA
"炭化材(広葉樹樹幹の材片)",NA
"炭化材(広葉樹？)",NA
"炭化材(クリ-コナラ節)",NA
"炭化材(木炭粒)",NA
"炭化種実(アカガシ亜属)",NA
"微細な植物遺体",NA
"微細な炭化物",NA
"炭化物(№109)",NA
"炭化物混土(№35)",NA
"炭化種実(イネ･胚乳･穎)",NA
"炭化材(クリ･イネ科タケ亜科)",NA
"炭化種実(モミ)",NA
"建築部材",NA
"木材(ハイノキ属ハイノキ節)",NA
"木材(ユズリハ属)",NA
"木材(イヌビワ属)",NA
"木材(ネジキ)",NA
"木材(シャシャンボ)",NA
"種子(オニクルミ)",NA
"種子(クスノキ)",NA
"樹木(イスノキ)",NA
"炭化木片（カラマツ属）",NA
"土器付着物（外面頸部）",NA
"土器付着物（内面口縁部）",NA
"土器付着物（外面口縁部）",NA
"土器付着物（外面頸部～胴上半）",NA
"種実（不明種子・炭化植物遺体）",NA
"種実（オオムギ種子・炭化植物遺体）",NA
"種実（エゾエンゴサク根茎・炭化植物遺体）",NA
"炭化材（ヤナギ枝？）",NA
"土器付着物（内面口縁）",NA
"土器付着物（外面胴下半）",NA
"土器付着物（外面口縁）",NA
"炭化材（木炭・木釘状の細い枝）",NA
"炭化材（木炭）",NA
"炭化樹皮（壁材もしくは屋根材）",NA
"炭化材（木炭・住居建築材）",NA
"炭化材（木炭・柱材外周部）",NA
"種実（オオムギ穎果・炭化植物遺体（0.21g））",NA
"種実（オニグルミ堅果皮片・炭化植物遺体（0.56g））",NA
"種実（ブドウ属種子・炭化植物遺体（0.12g））",NA
"種実（オニグルミ堅果皮片・炭化植物遺体（1.07g））",NA
"種実（オニグルミ堅果皮片・炭化植物遺体（1.01g））",NA
"種実（オニグルミ堅果皮片・炭化植物遺体（0.59g））",NA
"種実（オニグルミ堅果皮片・炭化植物遺体（0.52g））",NA
"種実（オニグルミ堅果皮片・炭化植物遺体（0.6g））",NA
"種実（草本茎・炭化植物遺体（0.51g））",NA
"炭化材（枝材・木炭（0.58g））",NA
"種実？（クルミ片？）",NA
"炭化材（炭化樹皮・住居建築材）",NA
"土器付着物（内面胴下半）",NA
"土器付着物（内面口縁～胴上半）",NA
"種実（オオムギ炭化種子）",NA
"種実（キビ塊片）",NA
"種実（クルミ片）",NA
"土器付着物（焦・口縁内）",NA
"種実（クルミ殻）",NA
"フローテーション採集資料",NA
"炭化材（樹種同定分析No.15、コナラ属コナラ亜属コナラ節）",NA
"炭化材（樹種同定分析No.9、樹皮＝ハンノキ属）",NA
"土器付着炭化物（復元No.遺5）",NA
"土器付着炭化物（復元No.遺10）",NA
"土器付着炭化物（復元No.遺2）",NA
"炭化物（材） フローテーション採集資料",NA
"炭化物（材）",NA
"炭化米（イネ）",NA
"炭化材（カマド内）",NA
"炭化建材（消失材）",NA
"動物歯牙（キツネ下顎犬歯）",NA
"クルミ（未炭化）",NA
"土層（黒色土）",NA
"炭化材（オニグルミ）",NA
"炭化材（ヤマグワ）",NA
"炭化材（カエデ属）",NA
"炭化材（木材）",NA
"炭化物（クルミ属内果皮）",NA
"樹木（生木樹皮の内側年輪）",NA
"土器に付く炭化物",NA
"クルミ属内果皮",NA
"ハンノキ属幹",NA
"コナラ属樹皮",NA
"ヤナギ属幹",NA
"炭化木細粒",NA
"炭化クルミ属内果皮片",NA
"炭化小枝",NA
"木材（広葉樹枝）",NA
"炭化草本（イネ科）",NA
"土器付着炭化物（深鉢胴内）",NA
"土器付着炭化物（深鉢口縁外）",NA
"土器付着炭化物（深鉢外面口縁部）",NA
"土器付着炭化物（深鉢胴外口縁部）",NA
"土器付着炭化物（深鉢口縁内）",NA
"土器付着炭化物（口縁外）",NA
"土器付着炭化物（胴外）",NA
"土器付着炭化物（底内）",NA
"土器付着炭化物（深鉢胴外）",NA
"土器付着炭化物（深鉢底内）",NA
"炭化物・種実（クルミ）",NA
"炭化物・材",NA
"炭化物（イネ科）",NA
"炭化材（ヤナギ属）",NA
"炭化材（コナラ）",NA
"有機性堆積物",NA
"炭化材（広葉樹・タケ亜科・樹皮等）",NA
"炭化物（コナラ節）",NA
"カワシンジュガイ",NA
"炭化種子（イネ）",NA
"炭化種子（ヒエ属）",NA
"炭化種子（サクラ属）",NA
"木製遺物",NA
"炭化種子（クルミ属）",NA
"炭化物（土器口縁に付着）",NA
"炭化果実",NA
"トクサ",NA
"鉄鍋付着土壌",NA
"種子（ヤマブドウ）",NA
"種子（キハダ属）",NA
"漆塗椀片",NA
"炭化物（クルミ核片）",NA
"炭化材（ニレ属）",NA
"種実遺体オニグルミ",NA
"炭化材トネリコ属",NA
"炭化材コナラ属コナラ亜属コナラ節",NA
"炭化材広葉樹（環孔材）",NA
"炭化材広葉樹",NA
"炭化材サクラ属",NA
"土器に付着した炭化物",NA
"続縄文時代の焼土",NA
"続縄文時代の焼土フローテーションサンプル",NA
"畑跡フローテーションサンプル",NA
"キセル・羅宇",NA
"シカ大腿骨",NA
"ヒラメ椎骨",NA
"土器付着炭化物深鉢（口縁内）",NA
"土器付着物（深鉢口縁内）",NA
"炭化材（棟木？）",NA
"炭化材（細材）",NA
"炭化材（垂木？）",NA
"炭化材（構築材？）",NA
"種実（クリ子葉）",NA
"炭化材No.310（トドマツ、内側から1年輪目）",NA
"炭化材No.310（トドマツ、内側から5年輪目）",NA
"炭化材No.310（トドマツ、内側から10年輪目）",NA
"炭化材No.310（トドマツ、内側から15年輪目）",NA
"炭化材No.310（トドマツ、内側から20年輪目）",NA
"炭化材No.310（トドマツ、内側から28年輪目）",NA
"炭化材No.104（キハダ、内側から1年輪目）",NA
"炭化材No.104（キハダ、内側から5年輪目）",NA
"炭化材No.104（キハダ、内側から10年輪目）",NA
"炭化材No.104（キハダ、内側から17年輪目）",NA
"炭化材（最外年輪である可能性高いが不確実）",NA
"炭化材（最外年輪）",NA
"樹皮（内側）",NA
"カワシンジュガイ腹縁",NA
"砂岩板状礫（付着炭化材）（樹種不明・樹皮）",NA
"炭化材片（針葉樹）最終形成年輪以外部位不明",NA
"骨（ヒグマ）頸骨",NA
"炭化材（トネリコ節）最終形成年輪、3年輪分",NA
"炭化材（クリ、最終形成年輪、外側4年輪分）",NA
"炭化物（深鉢型土器1の底部に付着したスス）",NA
"カゴ状炭化物",NA
"木炭・炭化物",NA
"炭化物・種実（ブドウ）",NA
"炭化物・材（枝）",NA
"炭化物・材（小枝）",NA
"炭化物・材（樹皮）",NA
"炭化物・材（節）",NA
"縄文晩期末緑ヶ丘式期土器付着物・内面（おこげ）",NA
"貝殻（マガキ）",NA
"貝殻（ウバガイ）",NA
"貝殻（オオノガイ）",NA
"土器内面付着物",NA
"土器内面付着物（口縁部）",NA
"土器内面付着物（口縁部下部）",NA
"自然木(トネリコ属)",NA
"埋もれ木",NA
"木（杭）",NA
"種実（クルミ）",NA
"木（細杭）",NA
"木",NA
"炭化物（ⅡB５土器付着）",NA
"炭化物（ⅢB２土器付着）",NA
"木（倒木）",NA
"木（柵の縦木）",NA
"貝（シジミ殻皮）",NA
"種子殻",NA
"木片（樹皮）",NA
"炭化クルミ属内果皮",NA
"堅果（クルミ属内果皮）",NA
"炭化物（堅果）",NA
"炭化種子（クルミ内果皮）",NA
"炭化種子（不明）",NA
"木製品（柱）",NA
"堅果",NA
"種実（オニグルミ）",NA
"ブドウ科種子",NA
"クルミ属堅果",NA
"炭化種実（クルミ）",NA
"炭化材（上屋）",NA
"炭化種実（アワ果実）",NA
"炭化種実（キビ果実）",NA
"炭化材（トネリコ）",NA
"炭化物（冬芽）",NA
"炭化物（クルミ属）",NA
"炭化物（コナラ属）",NA
"炭化物（アズキ）",NA
"炭化物（ウルシ科）",NA
"炭化物（不明）",NA
"炭化物（ブドウ科）",NA
"炭化物（キビ）",NA
"炭化物（コムギ）",NA
"貝殻 ヤマトシジミ",NA
"炭化クルミ片",NA
"炭化材（環孔材）",NA
"炭化種実（堅果類）",NA
"生材（部位不明）",NA
"生材（最外年輪）",NA
"生材（シナノキ属、繊維状）",NA
"生材（トネリコ属、表面加工）",NA
"生材（ハリハギ、板材）",NA
"生材（ヤナギ属、丸木）",NA
"生材（トネリコ属、丸木）",NA
"土壌に含まれる炭化物",NA
"泥炭に含まれる植物片",NA
"炭化植物遺体（草本）",NA
"炭化植物遺体（双子葉類）",NA
"土器付着炭化物 内面（おこげ）試料を採取した土器：個体番号No.2",NA
"木片（トネリコ属）",NA
"土壌に含まれる木片",NA
"植物遺体（複数破片、炭化未炭化）",NA
"炭化植物遺体（単子葉類）",NA
"有機物片",NA
"炭化材（針葉樹）",NA
"炭化材（散孔材）",NA
"生の種実（オニグルミ核1点）",NA
"炭化材（ハコヤナギ属）",NA
"生木（丸木）最終形成年輪",NA
"生木（最終形成年輪 外側5年輪分）",NA
"生木 1-5年輪（最終形成年輪）",NA
"生木 121-125年輪",NA
"生木 186-190年輪",NA
"生木 236-240年輪",NA
"炭化材（オニグルミ(5)）",NA
"炭化材（カエデ属(5)）",NA
"炭化材（ニレ属(5)）",NA
"炭化材（ヤナギ属(4)）",NA
"炭化物（土器内付着）",NA
"未炭化ブドウ属種子",NA
"炭化タデ科種子",NA
"炭化ブドウ属種子",NA
"未炭化ナデシコ科・未炭化アカザ属",NA
"土器付着炭化物（スス）",NA
"炭化種実（ムギ類）",NA
"炭化物・種子",NA
"炭化物・材（ブドウ属）",NA
"炭化物・材（コナラ節）",NA
"炭化物・植物遺体（単子葉類）",NA
"炭化物・植物遺体（タケ亜科、稈）",NA
"炭化物・材（クリ）",NA
"炭化物・材（針葉樹）",NA
"炭化物・材（ハンノキ亜属）",NA
"種子 クルミ",NA
"木炭・木片",NA
"炭化材 スノコ状？",NA
"炭化材 土留め板？",NA
"炭化種子（ブドウ科）",NA
"炭化種子（コナラ属）",NA
"歯（シカ）",NA
"炭化種子 クルミ殻片",NA
"炭化物・種実",NA
"炭化種子 クルミ核片",NA
"炭化種子 オオムギ",NA
"炭化種子 アズキ",NA
"炭化種子 コナラ属",NA
"東釧路Ⅱ式土器",NA
"炭化材 コナラ亜属コナラ節 エゴノキ属",NA
"炭化建材？",NA
"種子・堅果類？",NA
"土器口縁内面に付着",NA
"漆器椀塗膜",NA
"生材（枝状）",NA
"骨（ヒト頭蓋骨片）",NA
"土器付着炭化物（胴部外面）",NA
"土器付着炭化物（口縁部外面）",NA
"土器付着炭化物（胴部内面）",NA
"骨（シカ左脛骨遠位端)",NA
"貝（コタマガイ右殻）殻の腹縁",NA
"土器付着炭化物（胴下部～底部内面）",NA
"土器付着炭化物（口縁部内面）",NA
"骨（シカ右下顎骨）",NA
"骨（シカ左下顎骨）",NA
"骨（シカ右前頭骨～角）",NA
"骨（シカ右上顎後臼歯）",NA
"獣骨（中柄）",NA
"右肋骨",NA
"左肋骨",NA
"右骨盤",NA
"左大腿骨",NA
"オニグルミ堅果",NA
"漆椀塗膜片",NA
"漆丸盆塗膜片",NA
"漆塗膜片（No.6804小刀付着）",NA
"炭化種子（クルミ核）",NA
"炭化種子（キハダ果実）",NA
"炭化種子（スモモ核）",NA
"炭化物（キハダ種子）",NA
"炭化物（コナラ属子葉）",NA
"木炭（トネリコ属）",NA
"炭化種実（マメ科）",NA
"炭化種子（クルミ）",NA
"炭化種子（アワまたはヒエの胚乳）",NA
"炭化材（ヤナギ）",NA
"炭化クルミ材",NA
"炭化物・材 クルミ",NA
"炭化物（炭化材と種実遺体（広葉樹オニグルミ）が混在）",NA
"炭化物（カエデ属）",NA
"炭化物（炭化材と種実遺体（ヤマグワ、オニグルミ）が混在）",NA
"炭化種実（堅果片1片）",NA
"土器付着炭化物（深鉢口縁部外面）",NA
"土器付着炭化物（深鉢胴部外面）",NA
"炭化植物片（花柱または柱頭）",NA
"炭化材（キハダ）",NA
"土器付着炭化物（深鉢 口縁部外面）",NA
"土器付着炭化物（深鉢 胴部外面）",NA
"土器付着炭化物（貝殻文尖底 口縁部外面）",NA
"土器付着炭化物（貝殻文平底 口縁部外面）",NA
"土器付着炭化物（底部付近外面）",NA
"土器付着炭化物（内外面）",NA
"炭化材（丸木）",NA
"堅果（炭化核、1片）",NA
"土製品付着炭化物",NA
"土器付着炭化物 炭質物",NA
"住居内採取炭化物 炭化材（クリ）",NA
"住居内採取炭化物 炭質物",NA
"遺構外採取炭化物 炭化材（クリ）",NA
"遺構外採取炭化物 炭化材（コナラ節）",NA
"炭化種実（堅果）",NA
"土器付着炭化物（外面 後期初頭）",NA
"炭化クルミ属堅果片",NA
"黒ボク様土壌",NA
"炭化材 土器内面付着",NA
"土器付着炭化物（底部内面）",NA
"炭化材（環孔材。つる性木本）",NA
"炭化材（コナラ属）",NA
"堅果（炭化クルミ？）",NA
"堅果（炭化コナラ？）",NA
"木炭（コナラ亜属コナラ節）",NA
"木材（トネリコ属）",NA
"木材（イヌエンジュ）",NA
"埴土",NA
"イシガイ類？の殻皮",NA
"暗灰色の土壌",NA
"黒褐色の土壌",NA
"泥炭中の未分解の植物体",NA
"分解の進んだ植物遺体（草本）",NA
"分解質泥炭",NA
"木炭（土器内部の土から検出）",NA
"ヒト腓骨",NA
"炭化物（種子？）",NA
"出土木（枝）",NA
"出土木（葉）",NA
"出土木製品（軸）",NA
"炭化物（クルミ？）",NA
"土器付着炭化物（深鉢・胴部内面）",NA
"土器付着炭化物（深鉢・胴部外面）",NA
"炭化材（遺物番号 炭1）",NA
"炭化材（遺物番号 炭18）",NA
"炭化材（遺物番号 炭3）",NA
"炭化材（遺物番号 炭73）",NA
"炭化材（遺物番号 炭17）",NA
"炭化材（遺物番号 炭4）",NA
"炭化材（遺物番号 炭6）",NA
"笹類",NA
"炭化ブドウ",NA
"炭化コメ",NA
"炭化ヒエ",NA
"炭化したスダレ状植物製品",NA
"土壌(Humin)",NA
"炭化材（モミ属） 樹種同定白滝-84と同一個体",NA
"シカの角",NA
"漆膜片",NA
"炭化種子（堅果）",NA
"貝殻（カワシンジュガイ）",NA
"炭化材（外側6年輪分）",NA
"炭化種実（オニグルミ炭化核）",NA
"炭化材（外側2年輪分）",NA
"炭化種実（タデ属炭化子葉、６粒）",NA
"木炭（炭化材）",NA
"木炭（炭化クルミ片）",NA
"炭化材（最終形成年輪）",NA
"樹皮（一部未炭化）",NA
"炭化植物遺体（タケ亜科）",NA
"炭化材（最終形成年輪以外。樹皮に近い部分を採取）",NA
"樹皮（ほとんど未炭化）",NA
"ヤマブドウ種子",NA
"オニグルミ 殻",NA
"土壌(炭化物混じりの粘土)",NA
"土壌(炭化物混じりの粘土)･炭化材(スダジイ)",NA
"炭化物(炭化種実？)",NA
"木片(ヤマグワ)",NA
"炭化材？(コナラ属クヌギ節)",NA
"炭化材？(マツ属複維管束亜属)",NA
"炭化材(カシノキ属)",NA
"コラーゲン(人骨)",NA
"骨(ニホンジカ)",NA
"虫",NA
"種子(桃)",NA
"炭化種実(イネ炭化穎果)",NA
"炭化種実(アズキ炭化種子)",NA
"木片(ツガ)",NA
"木材(タケ亜科)",NA
"緑青",NA
"ウマ(上顎歯:歯の内部のエナメル質)",NA
"ウマの臼歯",NA
"種実(イチイガシ果実)",NA
"種実(コナラ属クヌギ節果実)",NA
"種実(アラカシ果実)",NA
"種実(コナラ属アカガシ亜属果実)",NA
"木片(ヒノキ属類似）",NA
"木株",NA
"緑青錆",NA
"生材(クスノキ)",NA
"微粒炭",NA
"泥炭質堆積物",NA
"木片(柱根片)",NA
"木片(根株:クスノキ)",NA
"炭化物混り土壌",NA
"炭化材(コナラ節,4年輪)",NA
"炭化材(クヌギ節,4年輪)",NA
"鉄滓付着炭化物",NA
"木杭№2",NA
"木杭№3",NA
"黒色粘土(7a層)",NA
"植物遺体(1a層)",NA
"植物片(マダケ属？)",NA
"植物(ヤダケ？)",NA
"炭化材(大径:アカガシ亜属)",NA
"炭化材(小径:アカガシ亜属)",NA
"赤ウルシ",NA
"木材(ハンノキ)",NA
"杭材(マキ属)",NA
"杭材(イヌガヤ)",NA
"杭材(スギ)",NA
"杭材(コナラ属アカガシ亜属)",NA
"杭材(ツブラジイ)",NA
"杭材(ムクノキ属:根材)",NA
"土壌腐植",NA
"獣骨",NA
"炭化種実(イチイガシ果皮･子葉)",NA
"炭化物（土壌）",NA
"炭化材（樹皮無）",NA
"炭化材（樹皮無・バラ科ナシ亜科）",NA
"炭化材（樹皮無・アセビ）",NA
"炭化材（樹皮無・コナラ属アカガシ亜属）",NA
"板状鉄斧",NA
"土器付着炭化物（甕・脚部外面）煤類",NA
"土器付着炭化物（甕・肩～胴部外面）煤類",NA
"土器付着炭化物（甕・口縁部外面）ふきこぼれ",NA
"生材（丸太）",NA
"炭化物・材（草本類）",NA
"草本由来の炭化物",NA
"炭化種子 マメ",NA
"炭化種子 イネ胚乳",NA
"炭化種子 オニグルミ",NA
"炭化種子 ドングリ類",NA
"炭化材：バラ属",NA
"炭化材：マツ属複維管束亜属",NA
"炭化材：広葉樹（散孔材）",NA
"炭化材：広葉樹（節部分）",NA
"若年枝（クヌギ節）",NA
"炭化材（マツ属複維管束亜属）",NA
"木片（広葉樹）",NA
"土壌（黒灰色粘質土）",NA
"木材（根張り株）",NA
"ケヤキ材",NA
"スダジイ材",NA
"アカマツ材",NA
"スギ材",NA
"種実（コナラ属）",NA
"植物遺体（種子）",NA
"土壌（ヒューミン）",NA
"生材（クリ）辺材部",NA
"生の種実（コナラ属殻斗）",NA
"生材 最終形成年輪",NA
"生材（カエデ属） 最終形成年輪以外、部位不明",NA
"土器付着炭化物（壺胴部外面）",NA
"生材（エノキ属） 年輪数116年（最終形成年輪は残っていなかった） 外側から1～5年輪目",NA
"生材（エノキ属） 年輪数116年（最終形成年輪は残っていなかった） 外側から56～60年輪目",NA
"生材（エノキ属） 年輪数116年（最終形成年輪は残っていなかった） 外側から111～115年輪目",NA
"生材 年輪数116年（最終形成年輪は残っていなかったが辺材部が残っていた） 外側から1～5年輪目 辺材部",NA
"生材 年輪数116年（最終形成年輪は残っていなかったが辺材部が残っていた） 外側から66～70年輪目",NA
"生材 年輪数116年（最終形成年輪は残っていなかったが辺材部が残っていた） 外側から136～140年輪目",NA
"人骨（右距骨）",NA
"炭化材（ムクノキ）",NA
"木杭（針葉樹）最終形成年輪が残っている",NA
"生材（マツ属複維管束亜属、最終形成年輪）",NA
"生材（ヒノキ、最終形成年輪）",NA
"木材（コナラ節）",NA
"植物遺体混じり砂",NA
"種実（マツ属）",NA
"アカガシ亜属",NA
"木材（アカガシ亜属）",NA
"生木（ヤナギ属）",NA
"生木（イボタノキ属）",NA
"木材遺体（広葉樹）",NA
"樹幹1",NA
"樹幹2",NA
"炭化材小片（アカガシ亜属）",NA
"材（クリ）",NA
"生木（ムクノキ）",NA
"炭化材片（アカガシ亜属）",NA
"炭化材片（サクラ属）",NA
"炭片（アサダ属）",NA
"炭片（イネ科）",NA
"生の種実（モモ、核、1点）",NA
"生の材（針葉樹、4年輪）",NA
"炭化材（サカキ近似種）",NA
"炭化材（サクラ属）",NA
"炭片（マツ属複維管束亜属）",NA
"炭片（散孔材）",NA
"炭化材片（コナラ節）",NA
"植物遺体（ほとんどが灰化）",NA
"木材片（アカガシ亜属）",NA
"木材片（ヤナギ属）",NA
"木材（ヤナギ属）最外部の年輪",NA
"木材（クリ）最外部の年輪",NA
"木材（杭）",NA
"クヌギ節",NA
"ヒョウタン種子",NA
"土器付着物（煤・甕胴外面）",NA
"土器付着物（焦・甕胴内面）",NA
"種実（ウリ種子）",NA
"種実（モモ核）",NA
"木材（小枝）",NA
"木材（加工木・広葉樹樹皮直下内側最外縁、5年材、両端加工）",NA
"木材（自然木・樹幹最外縁）",NA
"木材（自然木・枝最外縁）",NA
"木材（竹皮・カゴ材）",NA
"木材（木っ端）",NA
"土器付着物（煤・甕胴外）",NA
"種実（ヘチマ種子？）",NA
"肋骨の破片（ゼラチンコラーゲン）",NA
"炭化材（シイノキ属）",NA
"炭化材（サカキ）",NA
"炭化材（アブラギリ）",NA
"炭化材（タケ亜科）",NA
"種子（アカガシ近似種果実）",NA
"腐植質の砂層",NA
"植物遺体（草本葉）",NA
"炭化材（ウツギ属）",NA
"炭化材（スダジイ）",NA
"炭化材（ツブラジイ）",NA
"木片（ハンノキ属ハンノキ亜属）",NA
"植物片（ナラガシワ果実）",NA
"木片（種類不明の広葉樹）",NA
"土器付着炭",NA
"木製品（鍬）",NA
"埋没腐植土壌",NA
"深鉢付着物",NA
"木材（ヒノキ）",NA
"炭化材（ヒノキ）",NA
"植物（桃核）",NA
"植物（ドングリ）",NA
"有機物（甕内オコゲ）",NA
"植物遺体（植物葉）",NA
"埋没腐植土層",NA
"炭化材（最終形成年輪以外部位不明、外側3年輪分）",NA
"炭化材（最終形成年輪以外部位不明、外側5年輪分）",NA
"生材（針葉樹、最終形成年輪以外部位不明、外側10年輪分）",NA
"生材（針葉樹、最終形成年輪以外部位不明、外側5年輪分）",NA
"焼骨（哺乳類、白色）",NA
"炭化植物遺体（タケ亜科、稈）",NA
"生木：針葉樹（スギ科？）",NA
"生木：トガサワラ",NA
"木材（ムクノキ）",NA
"炭化材（マツ属）",NA
"炭化材（不明）",NA
"乾燥樹皮",NA
"煤状炭化物",NA
"植物遺体（不明）",NA
"種実（果実）クヌギ－アベマキ",NA
"木材（コナラ属コナラ亜属コナラ節）",NA
"木材（ツバキ属）",NA
"木材（コナラ属アカガシ亜属）",NA
"樹皮（ヤナギ属）",NA
"種子（ホタルイ属）",NA
"種子（イヌガヤ）",NA
"生材（ヤマグワ）",NA
"生の種実（キハダ）",NA
"土器付着炭化物（壺外面）",NA
"土器付着炭化物（深鉢外面）",NA
"木材（マキ属）",NA
"木材（ヤマグワ）",NA
"木材（散孔材）",NA
"木材（ムキノキ）",NA
"木材（マメ科）",NA
"木材（ニワトコ）",NA
"木材（イヌガヤ）",NA
"木材（カヤ）",NA
"木材（ケヤキ）",NA
"木材（トチノキ、年輪42<、立株）",NA
"木材（コナラ属アカガシ亜属、年輪30<、立株）",NA
"木材（クリ、年輪20、倒木）",NA
"木材（コナラ属アカガシ亜属、年輪95、倒木）",NA
"木材（コナラ属アカガシ亜属、年輪80<、倒木）",NA
"木材（コナラ属アカガシ亜属、年輪64<、立株）",NA
"木材（ヤマグワ、年輪16<、立株）",NA
"木材（ヤマグワ、年輪12、立株）",NA
"土器付着炭化物（甕外面）",NA
"樹皮（半割）",NA
"樹根（エノキ属、根材、最外部3-4年）",NA
"杭（生木、アカガシ亜属、最外部2-3年）",NA
"木材（ヤナギ属）",NA
"樹木外輪",NA
"イネ未炭化籾殻",NA
"木材（コナラ属コナラ亜属クヌギ節）",NA
"木材（ムラサキシキブ属）",NA
"木材（トウヒ属）",NA
"木材（シャシャンボ）",NA
"トチノキ（種子）",NA
"コナラ属アカガシ亜属",NA
"マダケ属",NA
"マツ属複維管束亜属",NA
"みかん割材外",NA
"杭材外側",NA
"樹根樹皮",NA
"植物遺体（アブラチャン：果実完形）",NA
"植物遺体（ナラガシワ：幼果完形）",NA
"クヌギ－アベマキ：果実完形",NA
"植物遺体（クリ：果実破片）",NA
"植物遺体：草本類",NA
"木片（ヌルデ）",NA
"植物遺体：葉（イチイガシ）",NA
"木片（クリ）",NA
"種子（ムクロジ）",NA
"木材片（ヤマグワ）",NA
"木材（広葉樹の当年枝）",NA
"生材（モミ属）最外年輪",NA
"生材（カバノキ属）最外年輪",NA
"生材（アカガシ亜属 根）最外年輪",NA
"小枝（ヤナギ属）",NA
"木炭（マツ属複維管束亜属）最外～5年輪",NA
"木炭（マツ属複維管束亜属）6～10年輪",NA
"木炭（マツ属複維管束亜属）11～15年輪",NA
"木炭（マツ属複維管束亜属）16～20年輪",NA
"木炭（マツ属複維管束亜属）21～25年輪",NA
"木炭（マツ属複維管束亜属）26～30年輪",NA
"木炭（マツ属複維管束亜属）31～35年輪",NA
"炭化材（カキノキ属、破片、樹皮無、年輪数9年、測定試料は外4年分）",NA
"炭化材（サカキ、ミカン割状、樹皮無、年輪数14年以上、測定試料は外8年分）",NA
"炭化材（カエデ属、半歳状、樹皮有、年輪数3年、測定試料半割）",NA
"炭化材（カキノキ属、破片5片、樹皮無、年輪数1年未満、測定試料は破片2片（5片中から同一種2片選択））",NA
"炭化材（タケ亜科、破片、樹皮無、測定試料は全量）",NA
"炭化材（アカガシ亜属、ミカン割状、樹皮無、年輪数2～3年、測定試料は半割）",NA
"炭化材（ツバキ属、ミカン割状、樹皮有、年輪数9年、測定試料は外5年分）",NA
"土壌腐食",NA
"生試料・材（最終形成年輪以外部位不明）",NA
"生試料・材（最終形成年輪）",NA
"生試料・材",NA
"植物遺体（葉）",NA
"土器付着炭化物（深鉢胴部下部内面）",NA
"土器付着炭化物（深鉢肩部外面）",NA
"土器付着炭化物（深鉢胴部上半外面）",NA
"土器付着炭化物（深鉢口唇～胴部上半外面）",NA
"土器付着炭化物（深鉢胴部内面）",NA
"炭化材（最終年輪以外部位不明）",NA
"炭化物（部位不明）",NA
"生試料（トチノキ果皮）",NA
"炭化材（広葉樹：散孔材）",NA
"炭化材（クロウメモドキ属）",NA
"炭化材（モミ属）",NA
"木片（ヒノキ、虫損のため遊離したような状態、最新年輪を含む4層ぶんよりも62年古い年輪を含む4層ぶん）",NA
"木片（ヒノキ、虫損のため遊離したような状態、最新年輪を含む4層ぶん）",NA
"炭化材（枝、径数mm、最終形成年輪）",NA
"炭化種実（イネ種子）",NA
"炭化種実（コムギ）",NA
"炭化種実（破片）",NA
"樹木（流木）",NA
"木材（カシ）",NA
"木材（流木）",NA
"土器付着炭化物（深鉢胴部内面・焦）",NA
"土壌（暗灰色シルト）",NA
"土壌（有機質シルト）",NA
"土壌（有機質シルト、砂混じり）",NA
"木（株）",NA
"炭層",NA
"木（根株・エゴノキ属）",NA
"木（根株）",NA
"木材（マツ属複維管束亜属）",NA
"人骨（頭骨）",NA
"人骨（歯）",NA
"木材（乾燥）",NA
"炭化材（自然乾燥）",NA
"炭化材・木材",NA
"木材・土壌（腐植質粘土）",NA
"土壌（腐植質粘土）",NA
"木片（ヒノキ属）",NA
"木片（スギ）",NA
"クロマツ（球果1個体）",NA
"自然木（ムクロジ）",NA
"漆片",NA
"生木（ミズキ属）",NA
"生木（タイミンタチバナ）",NA
"生木（マツ属複維管束亜属）",NA
"生木（サカキ）",NA
"生木（スダジイ）",NA
"生木（ハイノキ属ハイノキ節）",NA
"生木（ヒサカキ）",NA
"生木（ツバキ属）",NA
"植物遺体（草本類）",NA
"マツ類の毬果",NA
"植物片（葉）",NA
"種実（エゴノキ）",NA
"炭化材（未同定）",NA
"生木（クヌギ節）",NA
"生木（コナラ節）",NA
"植物片（地下茎）",NA
"材混じり土壌",NA
"材（モミ属）",NA
"生材（枝？年輪数不明）",NA
"生の植物遺体（草本 節？）",NA
"木材片（サカキ）",NA
"木材（最外年輪）",NA
"木材片（マツ属複維管束亜属）",NA
"木材片（スギ）",NA
"木材片（コウヤマキ）",NA
"藍胎（草本遺体）",NA
"木材片（コナラ亜属コナラ節）",NA
"タブノキ",NA
"生材（最外年輪（2年輪分））",NA
"生材（最外年輪？）",NA
"生材（マツ属複維管束亜属）",NA
"焼骨 頭蓋骨",NA
"焼骨 部位不明",NA
"亜泥炭",NA
"古土壌",NA
"炭（植物遺体）",NA
"植物遺体（腐植）",NA
"材（流木）",NA
"材（杭）",NA
"杭（ヒノキ）",NA
"根株（アカガシ亜属）",NA
"柱材（最外縁）",NA
"柱材（11年輪目）",NA
"柱材（21年輪目）",NA
"柱材（最外縁（クヌギ？））",NA
"柱材（最外縁（杭））",NA
"土器付着炭化物（口縁外面）",NA
"土器付着炭化物（胴内面）",NA
"土器付着炭化物（胴外面）",NA
"土器付着炭化物（胴部下位外面）",NA
"土器付着炭化物（胴部上位外面）",NA
"土器付着炭化物（胴部下部外面）",NA
"木片（アカガシ亜属の根）",NA
"イヌガヤ（樹皮）",NA
"イヌガヤ（樹芯）",NA
"サルノコシカケ（樹木）",NA
"木材（モミ属）",NA
"木材（樹皮）",NA
"柱材（同定不能）",NA
"柱材（コウヤマキ）",NA
"土壌（有機質粘土）",NA
"炭化物・材（最外以外年輪）",NA
"生試料・材（最外以外年輪）",NA
"生試料・材（最外年輪）",NA
"生果実（クサネム）",NA
"土器付着物・甕外面（煤類）",NA
"生材（立木）",NA
"自然木（ケヤキ）",NA
"土器付着物（口縁部外側）甕",NA
"植物遺体（草本遺体）",NA
"土器内面付着物（内容物）",NA
"柱根（コナラ節）",NA
"木片（ヤナギ属）",NA
"炭化材（破片）",NA
"土器付着物（煤類）壺",NA
"炭化材（ムクノキ根材？）",NA
"炭化材（屋根材）",NA
"木片（クワ属）",NA
"炭化材（小片）",NA
"土器付着物（煤類）焼石付着",NA
"種実（モモ核）生試料",NA
"木材（広葉樹（節））",NA
"木材（クマシデ属イヌシデ節）",NA
"土器付着物（口縁外面）",NA
"木製椀",NA
"卒塔婆",NA
"導水管",NA
"若木",NA
"板材再加工杭",NA
"立木",NA
"根株",NA
"470杭列",NA
"加工木",NA
"焼木",NA
"ヒシ",NA
"shell",NA
"wood",NA
"土器付着物（胴部外面）",NA
"土器付着物（底部内面）",NA
"堅果（コナラ属果実）",NA
"立木（広葉樹）",NA
"材（クヌギ節）",NA
"立木（ヤマグワ）",NA
"材（流木：トネリコ属）",NA
"立木の根",NA
"種実（トチノキ果皮）",NA
"生試料・種実（ヒシ属）",NA
"炭化物・植物遺体",NA
"炭化物・植物遺体（ヨシ属の茎）",NA
"生試料・植物遺体（草本遺体）",NA
"炭化物・植物遺体（草本遺体）",NA
"木製品（アスナロ）",NA
"木製品（ツバキ属）",NA
"木製品（ヒノキ科）",NA
"木製品（コナラ属アカガシ亜属）",NA
"木製品（モミ属）",NA
"炭化物 植物遺体（草本類）",NA
"生材（枝材）最外年輪",NA
"生材（木片）",NA
"生材（根株）",NA
"生材（板状木製品）",NA
"生材（杭）最外年輪",NA
"生材 最外年輪",NA
"土器付着物（胴外面）",NA
"土器付着物（胴内面）",NA
"土器付着物（胴内下面）",NA
"土器付着物（胴外上面）",NA
"生材（立木；ヤナギ属）最外年輪",NA
"生材（杭材；カヤ属）最外年輪",NA
"生材（カヤ）",NA
"生材（アカガシ亜属）",NA
"根を張った株",NA
"土器付着物（胴部内）",NA
"土器付着物（口縁内）",NA
"木製の杭（エノキ属）最外年輪",NA
"自然木？",NA
"木製の杭（ヤナギ属）最外年輪",NA
"土器付着物（浅鉢頸部外側）",NA
"漆膜（漆塗鉢口縁外）",NA
"木材（最外縁部）",NA
"種子（イネ胚乳）",NA
"種子（ヒョウタン）",NA
"植物遺体（草本）",NA
"炭化材(枝状）最外年輪部",NA
"炭化種子（イネ胚乳）",NA
"生材（柱根、丸木）",NA
"炭化種実（6片）",NA
"生材（5年輪）最外年輪",NA
"土器付着炭化物（甕胴部外面）",NA
"植物片（ヨシ）",NA
"生材（ヤナギ属、12年輪）最外年輪",NA
"有機質の堆積物",NA
"生材（広葉樹）最外年輪（5年輪）",NA
"生材 最外以外樹皮に近い部分を採取（5年輪）",NA
"生材（木製品）",NA
"葉、炭化種実破片",NA
"炭化材（草本類）",NA
"生材（最終形成年輪）自然木・小枝",NA
"生材（最終形成年輪）立木（自然木）外側3年輪分",NA
"生材（辺材部）柱",NA
"生材（最終形成年輪）柱",NA
"生材（散孔材の根財）最終形成年輪",NA
"炭化材（枝材）最終形成年輪",NA
"炭化材 最終形成年輪",NA
"炭化材（環孔材）最終形成年輪",NA
"炭化材（散孔材）最終形成年輪",NA
"炭化材（クリ）最終形成年輪",NA
"杭（生のタケ亜科 桿）",NA
"生材（立木）最終形成年輪",NA
"生材（根株）最終形成年輪",NA
"生材（杭）最終形成年輪",NA
"生の種実（ヒョウタン種子）",NA
"生の材（ブドウ属、枝あるいは幹）最終形成年輪～5年輪",NA
"土器付着炭化物（滋賀里Ⅰ式）深鉢胴部外面",NA
"人骨（頭蓋骨）",NA
"人骨（長骨）",NA
"木材：ネジキ",NA
"木材：アカメガシワ",NA
"木材：マツ属複維管束亜属",NA
"木材：コナラ属アカガシ亜属",NA
"木材：ツガ属",NA
"木材：ムクノキ",NA
"木材：クスノキ科",NA
"炭化材（コナラ亜属クヌギ節）",NA
"炭化材（コナラ属アカガシ亜属）",NA
"土壌（土壌有機物：フミン）",NA
"生材（マツ属複維管束亜属）幹あるいは枝、最終形成年輪を含む2年輪分",NA
"炭化材（樹種不明）幹あるいは枝 最終形成年輪を含む5年輪分",NA
"生材（コウヤマキ）最終形成年輪以外 外側5年分",NA
"生材（コウヤマキ）辺材部 外側5年分",NA
"生材（コナラ属クヌギ節）1-5年輪目、辺材部を採取",NA
"生材（コナラ属クヌギ節）16-20年輪目",NA
"生材（コナラ属クヌギ節）31-35年輪目",NA
"生材（コナラ属クヌギ節）46-50年輪目",NA
"生材（マツ属複維管束亜属）1-5年輪目（辺材部）",NA
"生材（マツ属複維管束亜属）16-20年輪目",NA
"生材（マツ属複維管束亜属）31-35年輪目",NA
"生材（マツ属複維管束亜属）41-45年輪目",NA
"ボーリングコアから採取した試料",NA
"炭化材（ハゼノキ類近似種）",NA
"植物組織",NA
"炭化材（樹皮付き（アカガシ亜属））",NA
"炭化材（樹皮付き（クスノキ科））",NA
"炭化材（ヒサカキ）",NA
"炭化材（ブナ属）",NA
"木片（丸太材）",NA
"木片（原材）",NA
"生材（コナラ属アカガシ亜属） 1年輪目",NA
"生材（コナラ属アカガシ亜属） 55年輪目",NA
"生材（コナラ属アカガシ亜属） 57-59年輪目",NA
"木材（自然木）",NA
"植物（ヒシ）",NA
"スギ材（側面）",NA
"土器付着物（口縁外）",NA
"土器付着物（胴外）",NA
"加工土器片類 土器付着物（胴外）",NA
"加工土器片類 土器付着物（口縁外）",NA
"土器付着物（胴内下）",NA
"土器付着物（胴内）",NA
"土器付着物（口縁外・胴外）",NA
"加工土器片類 土器付着物（胴内）",NA
"木片No.1",NA
"木片No.2",NA
"木片No.3",NA
"木片No.4",NA
"木片No.5",NA
"木片No.6",NA
"木片No.7",NA
"木片No.8",NA
"木片No.9",NA
"炭化材C",NA
"炭化材D",NA
"炭化材A",NA
"炭化材B",NA
"炭化胚乳（オオムギ）",NA
"昆虫遺体",NA
"植物遺体（木片）",NA
"生材（ヒノキ）",NA
"生材（スギ）",NA
"生材（ヤナギ属）",NA
"木片（柱材）",NA
"木片（転用材140）",NA
"木片（転用材77b）",NA
"木片（敷葉構成材）",NA
"木片（板状）",NA
"木片（杭②小）",NA
"炭化木片（自然木）",NA
"木片（加工木）",NA
"炭化植物遺体（双子葉植物）",NA
"炭化材（トネリコ属根材）",NA
"炭化植物遺体（双子葉植物？）",NA
"炭化種実（クリ-トチノキ子葉）",NA
"炭化種実（コナラ属子葉）",NA
"炭化種実（トチノキ子葉）",NA
"炭化種実（クリ子葉）",NA
"セタシジミ貝",NA
"土器付着炭化物（無文深鉢型土器胴部下部内面、お焦げ状に多量に付着）,SGMS-201a",NA
"土器付着炭化物（無文深鉢型土器胴部上部外面、スス状に付着）,SGMS-201b",NA
"生材（クスノキ科）",NA
"生材（ツバキ属）",NA
"生材（未同定）",NA
"種実（トチノキ種子）",NA
"植物遺体（草本茎）",NA
"種実（ナラガシワ果実）",NA
"生材（コナラ節）",NA
"クリ属果皮",NA
"ヒシ属果皮",NA
"コナラ亜属果皮",NA
"炭化材（スギ）",NA
"炭化材（マツ属単維管束亜属）",NA
"木片（コウヤマキ）",NA
"炭化材（コウヤマキ）",NA
"木片（アカガシ亜属）",NA
"木片（コナラ節）",NA
"火葬骨",NA
"炭化材片（微細片多数）",NA
"カヤ状炭化物塊",NA
"炭化材片（微細）",NA
"モモ炭化核破片（1破片）",NA
"コナラ属アカガシ亜属炭化子葉（1破片）",NA
"木材遺体",NA
"煤（北帯スス）",NA
"石炭",NA
"生材（ヤナギ属）4年輪＋",NA
"炭（木材）",NA
"炭化材（アサダ）",NA
"木材（クスノキ科）",NA
"木材（コナラ属クヌギ科）",NA
"木材（コナラ属コナラ科）",NA
"木材（ムクロジ）",NA
"木材（クスノキ）",NA
"木材（クヌギ節）",NA
"木材（サクラ属）",NA
"土器付着炭化物（深鉢）",NA
"木器（板）",NA
"木器（杭）",NA
"弥生土器（甕）",NA
"弥生土器（壺）",NA
"植物遺体（生試料・材（最外以外年輪））",NA
"炭化材（枝）最外年輪",NA
"炭化材最外年輪",NA
"炭化（樹皮）",NA
"土器外面付着煤（土師器甕）",NA
"土壌（黒色粘土）",NA
"木炭（最外年輪部）",NA
"炭化材（広葉樹・散孔材）",NA
"生材（木片）最外年輪（5年輪分）",NA
"有機質",NA
"堅果類（アカガシ亜属果実）",NA
"ミカン割材（アカガシ亜属材）",NA
"炭化物が混じる土壌",NA
"黒漆膜",NA
"木片（付木）",NA
"木片（板）",NA
"木片（杭）",NA
"木片（横木）",NA
"木片（根株）",NA
"木片（腐植体サンプル）",NA
"貝(クロアワビ)",NA
"？",NA
"貝(ベンケイガイ)",NA
"魚骨",NA
"貝(メカイアワビ)",NA
"貝(マダカアワビ)",NA
"貝(サザエ)",NA
"貝(マルサルボウ)",NA
"貝(オキアサリ)",NA
"木片(ドングリ木片)",NA
"貝(イシマキガイ)",NA
"貝(カワニナ)",NA
"大型割截板材(ブナ)",NA
"割截杭(イヌガヤ)",NA
"丸杭(ブナ)",NA
"丸杭",NA
"丸杭(アカガシ)",NA
"割截杭",NA
"井戸枠板材(コウヤマキ)",NA
"割截杭(ブナ)",NA
"加工幹枝",NA
"割截杭(アカガシ)",NA
"柱根(マツ科マツ属)[二葉松類]",NA
"柱根(ニレ科ケヤキ属ケヤキ)",NA
"柱根(ブナ科シイ属)",NA
"植物片(地下茎）",NA
"炭化物(炭化米?)",NA
"炭化材(種類不明の針葉樹)",NA
"炭化材(広葉樹のコナラ属アカガシ亜属)",NA
"炭化材(広葉樹 スダジイ)",NA
"炭化材(広葉樹 クリ)",NA
"炭化材片(針葉樹マツ属複維管束亜属）",NA
"炭化材（マツの葉）",NA
"炭化材(マツ科）",NA
"炭化材(アカガシ亜属）",NA
"炭化材(ブナ科(コナラ節orクリ))",NA
"生木(スダジイ)",NA
"生木(クスノキ科)",NA
"生木(針葉樹の樹皮)",NA
"炭化材(針葉樹片を含む微細な炭化物塊)",NA
"炭化材(ヤマモモ)",NA
"木片(マツ属単維管束亜属)",NA
"木片(コナラ属コナラ亜属)",NA
"木片(ハンノキ属)",NA
"植物(マツカサ)",NA
"人骨(胸椎)",NA
"炭化材(フサザクラ)",NA
"炭化種実(トチノキ種子,1点)",NA
"材化石(マツ属単維管束亜属の一種･トウヒ属の一種)",NA
"材化石(トウヒ属の一種)",NA
"炭化材(キハダ･イネ科タケ亜科)",NA
"炭化材(カラスザンショウ)",NA
"炭化材(ヤマハゼ)",NA
"土器付着煤(炭化物)",NA
"歯(ウマ臼歯)",NA
"木製品(クリ)",NA
"木製品(ヒノキ属の一種)",NA
"木製品(スギ)",NA
"木製品(ヤブツバキ)",NA
"木製品(マキ属の一種)",NA
"木片･炭化木",NA
"粘土質泥炭",NA
"貝(カワシンジュガイ)",NA
"動物歯(シカ属の左下顎第2小臼歯)",NA
"骨片(大型哺乳類の長骨の骨幹部)",NA
"堆積物･腐食土壌",NA
"腐食質粘土",NA
"長骨片",NA
"植物片(土付)",NA
"炭化物(土付)",NA
"樹皮(葺材)",NA
"カヤ?(壁材)",NA
"木炭(北西主柱)(スダジイ)",NA
"木炭(南西垂木2)(ニガキ)",NA
"木片(南西礎板) 最外1〜2年輪分",NA
"木片(南地中梁) 最外2年輪分",NA
"木片(北地中梁) 最外3年輪分",NA
"木片(北西礎板) 最外2〜3年輪分",NA
"木片(北中柱) 最外5年輪分",NA
"木片(杭) 最外6〜7年輪分",NA
"木片(杭) 最外2〜3年輪分",NA
"桃核",NA
"ワラ片",NA
"ウマの歯",NA
"植物遺体(草本:広葉樹2年生)",NA
"生材(ヒサカキ)",NA
"柱根(クリ)",NA
"炭(微小)",NA
"炭化材(ヒノキ属類似)",NA
"生材(ニレ属)",NA
"生材(イチイ?)",NA
"生材(ウツギ属)",NA
"生材(クスノキ科)",NA
"生材(モチノキ属)",NA
"生材(クマノミズキ類)",NA
"海洋性の貝(オキシジミ)",NA
"生の種実(オニグルミ)",NA
"生材(広葉樹樹皮)",NA
"生材(スダジイ)",NA
"草本類(イネ科)",NA
"海洋性の貝(マガキ)",NA
"生の種実(モモ核)",NA
"生の草本類(イネ科)",NA
"生材(キイチゴ属)",NA
"芯持生木(エノキ属?)",NA
"炭化材片(スギ)",NA
"炭化材片(アカガシ亜属)",NA
"炭化材片(広葉樹)",NA
"炭化材片(サクラ属)",NA
"炭化材破片(ガマズミ属)",NA
"生材破片(スギ)",NA
"炭化材半裁状(ハゼノキ類)",NA
"生材破片(サクラ属)",NA
"炭化材まじり土壌",NA
"炭化材(微細木片)",NA
"炭化材(エノキ)",NA
"種子(ダイズ)",NA
"有機物混粘土",NA
"ウルシ材",NA
"炭化材(土中炭片)",NA
"トチノミ",NA
"トチノミ?",NA
"木の葉",NA
"木炭(コナラ属コナラ節)",NA
"木炭(クマシデ属イヌシデ節)",NA
"木炭(オニグルミ)",NA
"木炭(ケヤキ)",NA
"炭化部材",NA
"炭化炭",NA
"種子(松笠)",NA
"堆積物?",NA
"半炭化種子(オニグルミ)",NA
"生木(根材･ニレ属)",NA
"板材",NA
"土中炭",NA
"木片(ヒノキ属)",NA
"樹皮片",NA
"木片(アカガシ亜属)",NA
"木片(マツ属:複維管束亜属)",NA
"生木(クスノキ属)",NA
"炭化材(シイノキ属?)",NA
"炭化材(樹皮?)",NA
"炭化材(シイノキ科)",NA
"木炭(クマシデ節)",NA
"木炭(マツ属複維管束亜属)",NA
"木炭(カツラ属)",NA
"木炭(環孔材)",NA
"木炭(アカメガシワ)",NA
"木炭(クスノキ科)",NA
"木炭(スダジイ)",NA
"生材(ムクロジ)",NA
"木片(土付)",NA
"生材(トリネコ属シオジ節)",NA
"生の草本(イネ科)",NA
"生の種子(トチノキ)",NA
"瘤(植物片)",NA
"スモモ(核)",NA
"炭化材(シイノキ属類似)",NA
"植物遺体(木炭)",NA
"火砕堆積物",NA
"炭化種実(トチ)",NA
"炭化木材",NA
"植物片(クルミ1)",NA
"植物片(クルミ2)",NA
"炭化材(シキミ属)",NA
"炭化材(マテバシイ属)",NA
"炭化種実(コナラ属アカガシ亜属子葉)",NA
"炭化種実(イチイガシ果実)",NA
"炭化材(広葉樹､散孔材)",NA
"炭化材(コナラ属アカガシ亜属､ニガキ)",NA
"炭化材(広葉樹､環孔材)",NA
"炭化種実(カラスザンショウ)",NA
"炭化種実(アカメガシワ)",NA
"炭化材片(クリ)",NA
"炭化種実(堅果類)",NA
"植物質",NA
"木炭(エノキ属ニレ科)",NA
"革",NA
"炭化材(小枝)",NA
"炭化材(枝)",NA
"自然流木",NA
"建物柱材",NA
"木片(芯)",NA
"木片(最外殻年輪)",NA
"果皮片(トチノキ)",NA
"生の種実(トチノキ未熟果)",NA
"果実(アカガシ-ツクバネガシ)",NA
"垂木",NA
"桁(梁?)",NA
"桁(梁)",NA
"広鍬?",NA
"大足?",NA
"三角板状木製品",NA
"建築材?(杭)",NA
"ミカン割材",NA
"生の種実(オニグルミ核)",NA
"生の種実(トチノキ種子)",NA
"生の種子(オニグルミ核)",NA
"生材(小枝)",NA
"生の種実(エゴノキ核)",NA
"生の種実(イチイガシ果実)",NA
"生の果実(アベマキ果実)",NA
"生の種実(アカガシ果実)",NA
"生の植物遺体(草本)",NA
"トチノキ果実片",NA
"サルノコシカケ",NA
"編み物",NA
"木材(枝)",NA
"種実(ヒョウタン)",NA
"種実(ナデシコ科ほか)",NA
"炭化材(シロカシorウラジロガシ)",NA
"骨(子牛)",NA
"動物骨(鯨類)",NA
"炭化種子(アズキ)",NA
"薄板(針葉樹の樹皮)",NA
"杭(スギ)",NA
"曲物側板",NA
"焼杭",NA
"歯(ウマ)",NA
"泥炭･炭化物",NA
"漆状有機物",NA
"材(ヒサカキ)",NA
"材(サカキ)",NA
"炭化材(トネリコ属クヌギ節)",NA
"貝片",NA
"巻貝",NA
"木材片(部位不明）",NA
"貝殻(カワアイ)",NA
"貝(カワアイ)",NA
"木材片(部位不明)",NA
"貝殻(巻貝)",NA
"木材片(枝材)",NA
"植物片(茎)",NA
"炭化材片(部位不明)",NA
"植物片(草本)",NA
"種子(桃核)",NA
"スギ炭化材",NA
"スギ生材",NA
"アズキ炭化種子",NA
"針葉樹炭化片",NA
"スギ材(横板)",NA
"スギ材(杭)",NA
"葉片",NA
"炭化材(複数個体)",NA
"炭化材(散光材)",NA
"種実(クルミ核)",NA
"木材(矢板)",NA
"木材(柱)",NA
"木材(横板;西)",NA
"木材(横板;東）",NA
"木材（横板）",NA
"木材（矢板）",NA
"木材(芯材)",NA
"木材(杭)",NA
"種実(トチ果実)",NA
"木片(横板材)",NA
"木片(矢板材)",NA
"木片(板材)",NA
"木片(丸太)",NA
"木片(粗朶)",NA
"木片(杭材)",NA
"種実(ムクロジ)",NA
"炭化物(炭化材)",NA
"炭化物(炭化材:クスノキ科)",NA
"炭化材(鉄滓付着)",NA
"黒色土(粘土質シルト)",NA
"歯(馬)",NA
"枝材",NA
"埋れ木",NA
"木材(クマシデ属イヌワシ節)",NA
"土器片付着炭化物",NA
"木炭(コナラ属アカガシ亜属)",NA
"炭化物(木炭)",NA
"イシガニ(イシガニ科)",NA
"炭化材?木材?(コナラ属アカガシ亜属)",NA
"種実遺体(モモ)",NA
"木材(ススキ属の葉茎)",NA
"炭化材(コナラ属アカガシ亜属･カキノキ属)",NA
"材(針葉樹)",NA
"動物骨(ウマ)",NA
"木材(マツ属)",NA
"土壌?",NA
"炭化材(水洗)",NA
"木材(散孔材6-7年輪分)",NA
"塗膜(漆?)",NA
"炭片(ブナ科)",NA
"炭化材(コナラ属コナラ節）",NA
"炭化材(針葉樹?枝材)",NA
"種実(アラカシ)",NA
"土器付着炭化物(スス)",NA
"樹木(コナラ属アカガシ亜属)",NA
"樹木(コナラ属クヌギ節)",NA
"樹木(マツ属複維管束亜属)",NA
"サザエ",NA
"貝殻片(マガキガイ)",NA
"貝殻片(イトマキボラ)",NA
"貝殻片(クロフモドキ?)",NA
"貝殻片(シャコガイ)",NA
"貝殻片(シラクモガイ)",NA
"貝殻片(サラサバティ)",NA
"貝殻片(アラヌノメガイ）",NA
"人骨(左内側楔状骨)",NA
"人骨(上位左肋骨)",NA
"炭化材(シイ属:オキナワジイ)",NA
"炭化材(マツ属複維管束亜属:リュウキュウマツ)",NA
"炭化材(広葉樹:散孔材)",NA
"炭化材(フヨウ属ハマボウ節)",NA
"貝(海産:ミナミマガキ)",NA
"貝(汽水:カバクチカノコ)",NA
"貝(海産:カンギク?)",NA
"貝(海産:マツヤマワスレ?)",NA
"貝(海産:ギンタカハマ?)",NA
"貝(海産:マルスダレガイ科?)",NA
"貝(海産:トコブシ･ナガラメ型)",NA
"貝(汽水:シレナシジミ?､貝器)",NA
"海産貝類(ハイガイ)",NA
"淡水貝類(カワニナ)",NA
"炭化物(固結化)",NA
"海産貝類(ハイガイ:固結化)",NA
"汽水貝類(シレナシジミ)",NA
"カニ(腹節)",NA
"陸産貝類(カタツムリ)",NA
"海産貝類(マルスダレガイ科)",NA
"カニ(鉗節)",NA
"カニ(鉗脚)",NA
"陸生貝類(カタツムリ)",NA
"獣骨(ウシ下顎骨)",NA
"海産貝類(ヒメジャコ)",NA
"海産貝類(マガキ)",NA
"獣骨(イノシシ)",NA
"炭化物(イノシシ骨付着)",NA
"汽水貝類?(シレナシジミ?)",NA
"サザエの蓋",NA
"炭化材(ヒイラギ?)",NA
"貝(モチツキザラ)",NA
"貝(ヒメシャコガイ)",NA
"貝(シャゴウガイ)",NA
"貝(ヌノメガイ)",NA
"貝(ウラツキガイ)",NA
"貝(クモガイ)",NA
"サンゴ",NA
"貝(チョウセンサザエ)",NA
"炭化材(フカノキ)",NA
"炭化材(クスドイゲ)",NA
"オオムギ",NA
"人骨(頭骨片)",NA
"人骨(右上腕骨)",NA
"人骨(左橈骨)",NA
"人骨(脛骨)",NA
"人骨(左尺骨)",NA
"人骨(左下顎骨)",NA
"人骨(左上腕骨)",NA
"動物骨(イノシシ:上腕骨)",NA
"動物骨(イノシシ:四肢骨片)",NA
"イノシシ(上肢骨:肩甲骨)",NA
"ネズミ(大腿骨)",NA
"土器付着食物残渣",NA
"葉(ヤブニッケイ)",NA
"人骨( 第1号人骨）",NA
"歯(イノシシ犬歯)",NA
"貝(オオツタノハ)",NA
"貝(アマオブネ)",NA
"貝(巻貝)",NA
"土壌中腐植",NA
"貝(タカラガイの仲間)",NA
"貝(ヤコウガイ)",NA
"貝(シレナシジミ:汽水産)",NA
"貝(カワニナ:淡水産)",NA
"貝(イモガイ:海産)",NA
"貝(カタツムリ:陸産貝)",NA
"貝(サザエ:海産)",NA
"薄手土器",NA
"人骨(右第1中足骨)",NA
"人骨(腓骨)",NA
"人骨(肋骨片)",NA
"人骨(左大腿骨)",NA
"イノシシ(橈骨)",NA
"イノシシ(肋骨)",NA
"イノシシ(右脛骨)",NA
"イノシシ(下顎M3)",NA
"イノシシ?(下顎骨)",NA
"イノシシ(四肢骨)",NA
"イノシシ(脛骨)",NA
"イノシシ(頭骨片)",NA
"イノシシ?(上顎骨)",NA
"イノシシ(上顎骨)",NA
"貝(シャコガイ)",NA
"イノシシ(大腿骨?)",NA
"貝(サザエ:貝殻蓋)",NA
"貝(イモガイ)",NA
"イノシシ(下顎骨)",NA
"人骨(下顎骨)",NA
"人骨(肩甲骨)",NA
"人骨(右側頭骨)",NA
"人骨(頭頂骨)",NA
"人骨(大腿骨?)",NA
"イノシシ(左脛骨)",NA
"イノシシ(中手/中足骨)",NA
"イノシシ(右橈骨)",NA
"イノシシ(右下顎骨+歯)",NA
"イノシシ(右頭頂骨)",NA
"イノシシ(右上腕骨)",NA
"イノシシ(左上顎M2)",NA
"イノシシ(右上顎骨+歯)",NA
"イノシシ(左下顎骨+歯)",NA
"イノシシ(左下顎C)",NA
"イノシシ(右上顎P2)",NA
"イノシシ(右上顎11)",NA
"イノシシ(左下顎P3,P4,M1)",NA
"ウシ(下顎骨+歯)",NA
"人骨(頭蓋冠)",NA
"人骨(右頭頂骨片)",NA
"人骨(右第2中足骨)",NA
"人骨(左大腿骨上部)",NA
"人骨(右腓骨骨体部片)",NA
"人骨(後頭骨)",NA
"炭化種子(タブノキ)",NA
"炭化種子片",NA
"種実果皮",NA
"炭化材(イチジク属)",NA
"炭化材(アカテツ属)",NA
"人骨(右第二中足骨)",NA
"果実(シイノキ属)",NA
"材片(バーキの材片)",NA
"炭化材(リュウキュウマツ)",NA
"動物骨(ブタ:肋骨)",NA
"骨(ブタ肋骨)",NA
"人骨(左肋骨)",NA
"人骨(指骨)",NA
"木片(イチジク属オオイタビ節)",NA
"炭化材(炭質物)",NA
"炭化材(マツ属複維管束亜属:節)",NA
"動物骨(ウマ:下顎骨)",NA
"動物骨(イノシシ:下顎骨R)",NA
"炭化種実(コムギ:炭化胚乳完形)",NA
"炭化材(ヒルギ科?)",NA
"炭化材(ヤシ科またはタコノキ科)",NA
"骨(イノシシ上腕骨)",NA
"骨(イノシシ臼歯)",NA
"人骨細片",NA
"貝(オオシラナミ)",NA
"骨(ヒト:乳児大腿骨 )",NA
"骨(ヒト:幼児肋骨)",NA
"骨(ヒト:成人上顎切歯)",NA
"炭化種実(イネ･コムギ･アワ･マメ科)",NA
"炭化種実(コムギ:胚乳)",NA
"炭化種実(オオムギ･コムギ)",NA
"炭化種実(イネ:胚乳)",NA
"化石マイクロアトール",NA
"生材(サガリバナ?)",NA
"炭化材?(樹皮?)",NA
"炭化核(エゴノキ)",NA
"サガリバナ生材",NA
"炭化材(広葉樹:樹皮)",NA
"種実(堅果?)生材",NA
"植物生材(樹皮)",NA
"サキシマスオウ生材",NA
"炭化材(ヒルギ科)",NA
"植物生材(散孔材)",NA
"植物生材",NA
"草本類生材",NA
"トウガタガイ科オオシイノミクチキレ(Milda ventricosa)",NA
"マルスダレガイ科ヌノメガイ(Periglypta puerpera)",NA
"フトコロガイ科フトコロガイ(Euplica versicolor)",NA
"腹足綱貝類の螺軸",NA
"オニノツノガイ科オオシマカニモリ(Clypeomorus subbrevicula)",NA
"ウニ(棘)",NA
"トウガタカワニナ科ヌノメカワニナ(Melanoides tuberculata Muller)",NA
"サキシマスオウ炭化材",NA
"炭化材(サガリバナ)",NA
"サガリバナ生根材",NA
"炭化材(落葉広葉樹か)",NA
"炭化材(柱かクリ?)",NA
"炭化材(枝状)",NA
"土器付着物・胴下部内",NA
"土器付着物・口縁内面",NA
"種実(ニワトコ属)",NA
"炭化種子(堅果類果皮)",NA
"種実(クルミ?)",NA
"種実(シイ)",NA
"種実(シイ?)",NA
"種実(アサ果実)",NA
"幹材(サワラ)",NA
"枝材(泥炭層中部)",NA
"根材",NA
"炭化材(針葉樹か?)",NA
"種実（クルミ殻皮）",NA
"炭化材（散孔材?）",NA
"炭化種実（クルミ殻皮）",NA
"種実（ドングリ?）",NA
"種実（ドングリ?殻皮）",NA
"貝(イタボガキ)",NA
"土器付着物・胴内面",NA
"土器付着物・胴下内面",NA
"炭化材（タケ）",NA
"炭化材（クヌギ属?樹幹）",NA
"炭化材（クヌギ属?枝）",NA
"土器付着物・胴内",NA
"土器付着物・底内",NA
"炭化材(火災住居垂木樹幹:コナラ?)",NA
"炭化種実（アズキ類 種子）",NA
"炭化種実(オニグルミ 核)",NA
"炭化種実(クリ? 子葉)",NA
"土器付着炭化物(雑穀?）",NA
"炭化種実（オオムギ炭化穎果）",NA
"炭化種実（イネ炭化穎果）",NA
"炭化材(木炭)",NA
"炭化材(エゴノキ)",NA
"炭化材(イネ科タケ亜種)",NA
"炭化種実(トチ:果皮)",NA
"炭化種実(シイ:果実)",NA
"種実(ドングリ:アラカシ)",NA
"土器付着煤? ドングリ?",NA
"貝殻（ヤマトシジミ）",NA
"木材（流木?）",NA
"板材（カヤ）",NA
"杭材（針葉樹）",NA
"炭化材(針葉樹か・樹幹)",NA
"堅果類植物遺体(コナラ属)",NA
"堅果類植物遺体(アラカシ近似種)",NA
"堅果類植物遺体(アカガシ亜属)",NA
"堅果類植物遺体(アカガシ-ツクバネガシ)",NA
"堅果類植物遺体(アカガシ)",NA
"種実(トチノキ:種子)",NA
"種実(クルミ:核)",NA
"種実(アカガシ亜属:果実)",NA
"種実(コナラ属:果実)",NA
"種実(オニグルミ:核)",NA
"種実(マツ科:球果)",NA
"種実(クリ:核)",NA
"種実(クリ:果実)",NA
"丸木弓(イヌガヤ)",NA
"編物タテ材(スギ)",NA
"編物ヨコ材(スギ)",NA
"編物タテ材(マタタビ属)",NA
"編物ヨコ材(スギ根材)",NA
"編物タテ材(アスナロ)",NA
"編物ヨコ材(アスナロ)",NA
"種実(ナラガシワ:果実)",NA
"種実(クヌギ:果実)",NA
